fecha,dia,hora,puesto,socio_id,nombre,tipo_reserva
2026-07-01,Miercoles,09:30,1,28,Pablo D. #28,socio
2026-07-01,Miercoles,09:30,2,42,Ivan G. #42,socio
2026-07-01,Miercoles,10:45,1,38,Ivan G. #38,socio
2026-07-01,Miercoles,10:45,2,45,Ivan R. #45,socio
2026-07-01,Miercoles,12:00,1,3,Hugo M. #3,socio
2026-07-01,Miercoles,16:00,1,8,Daniel G. #8,socio
2026-07-01,Miercoles,16:00,2,31,Paula M. #31,socio
2026-07-01,Miercoles,17:15,1,19,Pablo M. #19,socio
2026-07-01,Miercoles,17:15,2,20,Sofia D. #20,socio
2026-07-01,Miercoles,17:15,3,27,Lucia D. #27,socio
2026-07-01,Miercoles,17:15,4,30,Martina M. #30,socio
2026-07-01,Miercoles,17:15,5,34,Daniel S. #34,socio
2026-07-01,Miercoles,17:15,6,36,Adrian M. #36,socio
2026-07-01,Miercoles,17:15,7,46,Sergio A. #46,socio
2026-07-01,Miercoles,18:30,1,22,Irene G. #22,socio
2026-07-01,Miercoles,18:30,2,37,Irene M. #37,socio
2026-07-01,Miercoles,18:30,3,54,Sergio S. #54,socio
2026-07-01,Miercoles,19:45,1,16,Javier S. #16,socio
2026-07-01,Miercoles,21:00,1,15,Laura A. #15,socio
2026-07-01,Miercoles,21:00,2,17,Martina A. #17,socio
2026-07-01,Miercoles,21:00,3,32,Paula R. #32,socio
2026-07-01,Miercoles,21:00,4,61,Carla D. #61,prueba
2026-07-02,Jueves,09:30,1,2,Martina M. #2,socio
2026-07-02,Jueves,09:30,2,4,Adrian R. #4,socio
2026-07-02,Jueves,09:30,3,20,Sofia D. #20,socio
2026-07-02,Jueves,09:30,4,22,Irene G. #22,socio
2026-07-02,Jueves,09:30,5,34,Daniel S. #34,socio
2026-07-02,Jueves,09:30,6,42,Ivan G. #42,socio
2026-07-02,Jueves,10:45,1,10,Noelia P. #10,socio
2026-07-02,Jueves,10:45,2,23,Oscar D. #23,socio
2026-07-02,Jueves,10:45,3,45,Ivan R. #45,socio
2026-07-02,Jueves,16:00,1,17,Martina A. #17,socio
2026-07-02,Jueves,16:00,2,33,Daniel M. #33,socio
2026-07-02,Jueves,16:00,3,35,Alvaro P. #35,socio
2026-07-02,Jueves,16:00,4,52,Lucia M. #52,socio
2026-07-02,Jueves,17:15,1,14,Mario M. #14,socio
2026-07-02,Jueves,17:15,2,19,Pablo M. #19,socio
2026-07-02,Jueves,17:15,3,29,Sofia S. #29,socio
2026-07-02,Jueves,17:15,4,30,Martina M. #30,socio
2026-07-02,Jueves,17:15,5,36,Adrian M. #36,socio
2026-07-02,Jueves,18:30,1,6,Pablo S. #6,socio
2026-07-02,Jueves,18:30,2,7,Hugo A. #7,socio
2026-07-02,Jueves,18:30,3,12,Sergio L. #12,socio
2026-07-02,Jueves,18:30,4,37,Irene M. #37,socio
2026-07-02,Jueves,19:45,1,31,Paula M. #31,socio
2026-07-02,Jueves,19:45,2,49,Pablo G. #49,socio
2026-07-02,Jueves,19:45,3,56,Oscar S. #56,socio
2026-07-02,Jueves,19:45,4,63,Alba M. #63,prueba
2026-07-02,Jueves,21:00,1,5,Ruben R. #5,socio
2026-07-02,Jueves,21:00,2,15,Laura A. #15,socio
2026-07-02,Jueves,21:00,3,51,Elena G. #51,socio
2026-07-02,Jueves,21:00,4,62,Javier S. #62,prueba
2026-07-03,Viernes,09:30,1,5,Ruben R. #5,socio
2026-07-03,Viernes,09:30,2,21,Claudia M. #21,socio
2026-07-03,Viernes,09:30,3,23,Oscar D. #23,socio
2026-07-03,Viernes,09:30,4,34,Daniel S. #34,socio
2026-07-03,Viernes,09:30,5,37,Irene M. #37,socio
2026-07-03,Viernes,09:30,6,42,Ivan G. #42,socio
2026-07-03,Viernes,09:30,7,43,Sofia M. #43,socio
2026-07-03,Viernes,09:30,8,64,Sofia G. #64,prueba
2026-07-03,Viernes,10:45,1,45,Ivan R. #45,socio
2026-07-03,Viernes,12:00,1,3,Hugo M. #3,socio
2026-07-03,Viernes,12:00,2,55,Irene S. #55,socio
2026-07-03,Viernes,16:00,1,17,Martina A. #17,socio
2026-07-03,Viernes,16:00,2,48,Marcos D. #48,socio
2026-07-03,Viernes,16:00,3,52,Lucia M. #52,socio
2026-07-03,Viernes,16:00,4,59,Alba A. #59,socio
2026-07-03,Viernes,17:15,1,19,Pablo M. #19,socio
2026-07-03,Viernes,17:15,2,46,Sergio A. #46,socio
2026-07-03,Viernes,18:30,1,6,Pablo S. #6,socio
2026-07-03,Viernes,18:30,2,11,Pablo A. #11,socio
2026-07-03,Viernes,18:30,3,12,Sergio L. #12,socio
2026-07-03,Viernes,18:30,4,13,Noelia G. #13,socio
2026-07-03,Viernes,18:30,5,25,Hugo P. #25,socio
2026-07-03,Viernes,18:30,6,33,Daniel M. #33,socio
2026-07-03,Viernes,19:45,1,26,Javier R. #26,socio
2026-07-03,Viernes,19:45,2,27,Lucia D. #27,socio
2026-07-03,Viernes,19:45,3,31,Paula M. #31,socio
2026-07-03,Viernes,19:45,4,36,Adrian M. #36,socio
2026-07-03,Viernes,19:45,5,49,Pablo G. #49,socio
2026-07-03,Viernes,19:45,6,54,Sergio S. #54,socio
2026-07-03,Viernes,21:00,1,15,Laura A. #15,socio
2026-07-03,Viernes,21:00,2,60,Oscar G. #60,socio
2026-07-04,Sabado,09:30,1,2,Martina M. #2,socio
2026-07-04,Sabado,09:30,2,23,Oscar D. #23,socio
2026-07-04,Sabado,09:30,3,34,Daniel S. #34,socio
2026-07-04,Sabado,09:30,4,40,Marcos R. #40,socio
2026-07-04,Sabado,09:30,5,41,Carla D. #41,socio
2026-07-04,Sabado,10:45,1,9,Javier R. #9,socio
2026-07-04,Sabado,10:45,2,45,Ivan R. #45,socio
2026-07-04,Sabado,16:00,1,35,Alvaro P. #35,socio
2026-07-04,Sabado,17:15,1,14,Mario M. #14,socio
2026-07-04,Sabado,17:15,2,27,Lucia D. #27,socio
2026-07-04,Sabado,17:15,3,29,Sofia S. #29,socio
2026-07-04,Sabado,17:15,4,36,Adrian M. #36,socio
2026-07-04,Sabado,17:15,5,38,Ivan G. #38,socio
2026-07-04,Sabado,17:15,6,48,Marcos D. #48,socio
2026-07-04,Sabado,17:15,7,51,Elena G. #51,socio
2026-07-04,Sabado,17:15,8,58,Lucia P. #58,socio
2026-07-04,Sabado,17:15,9,65,Irene P. #65,prueba
2026-07-04,Sabado,18:30,1,6,Pablo S. #6,socio
2026-07-04,Sabado,18:30,2,13,Noelia G. #13,socio
2026-07-04,Sabado,18:30,3,21,Claudia M. #21,socio
2026-07-04,Sabado,18:30,4,54,Sergio S. #54,socio
2026-07-04,Sabado,19:45,1,49,Pablo G. #49,socio
2026-07-04,Sabado,21:00,1,15,Laura A. #15,socio
2026-07-04,Sabado,21:00,2,26,Javier R. #26,socio
2026-07-04,Sabado,21:00,3,32,Paula R. #32,socio
2026-07-06,Lunes,09:30,1,2,Martina M. #2,socio
2026-07-06,Lunes,09:30,2,5,Ruben R. #5,socio
2026-07-06,Lunes,09:30,3,33,Daniel M. #33,socio
2026-07-06,Lunes,09:30,4,43,Sofia M. #43,socio
2026-07-06,Lunes,09:30,5,48,Marcos D. #48,socio
2026-07-06,Lunes,09:30,6,54,Sergio S. #54,socio
2026-07-06,Lunes,09:30,7,56,Oscar S. #56,socio
2026-07-06,Lunes,10:45,1,41,Carla D. #41,socio
2026-07-06,Lunes,10:45,2,55,Irene S. #55,socio
2026-07-06,Lunes,12:00,1,3,Hugo M. #3,socio
2026-07-06,Lunes,17:15,1,10,Noelia P. #10,socio
2026-07-06,Lunes,17:15,2,14,Mario M. #14,socio
2026-07-06,Lunes,17:15,3,20,Sofia D. #20,socio
2026-07-06,Lunes,17:15,4,28,Pablo D. #28,socio
2026-07-06,Lunes,17:15,5,30,Martina M. #30,socio
2026-07-06,Lunes,17:15,6,66,Daniel M. #66,prueba
2026-07-06,Lunes,18:30,1,6,Pablo S. #6,socio
2026-07-06,Lunes,18:30,2,12,Sergio L. #12,socio
2026-07-06,Lunes,18:30,3,22,Irene G. #22,socio
2026-07-06,Lunes,18:30,4,37,Irene M. #37,socio
2026-07-06,Lunes,18:30,5,45,Ivan R. #45,socio
2026-07-06,Lunes,18:30,6,50,Alba M. #50,socio
2026-07-06,Lunes,19:45,1,16,Javier S. #16,socio
2026-07-06,Lunes,19:45,2,49,Pablo G. #49,socio
2026-07-06,Lunes,21:00,1,59,Alba A. #59,socio
2026-07-07,Martes,09:30,1,2,Martina M. #2,socio
2026-07-07,Martes,09:30,2,4,Adrian R. #4,socio
2026-07-07,Martes,09:30,3,5,Ruben R. #5,socio
2026-07-07,Martes,09:30,4,19,Pablo M. #19,socio
2026-07-07,Martes,09:30,5,28,Pablo D. #28,socio
2026-07-07,Martes,09:30,6,43,Sofia M. #43,socio
2026-07-07,Martes,09:30,7,44,Ivan G. #44,socio
2026-07-07,Martes,10:45,1,13,Noelia G. #13,socio
2026-07-07,Martes,10:45,2,45,Ivan R. #45,socio
2026-07-07,Martes,16:00,1,41,Carla D. #41,socio
2026-07-07,Martes,16:00,2,48,Marcos D. #48,socio
2026-07-07,Martes,16:00,3,52,Lucia M. #52,socio
2026-07-07,Martes,17:15,1,14,Mario M. #14,socio
2026-07-07,Martes,17:15,2,29,Sofia S. #29,socio
2026-07-07,Martes,17:15,3,30,Martina M. #30,socio
2026-07-07,Martes,17:15,4,36,Adrian M. #36,socio
2026-07-07,Martes,18:30,1,3,Hugo M. #3,socio
2026-07-07,Martes,18:30,2,6,Pablo S. #6,socio
2026-07-07,Martes,18:30,3,10,Noelia P. #10,socio
2026-07-07,Martes,18:30,4,12,Sergio L. #12,socio
2026-07-07,Martes,18:30,5,22,Irene G. #22,socio
2026-07-07,Martes,18:30,6,37,Irene M. #37,socio
2026-07-07,Martes,18:30,7,53,Alba P. #53,socio
2026-07-07,Martes,18:30,8,54,Sergio S. #54,socio
2026-07-07,Martes,19:45,1,16,Javier S. #16,socio
2026-07-07,Martes,19:45,2,31,Paula M. #31,socio
2026-07-07,Martes,19:45,3,49,Pablo G. #49,socio
2026-07-07,Martes,19:45,4,56,Oscar S. #56,socio
2026-07-07,Martes,21:00,1,26,Javier R. #26,socio
2026-07-07,Martes,21:00,2,32,Paula R. #32,socio
2026-07-07,Martes,21:00,3,47,Pablo D. #47,socio
2026-07-07,Martes,21:00,4,59,Alba A. #59,socio
2026-07-08,Miercoles,09:30,1,4,Adrian R. #4,socio
2026-07-08,Miercoles,09:30,2,33,Daniel M. #33,socio
2026-07-08,Miercoles,09:30,3,34,Daniel S. #34,socio
2026-07-08,Miercoles,09:30,4,40,Marcos R. #40,socio
2026-07-08,Miercoles,09:30,5,44,Ivan G. #44,socio
2026-07-08,Miercoles,10:45,1,5,Ruben R. #5,socio
2026-07-08,Miercoles,10:45,2,45,Ivan R. #45,socio
2026-07-08,Miercoles,10:45,3,51,Elena G. #51,socio
2026-07-08,Miercoles,16:00,1,17,Martina A. #17,socio
2026-07-08,Miercoles,16:00,2,30,Martina M. #30,socio
2026-07-08,Miercoles,17:15,1,1,Irene M. #1,socio
2026-07-08,Miercoles,17:15,2,14,Mario M. #14,socio
2026-07-08,Miercoles,17:15,3,20,Sofia D. #20,socio
2026-07-08,Miercoles,17:15,4,36,Adrian M. #36,socio
2026-07-08,Miercoles,17:15,5,37,Irene M. #37,socio
2026-07-08,Miercoles,17:15,6,49,Pablo G. #49,socio
2026-07-08,Miercoles,17:15,7,57,Carla M. #57,socio
2026-07-08,Miercoles,17:15,8,58,Lucia P. #58,socio
2026-07-08,Miercoles,18:30,1,11,Pablo A. #11,socio
2026-07-08,Miercoles,18:30,2,21,Claudia M. #21,socio
2026-07-08,Miercoles,18:30,3,24,Paula D. #24,socio
2026-07-08,Miercoles,18:30,4,38,Ivan G. #38,socio
2026-07-08,Miercoles,18:30,5,53,Alba P. #53,socio
2026-07-08,Miercoles,18:30,6,54,Sergio S. #54,socio
2026-07-08,Miercoles,18:30,7,55,Irene S. #55,socio
2026-07-08,Miercoles,18:30,8,60,Oscar G. #60,socio
2026-07-08,Miercoles,19:45,1,16,Javier S. #16,socio
2026-07-08,Miercoles,19:45,2,18,Irene D. #18,socio
2026-07-08,Miercoles,19:45,3,31,Paula M. #31,socio
2026-07-08,Miercoles,21:00,1,2,Martina M. #2,socio
2026-07-08,Miercoles,21:00,2,50,Alba M. #50,socio
2026-07-08,Miercoles,21:00,3,59,Alba A. #59,socio
2026-07-09,Jueves,09:30,1,4,Adrian R. #4,socio
2026-07-09,Jueves,09:30,2,5,Ruben R. #5,socio
2026-07-09,Jueves,09:30,3,23,Oscar D. #23,socio
2026-07-09,Jueves,09:30,4,29,Sofia S. #29,socio
2026-07-09,Jueves,09:30,5,33,Daniel M. #33,socio
2026-07-09,Jueves,10:45,1,39,Nerea R. #39,socio
2026-07-09,Jueves,10:45,2,45,Ivan R. #45,socio
2026-07-09,Jueves,10:45,3,51,Elena G. #51,socio
2026-07-09,Jueves,17:15,1,20,Sofia D. #20,socio
2026-07-09,Jueves,17:15,2,21,Claudia M. #21,socio
2026-07-09,Jueves,17:15,3,38,Ivan G. #38,socio
2026-07-09,Jueves,18:30,1,6,Pablo S. #6,socio
2026-07-09,Jueves,18:30,2,8,Daniel G. #8,socio
2026-07-09,Jueves,18:30,3,13,Noelia G. #13,socio
2026-07-09,Jueves,18:30,4,24,Paula D. #24,socio
2026-07-09,Jueves,18:30,5,25,Hugo P. #25,socio
2026-07-09,Jueves,18:30,6,36,Adrian M. #36,socio
2026-07-09,Jueves,18:30,7,37,Irene M. #37,socio
2026-07-09,Jueves,18:30,8,50,Alba M. #50,socio
2026-07-09,Jueves,18:30,9,53,Alba P. #53,socio
2026-07-09,Jueves,19:45,1,11,Pablo A. #11,socio
2026-07-09,Jueves,19:45,2,16,Javier S. #16,socio
2026-07-09,Jueves,19:45,3,22,Irene G. #22,socio
2026-07-09,Jueves,19:45,4,31,Paula M. #31,socio
2026-07-09,Jueves,19:45,5,41,Carla D. #41,socio
2026-07-09,Jueves,19:45,6,42,Ivan G. #42,socio
2026-07-09,Jueves,21:00,1,15,Laura A. #15,socio
2026-07-10,Viernes,09:30,1,2,Martina M. #2,socio
2026-07-10,Viernes,09:30,2,4,Adrian R. #4,socio
2026-07-10,Viernes,09:30,3,5,Ruben R. #5,socio
2026-07-10,Viernes,09:30,4,31,Paula M. #31,socio
2026-07-10,Viernes,09:30,5,42,Ivan G. #42,socio
2026-07-10,Viernes,10:45,1,51,Elena G. #51,socio
2026-07-10,Viernes,12:00,1,43,Sofia M. #43,socio
2026-07-10,Viernes,16:00,1,18,Irene D. #18,socio
2026-07-10,Viernes,16:00,2,20,Sofia D. #20,socio
2026-07-10,Viernes,16:00,3,38,Ivan G. #38,socio
2026-07-10,Viernes,16:00,4,48,Marcos D. #48,socio
2026-07-10,Viernes,17:15,1,1,Irene M. #1,socio
2026-07-10,Viernes,17:15,2,14,Mario M. #14,socio
2026-07-10,Viernes,17:15,3,27,Lucia D. #27,socio
2026-07-10,Viernes,17:15,4,41,Carla D. #41,socio
2026-07-10,Viernes,17:15,5,57,Carla M. #57,socio
2026-07-10,Viernes,18:30,1,8,Daniel G. #8,socio
2026-07-10,Viernes,18:30,2,22,Irene G. #22,socio
2026-07-10,Viernes,18:30,3,24,Paula D. #24,socio
2026-07-10,Viernes,18:30,4,34,Daniel S. #34,socio
2026-07-10,Viernes,18:30,5,37,Irene M. #37,socio
2026-07-10,Viernes,18:30,6,53,Alba P. #53,socio
2026-07-10,Viernes,18:30,7,54,Sergio S. #54,socio
2026-07-10,Viernes,18:30,8,55,Irene S. #55,socio
2026-07-10,Viernes,18:30,9,67,Laura L. #67,prueba
2026-07-10,Viernes,19:45,1,49,Pablo G. #49,socio
2026-07-10,Viernes,19:45,2,56,Oscar S. #56,socio
2026-07-10,Viernes,21:00,1,11,Pablo A. #11,socio
2026-07-10,Viernes,21:00,2,17,Martina A. #17,socio
2026-07-10,Viernes,21:00,3,26,Javier R. #26,socio
2026-07-10,Viernes,21:00,4,59,Alba A. #59,socio
2026-07-10,Viernes,21:00,5,60,Oscar G. #60,socio
2026-07-11,Sabado,09:30,1,4,Adrian R. #4,socio
2026-07-11,Sabado,09:30,2,5,Ruben R. #5,socio
2026-07-11,Sabado,09:30,3,10,Noelia P. #10,socio
2026-07-11,Sabado,09:30,4,23,Oscar D. #23,socio
2026-07-11,Sabado,09:30,5,28,Pablo D. #28,socio
2026-07-11,Sabado,09:30,6,40,Marcos R. #40,socio
2026-07-11,Sabado,10:45,1,41,Carla D. #41,socio
2026-07-11,Sabado,10:45,2,58,Lucia P. #58,socio
2026-07-11,Sabado,16:00,1,17,Martina A. #17,socio
2026-07-11,Sabado,16:00,2,45,Ivan R. #45,socio
2026-07-11,Sabado,17:15,1,29,Sofia S. #29,socio
2026-07-11,Sabado,17:15,2,30,Martina M. #30,socio
2026-07-11,Sabado,17:15,3,36,Adrian M. #36,socio
2026-07-11,Sabado,17:15,4,38,Ivan G. #38,socio
2026-07-11,Sabado,17:15,5,65,Irene P. #65,socio
2026-07-11,Sabado,18:30,1,6,Pablo S. #6,socio
2026-07-11,Sabado,18:30,2,13,Noelia G. #13,socio
2026-07-11,Sabado,18:30,3,22,Irene G. #22,socio
2026-07-11,Sabado,18:30,4,37,Irene M. #37,socio
2026-07-11,Sabado,18:30,5,46,Sergio A. #46,socio
2026-07-11,Sabado,18:30,6,54,Sergio S. #54,socio
2026-07-11,Sabado,19:45,1,27,Lucia D. #27,socio
2026-07-11,Sabado,19:45,2,31,Paula M. #31,socio
2026-07-11,Sabado,19:45,3,56,Oscar S. #56,socio
2026-07-11,Sabado,21:00,1,15,Laura A. #15,socio
2026-07-11,Sabado,21:00,2,59,Alba A. #59,socio
2026-07-13,Lunes,09:30,1,2,Martina M. #2,socio
2026-07-13,Lunes,09:30,2,23,Oscar D. #23,socio
2026-07-13,Lunes,09:30,3,33,Daniel M. #33,socio
2026-07-13,Lunes,09:30,4,40,Marcos R. #40,socio
2026-07-13,Lunes,09:30,5,44,Ivan G. #44,socio
2026-07-13,Lunes,17:15,1,1,Irene M. #1,socio
2026-07-13,Lunes,17:15,2,14,Mario M. #14,socio
2026-07-13,Lunes,17:15,3,29,Sofia S. #29,socio
2026-07-13,Lunes,17:15,4,30,Martina M. #30,socio
2026-07-13,Lunes,17:15,5,65,Irene P. #65,socio
2026-07-13,Lunes,17:15,6,68,Paula P. #68,prueba
2026-07-13,Lunes,18:30,1,4,Adrian R. #4,socio
2026-07-13,Lunes,18:30,2,8,Daniel G. #8,socio
2026-07-13,Lunes,18:30,3,11,Pablo A. #11,socio
2026-07-13,Lunes,18:30,4,13,Noelia G. #13,socio
2026-07-13,Lunes,18:30,5,21,Claudia M. #21,socio
2026-07-13,Lunes,18:30,6,24,Paula D. #24,socio
2026-07-13,Lunes,18:30,7,25,Hugo P. #25,socio
2026-07-13,Lunes,18:30,8,36,Adrian M. #36,socio
2026-07-13,Lunes,18:30,9,37,Irene M. #37,socio
2026-07-13,Lunes,18:30,10,43,Sofia M. #43,socio
2026-07-13,Lunes,18:30,11,51,Elena G. #51,socio
2026-07-13,Lunes,18:30,12,53,Alba P. #53,socio
2026-07-13,Lunes,19:45,1,3,Hugo M. #3,socio
2026-07-13,Lunes,19:45,2,5,Ruben R. #5,socio
2026-07-13,Lunes,19:45,3,49,Pablo G. #49,socio
2026-07-13,Lunes,19:45,4,56,Oscar S. #56,socio
2026-07-13,Lunes,21:00,1,9,Javier R. #9,socio
2026-07-13,Lunes,21:00,2,15,Laura A. #15,socio
2026-07-13,Lunes,21:00,3,17,Martina A. #17,socio
2026-07-13,Lunes,21:00,4,32,Paula R. #32,socio
2026-07-13,Lunes,21:00,5,45,Ivan R. #45,socio
2026-07-13,Lunes,21:00,6,47,Pablo D. #47,socio
2026-07-13,Lunes,21:00,7,59,Alba A. #59,socio
2026-07-13,Lunes,21:00,8,60,Oscar G. #60,socio
2026-07-14,Martes,09:30,1,33,Daniel M. #33,socio
2026-07-14,Martes,09:30,2,42,Ivan G. #42,socio
2026-07-14,Martes,09:30,3,44,Ivan G. #44,socio
2026-07-14,Martes,10:45,1,9,Javier R. #9,socio
2026-07-14,Martes,10:45,2,41,Carla D. #41,socio
2026-07-14,Martes,10:45,3,70,Claudia L. #70,prueba
2026-07-14,Martes,12:00,1,5,Ruben R. #5,socio
2026-07-14,Martes,16:00,1,12,Sergio L. #12,socio
2026-07-14,Martes,16:00,2,17,Martina A. #17,socio
2026-07-14,Martes,16:00,3,18,Irene D. #18,socio
2026-07-14,Martes,16:00,4,52,Lucia M. #52,socio
2026-07-14,Martes,17:15,1,14,Mario M. #14,socio
2026-07-14,Martes,17:15,2,20,Sofia D. #20,socio
2026-07-14,Martes,17:15,3,29,Sofia S. #29,socio
2026-07-14,Martes,17:15,4,30,Martina M. #30,socio
2026-07-14,Martes,17:15,5,35,Alvaro P. #35,socio
2026-07-14,Martes,17:15,6,38,Ivan G. #38,socio
2026-07-14,Martes,17:15,7,48,Marcos D. #48,socio
2026-07-14,Martes,17:15,8,57,Carla M. #57,socio
2026-07-14,Martes,17:15,9,58,Lucia P. #58,socio
2026-07-14,Martes,17:15,10,66,Daniel M. #66,socio
2026-07-14,Martes,18:30,1,8,Daniel G. #8,socio
2026-07-14,Martes,18:30,2,10,Noelia P. #10,socio
2026-07-14,Martes,18:30,3,11,Pablo A. #11,socio
2026-07-14,Martes,18:30,4,27,Lucia D. #27,socio
2026-07-14,Martes,18:30,5,36,Adrian M. #36,socio
2026-07-14,Martes,19:45,1,31,Paula M. #31,socio
2026-07-14,Martes,19:45,2,49,Pablo G. #49,socio
2026-07-14,Martes,21:00,1,37,Irene M. #37,socio
2026-07-14,Martes,21:00,2,47,Pablo D. #47,socio
2026-07-14,Martes,21:00,3,69,Elena S. #69,prueba
2026-07-15,Miercoles,09:30,1,23,Oscar D. #23,socio
2026-07-15,Miercoles,09:30,2,42,Ivan G. #42,socio
2026-07-15,Miercoles,09:30,3,43,Sofia M. #43,socio
2026-07-15,Miercoles,09:30,4,44,Ivan G. #44,socio
2026-07-15,Miercoles,09:30,5,60,Oscar G. #60,socio
2026-07-15,Miercoles,10:45,1,45,Ivan R. #45,socio
2026-07-15,Miercoles,16:00,1,2,Martina M. #2,socio
2026-07-15,Miercoles,16:00,2,71,Claudia M. #71,prueba
2026-07-15,Miercoles,17:15,1,8,Daniel G. #8,socio
2026-07-15,Miercoles,17:15,2,14,Mario M. #14,socio
2026-07-15,Miercoles,17:15,3,27,Lucia D. #27,socio
2026-07-15,Miercoles,17:15,4,29,Sofia S. #29,socio
2026-07-15,Miercoles,17:15,5,38,Ivan G. #38,socio
2026-07-15,Miercoles,17:15,6,49,Pablo G. #49,socio
2026-07-15,Miercoles,17:15,7,51,Elena G. #51,socio
2026-07-15,Miercoles,18:30,1,6,Pablo S. #6,socio
2026-07-15,Miercoles,18:30,2,10,Noelia P. #10,socio
2026-07-15,Miercoles,18:30,3,11,Pablo A. #11,socio
2026-07-15,Miercoles,18:30,4,12,Sergio L. #12,socio
2026-07-15,Miercoles,18:30,5,22,Irene G. #22,socio
2026-07-15,Miercoles,18:30,6,32,Paula R. #32,socio
2026-07-15,Miercoles,18:30,7,41,Carla D. #41,socio
2026-07-15,Miercoles,18:30,8,54,Sergio S. #54,socio
2026-07-15,Miercoles,18:30,9,59,Alba A. #59,socio
2026-07-15,Miercoles,19:45,1,19,Pablo M. #19,socio
2026-07-15,Miercoles,19:45,2,56,Oscar S. #56,socio
2026-07-15,Miercoles,21:00,1,15,Laura A. #15,socio
2026-07-15,Miercoles,21:00,2,20,Sofia D. #20,socio
2026-07-15,Miercoles,21:00,3,26,Javier R. #26,socio
2026-07-16,Jueves,09:30,1,2,Martina M. #2,socio
2026-07-16,Jueves,09:30,2,10,Noelia P. #10,socio
2026-07-16,Jueves,09:30,3,34,Daniel S. #34,socio
2026-07-16,Jueves,09:30,4,40,Marcos R. #40,socio
2026-07-16,Jueves,10:45,1,31,Paula M. #31,socio
2026-07-16,Jueves,10:45,2,45,Ivan R. #45,socio
2026-07-16,Jueves,12:00,1,3,Hugo M. #3,socio
2026-07-16,Jueves,16:00,1,18,Irene D. #18,socio
2026-07-16,Jueves,16:00,2,35,Alvaro P. #35,socio
2026-07-16,Jueves,16:00,3,52,Lucia M. #52,socio
2026-07-16,Jueves,16:00,4,62,Javier S. #62,socio
2026-07-16,Jueves,17:15,1,14,Mario M. #14,socio
2026-07-16,Jueves,17:15,2,16,Javier S. #16,socio
2026-07-16,Jueves,17:15,3,27,Lucia D. #27,socio
2026-07-16,Jueves,17:15,4,29,Sofia S. #29,socio
2026-07-16,Jueves,17:15,5,36,Adrian M. #36,socio
2026-07-16,Jueves,17:15,6,38,Ivan G. #38,socio
2026-07-16,Jueves,18:30,1,6,Pablo S. #6,socio
2026-07-16,Jueves,18:30,2,8,Daniel G. #8,socio
2026-07-16,Jueves,18:30,3,21,Claudia M. #21,socio
2026-07-16,Jueves,18:30,4,24,Paula D. #24,socio
2026-07-16,Jueves,18:30,5,44,Ivan G. #44,socio
2026-07-16,Jueves,18:30,6,54,Sergio S. #54,socio
2026-07-16,Jueves,19:45,1,5,Ruben R. #5,socio
2026-07-16,Jueves,19:45,2,37,Irene M. #37,socio
2026-07-16,Jueves,19:45,3,49,Pablo G. #49,socio
2026-07-16,Jueves,21:00,1,15,Laura A. #15,socio
2026-07-16,Jueves,21:00,2,32,Paula R. #32,socio
2026-07-16,Jueves,21:00,3,72,Hugo G. #72,prueba
2026-07-17,Viernes,09:30,1,5,Ruben R. #5,socio
2026-07-17,Viernes,09:30,2,11,Pablo A. #11,socio
2026-07-17,Viernes,09:30,3,28,Pablo D. #28,socio
2026-07-17,Viernes,09:30,4,34,Daniel S. #34,socio
2026-07-17,Viernes,10:45,1,41,Carla D. #41,socio
2026-07-17,Viernes,10:45,2,45,Ivan R. #45,socio
2026-07-17,Viernes,10:45,3,51,Elena G. #51,socio
2026-07-17,Viernes,12:00,1,29,Sofia S. #29,socio
2026-07-17,Viernes,16:00,1,17,Martina A. #17,socio
2026-07-17,Viernes,16:00,2,58,Lucia P. #58,socio
2026-07-17,Viernes,17:15,1,13,Noelia G. #13,socio
2026-07-17,Viernes,17:15,2,30,Martina M. #30,socio
2026-07-17,Viernes,17:15,3,38,Ivan G. #38,socio
2026-07-17,Viernes,17:15,4,57,Carla M. #57,socio
2026-07-17,Viernes,17:15,5,62,Javier S. #62,socio
2026-07-17,Viernes,18:30,1,24,Paula D. #24,socio
2026-07-17,Viernes,18:30,2,50,Alba M. #50,socio
2026-07-17,Viernes,18:30,3,53,Alba P. #53,socio
2026-07-17,Viernes,18:30,4,54,Sergio S. #54,socio
2026-07-17,Viernes,18:30,5,74,Lucia L. #74,prueba
2026-07-17,Viernes,19:45,1,9,Javier R. #9,socio
2026-07-17,Viernes,19:45,2,31,Paula M. #31,socio
2026-07-17,Viernes,19:45,3,32,Paula R. #32,socio
2026-07-17,Viernes,19:45,4,37,Irene M. #37,socio
2026-07-17,Viernes,19:45,5,56,Oscar S. #56,socio
2026-07-17,Viernes,19:45,6,60,Oscar G. #60,socio
2026-07-17,Viernes,19:45,7,73,Sofia G. #73,prueba
2026-07-17,Viernes,21:00,1,15,Laura A. #15,socio
2026-07-18,Sabado,09:30,1,2,Martina M. #2,socio
2026-07-18,Sabado,09:30,2,4,Adrian R. #4,socio
2026-07-18,Sabado,09:30,3,5,Ruben R. #5,socio
2026-07-18,Sabado,09:30,4,33,Daniel M. #33,socio
2026-07-18,Sabado,09:30,5,34,Daniel S. #34,socio
2026-07-18,Sabado,09:30,6,47,Pablo D. #47,socio
2026-07-18,Sabado,10:45,1,9,Javier R. #9,socio
2026-07-18,Sabado,12:00,1,28,Pablo D. #28,socio
2026-07-18,Sabado,16:00,1,3,Hugo M. #3,socio
2026-07-18,Sabado,16:00,2,6,Pablo S. #6,socio
2026-07-18,Sabado,16:00,3,75,Alvaro P. #75,prueba
2026-07-18,Sabado,17:15,1,19,Pablo M. #19,socio
2026-07-18,Sabado,17:15,2,20,Sofia D. #20,socio
2026-07-18,Sabado,17:15,3,27,Lucia D. #27,socio
2026-07-18,Sabado,17:15,4,36,Adrian M. #36,socio
2026-07-18,Sabado,17:15,5,38,Ivan G. #38,socio
2026-07-18,Sabado,17:15,6,57,Carla M. #57,socio
2026-07-18,Sabado,17:15,7,58,Lucia P. #58,socio
2026-07-18,Sabado,17:15,8,65,Irene P. #65,socio
2026-07-18,Sabado,17:15,9,66,Daniel M. #66,socio
2026-07-18,Sabado,18:30,1,22,Irene G. #22,socio
2026-07-18,Sabado,18:30,2,25,Hugo P. #25,socio
2026-07-18,Sabado,18:30,3,37,Irene M. #37,socio
2026-07-18,Sabado,18:30,4,54,Sergio S. #54,socio
2026-07-18,Sabado,19:45,1,49,Pablo G. #49,socio
2026-07-18,Sabado,19:45,2,56,Oscar S. #56,socio
2026-07-18,Sabado,21:00,1,26,Javier R. #26,socio
2026-07-18,Sabado,21:00,2,32,Paula R. #32,socio
2026-07-18,Sabado,21:00,3,59,Alba A. #59,socio
2026-07-20,Lunes,09:30,1,2,Martina M. #2,socio
2026-07-20,Lunes,09:30,2,34,Daniel S. #34,socio
2026-07-20,Lunes,09:30,3,40,Marcos R. #40,socio
2026-07-20,Lunes,09:30,4,42,Ivan G. #42,socio
2026-07-20,Lunes,09:30,5,43,Sofia M. #43,socio
2026-07-20,Lunes,10:45,1,45,Ivan R. #45,socio
2026-07-20,Lunes,10:45,2,51,Elena G. #51,socio
2026-07-20,Lunes,16:00,1,17,Martina A. #17,socio
2026-07-20,Lunes,16:00,2,35,Alvaro P. #35,socio
2026-07-20,Lunes,17:15,1,20,Sofia D. #20,socio
2026-07-20,Lunes,17:15,2,38,Ivan G. #38,socio
2026-07-20,Lunes,17:15,3,57,Carla M. #57,socio
2026-07-20,Lunes,17:15,4,65,Irene P. #65,socio
2026-07-20,Lunes,17:15,5,66,Daniel M. #66,socio
2026-07-20,Lunes,18:30,1,11,Pablo A. #11,socio
2026-07-20,Lunes,18:30,2,12,Sergio L. #12,socio
2026-07-20,Lunes,18:30,3,13,Noelia G. #13,socio
2026-07-20,Lunes,18:30,4,21,Claudia M. #21,socio
2026-07-20,Lunes,18:30,5,22,Irene G. #22,socio
2026-07-20,Lunes,18:30,6,25,Hugo P. #25,socio
2026-07-20,Lunes,18:30,7,37,Irene M. #37,socio
2026-07-20,Lunes,19:45,1,16,Javier S. #16,socio
2026-07-20,Lunes,19:45,2,31,Paula M. #31,socio
2026-07-20,Lunes,21:00,1,9,Javier R. #9,socio
2026-07-20,Lunes,21:00,2,19,Pablo M. #19,socio
2026-07-20,Lunes,21:00,3,36,Adrian M. #36,socio
2026-07-20,Lunes,21:00,4,52,Lucia M. #52,socio
2026-07-20,Lunes,21:00,5,59,Alba A. #59,socio
2026-07-20,Lunes,21:00,6,62,Javier S. #62,socio
2026-07-21,Martes,09:30,1,4,Adrian R. #4,socio
2026-07-21,Martes,09:30,2,5,Ruben R. #5,socio
2026-07-21,Martes,09:30,3,17,Martina A. #17,socio
2026-07-21,Martes,09:30,4,22,Irene G. #22,socio
2026-07-21,Martes,09:30,5,42,Ivan G. #42,socio
2026-07-21,Martes,10:45,1,51,Elena G. #51,socio
2026-07-21,Martes,12:00,1,76,Martina M. #76,prueba
2026-07-21,Martes,16:00,1,52,Lucia M. #52,socio
2026-07-21,Martes,17:15,1,14,Mario M. #14,socio
2026-07-21,Martes,17:15,2,30,Martina M. #30,socio
2026-07-21,Martes,17:15,3,36,Adrian M. #36,socio
2026-07-21,Martes,17:15,4,38,Ivan G. #38,socio
2026-07-21,Martes,17:15,5,39,Nerea R. #39,socio
2026-07-21,Martes,17:15,6,58,Lucia P. #58,socio
2026-07-21,Martes,18:30,1,2,Martina M. #2,socio
2026-07-21,Martes,18:30,2,6,Pablo S. #6,socio
2026-07-21,Martes,18:30,3,10,Noelia P. #10,socio
2026-07-21,Martes,18:30,4,37,Irene M. #37,socio
2026-07-21,Martes,18:30,5,45,Ivan R. #45,socio
2026-07-21,Martes,18:30,6,50,Alba M. #50,socio
2026-07-21,Martes,18:30,7,53,Alba P. #53,socio
2026-07-21,Martes,18:30,8,54,Sergio S. #54,socio
2026-07-21,Martes,19:45,1,1,Irene M. #1,socio
2026-07-21,Martes,19:45,2,31,Paula M. #31,socio
2026-07-21,Martes,21:00,1,32,Paula R. #32,socio
2026-07-21,Martes,21:00,2,60,Oscar G. #60,socio
2026-07-22,Miercoles,09:30,1,2,Martina M. #2,socio
2026-07-22,Miercoles,09:30,2,5,Ruben R. #5,socio
2026-07-22,Miercoles,09:30,3,34,Daniel S. #34,socio
2026-07-22,Miercoles,09:30,4,42,Ivan G. #42,socio
2026-07-22,Miercoles,09:30,5,43,Sofia M. #43,socio
2026-07-22,Miercoles,09:30,6,44,Ivan G. #44,socio
2026-07-22,Miercoles,09:30,7,78,Martina M. #78,prueba
2026-07-22,Miercoles,10:45,1,17,Martina A. #17,socio
2026-07-22,Miercoles,10:45,2,51,Elena G. #51,socio
2026-07-22,Miercoles,12:00,1,3,Hugo M. #3,socio
2026-07-22,Miercoles,16:00,1,52,Lucia M. #52,socio
2026-07-22,Miercoles,17:15,1,14,Mario M. #14,socio
2026-07-22,Miercoles,17:15,2,18,Irene D. #18,socio
2026-07-22,Miercoles,17:15,3,19,Pablo M. #19,socio
2026-07-22,Miercoles,17:15,4,36,Adrian M. #36,socio
2026-07-22,Miercoles,17:15,5,38,Ivan G. #38,socio
2026-07-22,Miercoles,17:15,6,58,Lucia P. #58,socio
2026-07-22,Miercoles,17:15,7,77,Sergio G. #77,prueba
2026-07-22,Miercoles,18:30,1,6,Pablo S. #6,socio
2026-07-22,Miercoles,18:30,2,7,Hugo A. #7,socio
2026-07-22,Miercoles,18:30,3,11,Pablo A. #11,socio
2026-07-22,Miercoles,18:30,4,22,Irene G. #22,socio
2026-07-22,Miercoles,18:30,5,25,Hugo P. #25,socio
2026-07-22,Miercoles,18:30,6,32,Paula R. #32,socio
2026-07-22,Miercoles,18:30,7,50,Alba M. #50,socio
2026-07-22,Miercoles,19:45,1,27,Lucia D. #27,socio
2026-07-22,Miercoles,19:45,2,47,Pablo D. #47,socio
2026-07-22,Miercoles,19:45,3,49,Pablo G. #49,socio
2026-07-22,Miercoles,19:45,4,56,Oscar S. #56,socio
2026-07-22,Miercoles,19:45,5,60,Oscar G. #60,socio
2026-07-22,Miercoles,21:00,1,15,Laura A. #15,socio
2026-07-22,Miercoles,21:00,2,26,Javier R. #26,socio
2026-07-23,Jueves,09:30,1,2,Martina M. #2,socio
2026-07-23,Jueves,09:30,2,28,Pablo D. #28,socio
2026-07-23,Jueves,09:30,3,43,Sofia M. #43,socio
2026-07-23,Jueves,09:30,4,44,Ivan G. #44,socio
2026-07-23,Jueves,10:45,1,41,Carla D. #41,socio
2026-07-23,Jueves,10:45,2,51,Elena G. #51,socio
2026-07-23,Jueves,16:00,1,35,Alvaro P. #35,socio
2026-07-23,Jueves,16:00,2,48,Marcos D. #48,socio
2026-07-23,Jueves,16:00,3,52,Lucia M. #52,socio
2026-07-23,Jueves,16:00,4,71,Claudia M. #71,socio
2026-07-23,Jueves,17:15,1,30,Martina M. #30,socio
2026-07-23,Jueves,17:15,2,36,Adrian M. #36,socio
2026-07-23,Jueves,18:30,1,6,Pablo S. #6,socio
2026-07-23,Jueves,18:30,2,12,Sergio L. #12,socio
2026-07-23,Jueves,18:30,3,17,Martina A. #17,socio
2026-07-23,Jueves,18:30,4,21,Claudia M. #21,socio
2026-07-23,Jueves,18:30,5,22,Irene G. #22,socio
2026-07-23,Jueves,18:30,6,24,Paula D. #24,socio
2026-07-23,Jueves,18:30,7,27,Lucia D. #27,socio
2026-07-23,Jueves,18:30,8,37,Irene M. #37,socio
2026-07-23,Jueves,18:30,9,50,Alba M. #50,socio
2026-07-23,Jueves,18:30,10,54,Sergio S. #54,socio
2026-07-23,Jueves,18:30,11,57,Carla M. #57,socio
2026-07-23,Jueves,18:30,12,80,Adrian P. #80,prueba
2026-07-23,Jueves,19:45,1,31,Paula M. #31,socio
2026-07-23,Jueves,19:45,2,66,Daniel M. #66,socio
2026-07-23,Jueves,21:00,1,59,Alba A. #59,socio
2026-07-23,Jueves,21:00,2,60,Oscar G. #60,socio
2026-07-23,Jueves,21:00,3,79,Martina S. #79,prueba
2026-07-24,Viernes,09:30,1,34,Daniel S. #34,socio
2026-07-24,Viernes,09:30,2,40,Marcos R. #40,socio
2026-07-24,Viernes,09:30,3,43,Sofia M. #43,socio
2026-07-24,Viernes,09:30,4,44,Ivan G. #44,socio
2026-07-24,Viernes,10:45,1,41,Carla D. #41,socio
2026-07-24,Viernes,10:45,2,45,Ivan R. #45,socio
2026-07-24,Viernes,12:00,1,3,Hugo M. #3,socio
2026-07-24,Viernes,12:00,2,26,Javier R. #26,socio
2026-07-24,Viernes,16:00,1,5,Ruben R. #5,socio
2026-07-24,Viernes,16:00,2,17,Martina A. #17,socio
2026-07-24,Viernes,16:00,3,48,Marcos D. #48,socio
2026-07-24,Viernes,16:00,4,62,Javier S. #62,socio
2026-07-24,Viernes,17:15,1,14,Mario M. #14,socio
2026-07-24,Viernes,17:15,2,19,Pablo M. #19,socio
2026-07-24,Viernes,17:15,3,29,Sofia S. #29,socio
2026-07-24,Viernes,17:15,4,30,Martina M. #30,socio
2026-07-24,Viernes,17:15,5,36,Adrian M. #36,socio
2026-07-24,Viernes,17:15,6,38,Ivan G. #38,socio
2026-07-24,Viernes,17:15,7,46,Sergio A. #46,socio
2026-07-24,Viernes,17:15,8,66,Daniel M. #66,socio
2026-07-24,Viernes,17:15,9,81,Claudia P. #81,prueba
2026-07-24,Viernes,18:30,1,6,Pablo S. #6,socio
2026-07-24,Viernes,18:30,2,10,Noelia P. #10,socio
2026-07-24,Viernes,18:30,3,21,Claudia M. #21,socio
2026-07-24,Viernes,18:30,4,24,Paula D. #24,socio
2026-07-24,Viernes,18:30,5,31,Paula M. #31,socio
2026-07-24,Viernes,18:30,6,54,Sergio S. #54,socio
2026-07-24,Viernes,18:30,7,55,Irene S. #55,socio
2026-07-24,Viernes,18:30,8,74,Lucia L. #74,socio
2026-07-24,Viernes,19:45,1,16,Javier S. #16,socio
2026-07-24,Viernes,19:45,2,49,Pablo G. #49,socio
2026-07-24,Viernes,21:00,1,15,Laura A. #15,socio
2026-07-24,Viernes,21:00,2,32,Paula R. #32,socio
2026-07-24,Viernes,21:00,3,47,Pablo D. #47,socio
2026-07-25,Sabado,09:30,1,2,Martina M. #2,socio
2026-07-25,Sabado,09:30,2,33,Daniel M. #33,socio
2026-07-25,Sabado,09:30,3,42,Ivan G. #42,socio
2026-07-25,Sabado,10:45,1,41,Carla D. #41,socio
2026-07-25,Sabado,10:45,2,45,Ivan R. #45,socio
2026-07-25,Sabado,10:45,3,48,Marcos D. #48,socio
2026-07-25,Sabado,12:00,1,15,Laura A. #15,socio
2026-07-25,Sabado,16:00,1,18,Irene D. #18,socio
2026-07-25,Sabado,16:00,2,47,Pablo D. #47,socio
2026-07-25,Sabado,16:00,3,71,Claudia M. #71,socio
2026-07-25,Sabado,17:15,1,1,Irene M. #1,socio
2026-07-25,Sabado,17:15,2,14,Mario M. #14,socio
2026-07-25,Sabado,17:15,3,19,Pablo M. #19,socio
2026-07-25,Sabado,17:15,4,29,Sofia S. #29,socio
2026-07-25,Sabado,17:15,5,36,Adrian M. #36,socio
2026-07-25,Sabado,17:15,6,38,Ivan G. #38,socio
2026-07-25,Sabado,17:15,7,39,Nerea R. #39,socio
2026-07-25,Sabado,17:15,8,65,Irene P. #65,socio
2026-07-25,Sabado,18:30,1,6,Pablo S. #6,socio
2026-07-25,Sabado,18:30,2,10,Noelia P. #10,socio
2026-07-25,Sabado,18:30,3,21,Claudia M. #21,socio
2026-07-25,Sabado,18:30,4,54,Sergio S. #54,socio
2026-07-25,Sabado,18:30,5,74,Lucia L. #74,socio
2026-07-25,Sabado,19:45,1,9,Javier R. #9,socio
2026-07-25,Sabado,19:45,2,31,Paula M. #31,socio
2026-07-25,Sabado,19:45,3,75,Alvaro P. #75,socio
2026-07-25,Sabado,21:00,1,59,Alba A. #59,socio
2026-07-25,Sabado,21:00,2,60,Oscar G. #60,socio
2026-07-25,Sabado,21:00,3,62,Javier S. #62,socio
2026-07-27,Lunes,09:30,1,2,Martina M. #2,socio
2026-07-27,Lunes,09:30,2,28,Pablo D. #28,socio
2026-07-27,Lunes,09:30,3,33,Daniel M. #33,socio
2026-07-27,Lunes,09:30,4,40,Marcos R. #40,socio
2026-07-27,Lunes,09:30,5,43,Sofia M. #43,socio
2026-07-27,Lunes,10:45,1,41,Carla D. #41,socio
2026-07-27,Lunes,10:45,2,45,Ivan R. #45,socio
2026-07-27,Lunes,10:45,3,51,Elena G. #51,socio
2026-07-27,Lunes,12:00,1,3,Hugo M. #3,socio
2026-07-27,Lunes,16:00,1,5,Ruben R. #5,socio
2026-07-27,Lunes,16:00,2,71,Claudia M. #71,socio
2026-07-27,Lunes,17:15,1,14,Mario M. #14,socio
2026-07-27,Lunes,17:15,2,19,Pablo M. #19,socio
2026-07-27,Lunes,17:15,3,20,Sofia D. #20,socio
2026-07-27,Lunes,17:15,4,27,Lucia D. #27,socio
2026-07-27,Lunes,17:15,5,36,Adrian M. #36,socio
2026-07-27,Lunes,17:15,6,57,Carla M. #57,socio
2026-07-27,Lunes,18:30,1,6,Pablo S. #6,socio
2026-07-27,Lunes,18:30,2,7,Hugo A. #7,socio
2026-07-27,Lunes,18:30,3,11,Pablo A. #11,socio
2026-07-27,Lunes,18:30,4,12,Sergio L. #12,socio
2026-07-27,Lunes,18:30,5,21,Claudia M. #21,socio
2026-07-27,Lunes,18:30,6,22,Irene G. #22,socio
2026-07-27,Lunes,18:30,7,24,Paula D. #24,socio
2026-07-27,Lunes,18:30,8,37,Irene M. #37,socio
2026-07-27,Lunes,18:30,9,47,Pablo D. #47,socio
2026-07-27,Lunes,18:30,10,53,Alba P. #53,socio
2026-07-27,Lunes,18:30,11,54,Sergio S. #54,socio
2026-07-27,Lunes,18:30,12,62,Javier S. #62,socio
2026-07-27,Lunes,18:30,13,82,Noelia D. #82,prueba
2026-07-27,Lunes,19:45,1,23,Oscar D. #23,socio
2026-07-27,Lunes,19:45,2,31,Paula M. #31,socio
2026-07-27,Lunes,19:45,3,34,Daniel S. #34,socio
2026-07-27,Lunes,19:45,4,49,Pablo G. #49,socio
2026-07-27,Lunes,19:45,5,73,Sofia G. #73,socio
2026-07-27,Lunes,21:00,1,25,Hugo P. #25,socio
2026-07-27,Lunes,21:00,2,32,Paula R. #32,socio
2026-07-27,Lunes,21:00,3,59,Alba A. #59,socio
2026-07-28,Martes,09:30,1,4,Adrian R. #4,socio
2026-07-28,Martes,09:30,2,33,Daniel M. #33,socio
2026-07-28,Martes,09:30,3,42,Ivan G. #42,socio
2026-07-28,Martes,09:30,4,65,Irene P. #65,socio
2026-07-28,Martes,10:45,1,41,Carla D. #41,socio
2026-07-28,Martes,12:00,1,1,Irene M. #1,socio
2026-07-28,Martes,12:00,2,48,Marcos D. #48,socio
2026-07-28,Martes,16:00,1,35,Alvaro P. #35,socio
2026-07-28,Martes,16:00,2,45,Ivan R. #45,socio
2026-07-28,Martes,17:15,1,27,Lucia D. #27,socio
2026-07-28,Martes,17:15,2,29,Sofia S. #29,socio
2026-07-28,Martes,17:15,3,30,Martina M. #30,socio
2026-07-28,Martes,17:15,4,50,Alba M. #50,socio
2026-07-28,Martes,17:15,5,60,Oscar G. #60,socio
2026-07-28,Martes,17:15,6,83,Ivan M. #83,prueba
2026-07-28,Martes,18:30,1,3,Hugo M. #3,socio
2026-07-28,Martes,18:30,2,6,Pablo S. #6,socio
2026-07-28,Martes,18:30,3,22,Irene G. #22,socio
2026-07-28,Martes,18:30,4,37,Irene M. #37,socio
2026-07-28,Martes,18:30,5,53,Alba P. #53,socio
2026-07-28,Martes,18:30,6,84,Javier M. #84,prueba
2026-07-28,Martes,19:45,1,16,Javier S. #16,socio
2026-07-28,Martes,19:45,2,49,Pablo G. #49,socio
2026-07-28,Martes,19:45,3,54,Sergio S. #54,socio
2026-07-28,Martes,19:45,4,58,Lucia P. #58,socio
2026-07-28,Martes,21:00,1,26,Javier R. #26,socio
2026-07-28,Martes,21:00,2,32,Paula R. #32,socio
2026-07-28,Martes,21:00,3,47,Pablo D. #47,socio
2026-07-28,Martes,21:00,4,59,Alba A. #59,socio
2026-07-29,Miercoles,09:30,1,5,Ruben R. #5,socio
2026-07-29,Miercoles,09:30,2,42,Ivan G. #42,socio
2026-07-29,Miercoles,10:45,1,21,Claudia M. #21,socio
2026-07-29,Miercoles,10:45,2,45,Ivan R. #45,socio
2026-07-29,Miercoles,12:00,1,3,Hugo M. #3,socio
2026-07-29,Miercoles,16:00,1,18,Irene D. #18,socio
2026-07-29,Miercoles,16:00,2,22,Irene G. #22,socio
2026-07-29,Miercoles,16:00,3,52,Lucia M. #52,socio
2026-07-29,Miercoles,16:00,4,75,Alvaro P. #75,socio
2026-07-29,Miercoles,17:15,1,11,Pablo A. #11,socio
2026-07-29,Miercoles,17:15,2,19,Pablo M. #19,socio
2026-07-29,Miercoles,17:15,3,39,Nerea R. #39,socio
2026-07-29,Miercoles,17:15,4,58,Lucia P. #58,socio
2026-07-29,Miercoles,18:30,1,6,Pablo S. #6,socio
2026-07-29,Miercoles,18:30,2,7,Hugo A. #7,socio
2026-07-29,Miercoles,18:30,3,10,Noelia P. #10,socio
2026-07-29,Miercoles,18:30,4,25,Hugo P. #25,socio
2026-07-29,Miercoles,18:30,5,37,Irene M. #37,socio
2026-07-29,Miercoles,18:30,6,54,Sergio S. #54,socio
2026-07-29,Miercoles,18:30,7,55,Irene S. #55,socio
2026-07-29,Miercoles,18:30,8,74,Lucia L. #74,socio
2026-07-29,Miercoles,19:45,1,20,Sofia D. #20,socio
2026-07-29,Miercoles,19:45,2,30,Martina M. #30,socio
2026-07-29,Miercoles,19:45,3,56,Oscar S. #56,socio
2026-07-29,Miercoles,21:00,1,15,Laura A. #15,socio
2026-07-29,Miercoles,21:00,2,26,Javier R. #26,socio
2026-07-29,Miercoles,21:00,3,32,Paula R. #32,socio
2026-07-29,Miercoles,21:00,4,36,Adrian M. #36,socio
2026-07-29,Miercoles,21:00,5,59,Alba A. #59,socio
2026-07-29,Miercoles,21:00,6,60,Oscar G. #60,socio
2026-07-29,Miercoles,21:00,7,62,Javier S. #62,socio
2026-07-29,Miercoles,21:00,8,72,Hugo G. #72,socio
2026-07-30,Jueves,09:30,1,2,Martina M. #2,socio
2026-07-30,Jueves,09:30,2,4,Adrian R. #4,socio
2026-07-30,Jueves,09:30,3,5,Ruben R. #5,socio
2026-07-30,Jueves,09:30,4,28,Pablo D. #28,socio
2026-07-30,Jueves,09:30,5,40,Marcos R. #40,socio
2026-07-30,Jueves,09:30,6,43,Sofia M. #43,socio
2026-07-30,Jueves,09:30,7,48,Marcos D. #48,socio
2026-07-30,Jueves,09:30,8,51,Elena G. #51,socio
2026-07-30,Jueves,09:30,9,78,Martina M. #78,socio
2026-07-30,Jueves,12:00,1,34,Daniel S. #34,socio
2026-07-30,Jueves,12:00,2,65,Irene P. #65,socio
2026-07-30,Jueves,12:00,3,85,Hugo S. #85,prueba
2026-07-30,Jueves,17:15,1,14,Mario M. #14,socio
2026-07-30,Jueves,17:15,2,17,Martina A. #17,socio
2026-07-30,Jueves,17:15,3,36,Adrian M. #36,socio
2026-07-30,Jueves,17:15,4,38,Ivan G. #38,socio
2026-07-30,Jueves,17:15,5,39,Nerea R. #39,socio
2026-07-30,Jueves,17:15,6,45,Ivan R. #45,socio
2026-07-30,Jueves,17:15,7,47,Pablo D. #47,socio
2026-07-30,Jueves,17:15,8,57,Carla M. #57,socio
2026-07-30,Jueves,17:15,9,58,Lucia P. #58,socio
2026-07-30,Jueves,18:30,1,6,Pablo S. #6,socio
2026-07-30,Jueves,18:30,2,8,Daniel G. #8,socio
2026-07-30,Jueves,18:30,3,9,Javier R. #9,socio
2026-07-30,Jueves,18:30,4,11,Pablo A. #11,socio
2026-07-30,Jueves,18:30,5,22,Irene G. #22,socio
2026-07-30,Jueves,18:30,6,24,Paula D. #24,socio
2026-07-30,Jueves,18:30,7,37,Irene M. #37,socio
2026-07-30,Jueves,18:30,8,50,Alba M. #50,socio
2026-07-30,Jueves,19:45,1,31,Paula M. #31,socio
2026-07-30,Jueves,19:45,2,71,Claudia M. #71,socio
2026-07-30,Jueves,19:45,3,72,Hugo G. #72,socio
2026-07-30,Jueves,19:45,4,73,Sofia G. #73,socio
2026-07-30,Jueves,19:45,5,86,Laura M. #86,prueba
2026-07-30,Jueves,21:00,1,15,Laura A. #15,socio
2026-07-30,Jueves,21:00,2,27,Lucia D. #27,socio
2026-07-30,Jueves,21:00,3,32,Paula R. #32,socio
2026-07-30,Jueves,21:00,4,59,Alba A. #59,socio
2026-07-31,Viernes,09:30,1,2,Martina M. #2,socio
2026-07-31,Viernes,09:30,2,3,Hugo M. #3,socio
2026-07-31,Viernes,09:30,3,5,Ruben R. #5,socio
2026-07-31,Viernes,09:30,4,21,Claudia M. #21,socio
2026-07-31,Viernes,09:30,5,33,Daniel M. #33,socio
2026-07-31,Viernes,09:30,6,34,Daniel S. #34,socio
2026-07-31,Viernes,09:30,7,42,Ivan G. #42,socio
2026-07-31,Viernes,09:30,8,57,Carla M. #57,socio
2026-07-31,Viernes,09:30,9,87,Oscar M. #87,prueba
2026-07-31,Viernes,10:45,1,45,Ivan R. #45,socio
2026-07-31,Viernes,10:45,2,51,Elena G. #51,socio
2026-07-31,Viernes,16:00,1,17,Martina A. #17,socio
2026-07-31,Viernes,16:00,2,18,Irene D. #18,socio
2026-07-31,Viernes,16:00,3,28,Pablo D. #28,socio
2026-07-31,Viernes,17:15,1,14,Mario M. #14,socio
2026-07-31,Viernes,17:15,2,19,Pablo M. #19,socio
2026-07-31,Viernes,17:15,3,27,Lucia D. #27,socio
2026-07-31,Viernes,17:15,4,36,Adrian M. #36,socio
2026-07-31,Viernes,17:15,5,38,Ivan G. #38,socio
2026-07-31,Viernes,17:15,6,43,Sofia M. #43,socio
2026-07-31,Viernes,17:15,7,66,Daniel M. #66,socio
2026-07-31,Viernes,18:30,1,6,Pablo S. #6,socio
2026-07-31,Viernes,18:30,2,8,Daniel G. #8,socio
2026-07-31,Viernes,18:30,3,22,Irene G. #22,socio
2026-07-31,Viernes,18:30,4,24,Paula D. #24,socio
2026-07-31,Viernes,18:30,5,25,Hugo P. #25,socio
2026-07-31,Viernes,18:30,6,37,Irene M. #37,socio
2026-07-31,Viernes,18:30,7,54,Sergio S. #54,socio
2026-07-31,Viernes,18:30,8,55,Irene S. #55,socio
2026-07-31,Viernes,19:45,1,29,Sofia S. #29,socio
2026-07-31,Viernes,19:45,2,31,Paula M. #31,socio
2026-07-31,Viernes,19:45,3,49,Pablo G. #49,socio
2026-07-31,Viernes,19:45,4,52,Lucia M. #52,socio
2026-07-31,Viernes,21:00,1,32,Paula R. #32,socio
2026-07-31,Viernes,21:00,2,47,Pablo D. #47,socio
2026-08-01,Sabado,09:30,1,5,Ruben R. #5,socio
2026-08-01,Sabado,09:30,2,28,Pablo D. #28,socio
2026-08-01,Sabado,09:30,3,33,Daniel M. #33,socio
2026-08-01,Sabado,09:30,4,34,Daniel S. #34,socio
2026-08-01,Sabado,10:45,1,41,Carla D. #41,socio
2026-08-01,Sabado,16:00,1,42,Ivan G. #42,socio
2026-08-01,Sabado,16:00,2,52,Lucia M. #52,socio
2026-08-01,Sabado,16:00,3,75,Alvaro P. #75,socio
2026-08-01,Sabado,17:15,1,19,Pablo M. #19,socio
2026-08-01,Sabado,17:15,2,29,Sofia S. #29,socio
2026-08-01,Sabado,17:15,3,30,Martina M. #30,socio
2026-08-01,Sabado,17:15,4,36,Adrian M. #36,socio
2026-08-01,Sabado,17:15,5,38,Ivan G. #38,socio
2026-08-01,Sabado,17:15,6,58,Lucia P. #58,socio
2026-08-01,Sabado,17:15,7,66,Daniel M. #66,socio
2026-08-01,Sabado,18:30,1,8,Daniel G. #8,socio
2026-08-01,Sabado,18:30,2,11,Pablo A. #11,socio
2026-08-01,Sabado,18:30,3,21,Claudia M. #21,socio
2026-08-01,Sabado,18:30,4,22,Irene G. #22,socio
2026-08-01,Sabado,18:30,5,24,Paula D. #24,socio
2026-08-01,Sabado,18:30,6,25,Hugo P. #25,socio
2026-08-01,Sabado,18:30,7,50,Alba M. #50,socio
2026-08-01,Sabado,18:30,8,88,Lucia S. #88,prueba
2026-08-01,Sabado,19:45,1,2,Martina M. #2,socio
2026-08-01,Sabado,19:45,2,12,Sergio L. #12,socio
2026-08-01,Sabado,19:45,3,16,Javier S. #16,socio
2026-08-01,Sabado,19:45,4,31,Paula M. #31,socio
2026-08-01,Sabado,19:45,5,56,Oscar S. #56,socio
2026-08-01,Sabado,21:00,1,47,Pablo D. #47,socio
2026-08-01,Sabado,21:00,2,59,Alba A. #59,socio
2026-08-03,Lunes,09:30,1,4,Adrian R. #4,socio
2026-08-03,Lunes,09:30,2,28,Pablo D. #28,socio
2026-08-03,Lunes,09:30,3,34,Daniel S. #34,socio
2026-08-03,Lunes,09:30,4,42,Ivan G. #42,socio
2026-08-03,Lunes,09:30,5,44,Ivan G. #44,socio
2026-08-03,Lunes,10:45,1,9,Javier R. #9,socio
2026-08-03,Lunes,10:45,2,51,Elena G. #51,socio
2026-08-03,Lunes,12:00,1,3,Hugo M. #3,socio
2026-08-03,Lunes,12:00,2,29,Sofia S. #29,socio
2026-08-03,Lunes,12:00,3,53,Alba P. #53,socio
2026-08-03,Lunes,16:00,1,18,Irene D. #18,socio
2026-08-03,Lunes,16:00,2,35,Alvaro P. #35,socio
2026-08-03,Lunes,16:00,3,65,Irene P. #65,socio
2026-08-03,Lunes,16:00,4,71,Claudia M. #71,socio
2026-08-03,Lunes,16:00,5,72,Hugo G. #72,socio
2026-08-03,Lunes,16:00,6,75,Alvaro P. #75,socio
2026-08-03,Lunes,17:15,1,1,Irene M. #1,socio
2026-08-03,Lunes,17:15,2,19,Pablo M. #19,socio
2026-08-03,Lunes,17:15,3,27,Lucia D. #27,socio
2026-08-03,Lunes,17:15,4,38,Ivan G. #38,socio
2026-08-03,Lunes,17:15,5,66,Daniel M. #66,socio
2026-08-03,Lunes,18:30,1,5,Ruben R. #5,socio
2026-08-03,Lunes,18:30,2,6,Pablo S. #6,socio
2026-08-03,Lunes,18:30,3,20,Sofia D. #20,socio
2026-08-03,Lunes,18:30,4,22,Irene G. #22,socio
2026-08-03,Lunes,18:30,5,25,Hugo P. #25,socio
2026-08-03,Lunes,18:30,6,46,Sergio A. #46,socio
2026-08-03,Lunes,18:30,7,54,Sergio S. #54,socio
2026-08-03,Lunes,18:30,8,59,Alba A. #59,socio
2026-08-03,Lunes,18:30,9,89,Alba L. #89,prueba
2026-08-03,Lunes,19:45,1,2,Martina M. #2,socio
2026-08-03,Lunes,19:45,2,16,Javier S. #16,socio
2026-08-03,Lunes,19:45,3,23,Oscar D. #23,socio
2026-08-03,Lunes,19:45,4,31,Paula M. #31,socio
2026-08-03,Lunes,21:00,1,26,Javier R. #26,socio
2026-08-03,Lunes,21:00,2,32,Paula R. #32,socio
2026-08-03,Lunes,21:00,3,60,Oscar G. #60,socio
2026-08-03,Lunes,21:00,4,74,Lucia L. #74,socio
2026-08-04,Martes,09:30,1,2,Martina M. #2,socio
2026-08-04,Martes,09:30,2,3,Hugo M. #3,socio
2026-08-04,Martes,09:30,3,19,Pablo M. #19,socio
2026-08-04,Martes,09:30,4,23,Oscar D. #23,socio
2026-08-04,Martes,09:30,5,28,Pablo D. #28,socio
2026-08-04,Martes,09:30,6,33,Daniel M. #33,socio
2026-08-04,Martes,09:30,7,34,Daniel S. #34,socio
2026-08-04,Martes,09:30,8,40,Marcos R. #40,socio
2026-08-04,Martes,09:30,9,42,Ivan G. #42,socio
2026-08-04,Martes,09:30,10,44,Ivan G. #44,socio
2026-08-04,Martes,09:30,11,59,Alba A. #59,socio
2026-08-04,Martes,10:45,1,45,Ivan R. #45,socio
2026-08-04,Martes,10:45,2,55,Irene S. #55,socio
2026-08-04,Martes,16:00,1,17,Martina A. #17,socio
2026-08-04,Martes,16:00,2,26,Javier R. #26,socio
2026-08-04,Martes,16:00,3,71,Claudia M. #71,socio
2026-08-04,Martes,17:15,1,27,Lucia D. #27,socio
2026-08-04,Martes,17:15,2,30,Martina M. #30,socio
2026-08-04,Martes,17:15,3,36,Adrian M. #36,socio
2026-08-04,Martes,17:15,4,50,Alba M. #50,socio
2026-08-04,Martes,17:15,5,52,Lucia M. #52,socio
2026-08-04,Martes,17:15,6,82,Noelia D. #82,socio
2026-08-04,Martes,18:30,1,8,Daniel G. #8,socio
2026-08-04,Martes,18:30,2,12,Sergio L. #12,socio
2026-08-04,Martes,18:30,3,22,Irene G. #22,socio
2026-08-04,Martes,18:30,4,25,Hugo P. #25,socio
2026-08-04,Martes,18:30,5,54,Sergio S. #54,socio
2026-08-04,Martes,18:30,6,74,Lucia L. #74,socio
2026-08-04,Martes,19:45,1,18,Irene D. #18,socio
2026-08-04,Martes,19:45,2,31,Paula M. #31,socio
2026-08-04,Martes,19:45,3,38,Ivan G. #38,socio
2026-08-04,Martes,19:45,4,49,Pablo G. #49,socio
2026-08-04,Martes,19:45,5,56,Oscar S. #56,socio
2026-08-04,Martes,21:00,1,32,Paula R. #32,socio
2026-08-04,Martes,21:00,2,47,Pablo D. #47,socio
2026-08-04,Martes,21:00,3,62,Javier S. #62,socio
2026-08-05,Miercoles,09:30,1,12,Sergio L. #12,socio
2026-08-05,Miercoles,09:30,2,23,Oscar D. #23,socio
2026-08-05,Miercoles,09:30,3,43,Sofia M. #43,socio
2026-08-05,Miercoles,10:45,1,2,Martina M. #2,socio
2026-08-05,Miercoles,10:45,2,9,Javier R. #9,socio
2026-08-05,Miercoles,10:45,3,45,Ivan R. #45,socio
2026-08-05,Miercoles,16:00,1,35,Alvaro P. #35,socio
2026-08-05,Miercoles,16:00,2,75,Alvaro P. #75,socio
2026-08-05,Miercoles,17:15,1,14,Mario M. #14,socio
2026-08-05,Miercoles,17:15,2,19,Pablo M. #19,socio
2026-08-05,Miercoles,17:15,3,20,Sofia D. #20,socio
2026-08-05,Miercoles,17:15,4,30,Martina M. #30,socio
2026-08-05,Miercoles,17:15,5,39,Nerea R. #39,socio
2026-08-05,Miercoles,17:15,6,58,Lucia P. #58,socio
2026-08-05,Miercoles,17:15,7,60,Oscar G. #60,socio
2026-08-05,Miercoles,17:15,8,65,Irene P. #65,socio
2026-08-05,Miercoles,17:15,9,90,Elena A. #90,prueba
2026-08-05,Miercoles,18:30,1,5,Ruben R. #5,socio
2026-08-05,Miercoles,18:30,2,7,Hugo A. #7,socio
2026-08-05,Miercoles,18:30,3,10,Noelia P. #10,socio
2026-08-05,Miercoles,18:30,4,21,Claudia M. #21,socio
2026-08-05,Miercoles,18:30,5,22,Irene G. #22,socio
2026-08-05,Miercoles,18:30,6,36,Adrian M. #36,socio
2026-08-05,Miercoles,18:30,7,50,Alba M. #50,socio
2026-08-05,Miercoles,18:30,8,54,Sergio S. #54,socio
2026-08-05,Miercoles,18:30,9,55,Irene S. #55,socio
2026-08-05,Miercoles,18:30,10,74,Lucia L. #74,socio
2026-08-05,Miercoles,19:45,1,1,Irene M. #1,socio
2026-08-05,Miercoles,19:45,2,4,Adrian R. #4,socio
2026-08-05,Miercoles,19:45,3,49,Pablo G. #49,socio
2026-08-05,Miercoles,19:45,4,56,Oscar S. #56,socio
2026-08-06,Jueves,09:30,1,2,Martina M. #2,socio
2026-08-06,Jueves,09:30,2,4,Adrian R. #4,socio
2026-08-06,Jueves,09:30,3,5,Ruben R. #5,socio
2026-08-06,Jueves,09:30,4,34,Daniel S. #34,socio
2026-08-06,Jueves,09:30,5,43,Sofia M. #43,socio
2026-08-06,Jueves,09:30,6,45,Ivan R. #45,socio
2026-08-06,Jueves,09:30,7,72,Hugo G. #72,socio
2026-08-06,Jueves,12:00,1,12,Sergio L. #12,socio
2026-08-06,Jueves,16:00,1,28,Pablo D. #28,socio
2026-08-06,Jueves,17:15,1,14,Mario M. #14,socio
2026-08-06,Jueves,17:15,2,27,Lucia D. #27,socio
2026-08-06,Jueves,17:15,3,29,Sofia S. #29,socio
2026-08-06,Jueves,17:15,4,36,Adrian M. #36,socio
2026-08-06,Jueves,17:15,5,38,Ivan G. #38,socio
2026-08-06,Jueves,17:15,6,42,Ivan G. #42,socio
2026-08-06,Jueves,17:15,7,46,Sergio A. #46,socio
2026-08-06,Jueves,17:15,8,54,Sergio S. #54,socio
2026-08-06,Jueves,18:30,1,21,Claudia M. #21,socio
2026-08-06,Jueves,18:30,2,22,Irene G. #22,socio
2026-08-06,Jueves,18:30,3,24,Paula D. #24,socio
2026-08-06,Jueves,18:30,4,25,Hugo P. #25,socio
2026-08-06,Jueves,18:30,5,65,Irene P. #65,socio
2026-08-06,Jueves,18:30,6,82,Noelia D. #82,socio
2026-08-06,Jueves,19:45,1,16,Javier S. #16,socio
2026-08-06,Jueves,19:45,2,31,Paula M. #31,socio
2026-08-06,Jueves,19:45,3,73,Sofia G. #73,socio
2026-08-06,Jueves,19:45,4,85,Hugo S. #85,socio
2026-08-06,Jueves,21:00,1,15,Laura A. #15,socio
2026-08-06,Jueves,21:00,2,23,Oscar D. #23,socio
2026-08-06,Jueves,21:00,3,26,Javier R. #26,socio
2026-08-06,Jueves,21:00,4,59,Alba A. #59,socio
2026-08-07,Viernes,09:30,1,1,Irene M. #1,socio
2026-08-07,Viernes,09:30,2,42,Ivan G. #42,socio
2026-08-07,Viernes,09:30,3,62,Javier S. #62,socio
2026-08-07,Viernes,09:30,4,78,Martina M. #78,socio
2026-08-07,Viernes,10:45,1,45,Ivan R. #45,socio
2026-08-07,Viernes,12:00,1,72,Hugo G. #72,socio
2026-08-07,Viernes,12:00,2,85,Hugo S. #85,socio
2026-08-07,Viernes,16:00,1,21,Claudia M. #21,socio
2026-08-07,Viernes,16:00,2,35,Alvaro P. #35,socio
2026-08-07,Viernes,16:00,3,48,Marcos D. #48,socio
2026-08-07,Viernes,16:00,4,55,Irene S. #55,socio
2026-08-07,Viernes,16:00,5,71,Claudia M. #71,socio
2026-08-07,Viernes,17:15,1,27,Lucia D. #27,socio
2026-08-07,Viernes,17:15,2,57,Carla M. #57,socio
2026-08-07,Viernes,17:15,3,58,Lucia P. #58,socio
2026-08-07,Viernes,17:15,4,65,Irene P. #65,socio
2026-08-07,Viernes,18:30,1,6,Pablo S. #6,socio
2026-08-07,Viernes,18:30,2,7,Hugo A. #7,socio
2026-08-07,Viernes,18:30,3,12,Sergio L. #12,socio
2026-08-07,Viernes,18:30,4,22,Irene G. #22,socio
2026-08-07,Viernes,19:45,1,19,Pablo M. #19,socio
2026-08-07,Viernes,19:45,2,31,Paula M. #31,socio
2026-08-07,Viernes,19:45,3,33,Daniel M. #33,socio
2026-08-07,Viernes,19:45,4,49,Pablo G. #49,socio
2026-08-07,Viernes,19:45,5,56,Oscar S. #56,socio
2026-08-07,Viernes,21:00,1,26,Javier R. #26,socio
2026-08-07,Viernes,21:00,2,37,Irene M. #37,socio
2026-08-08,Sabado,09:30,1,2,Martina M. #2,socio
2026-08-08,Sabado,09:30,2,7,Hugo A. #7,socio
2026-08-08,Sabado,09:30,3,40,Marcos R. #40,socio
2026-08-08,Sabado,10:45,1,9,Javier R. #9,socio
2026-08-08,Sabado,10:45,2,45,Ivan R. #45,socio
2026-08-08,Sabado,12:00,1,85,Hugo S. #85,socio
2026-08-08,Sabado,16:00,1,35,Alvaro P. #35,socio
2026-08-08,Sabado,16:00,2,48,Marcos D. #48,socio
2026-08-08,Sabado,17:15,1,14,Mario M. #14,socio
2026-08-08,Sabado,17:15,2,19,Pablo M. #19,socio
2026-08-08,Sabado,17:15,3,20,Sofia D. #20,socio
2026-08-08,Sabado,17:15,4,29,Sofia S. #29,socio
2026-08-08,Sabado,17:15,5,36,Adrian M. #36,socio
2026-08-08,Sabado,17:15,6,41,Carla D. #41,socio
2026-08-08,Sabado,17:15,7,46,Sergio A. #46,socio
2026-08-08,Sabado,17:15,8,65,Irene P. #65,socio
2026-08-08,Sabado,18:30,1,49,Pablo G. #49,socio
2026-08-08,Sabado,18:30,2,55,Irene S. #55,socio
2026-08-08,Sabado,18:30,3,74,Lucia L. #74,socio
2026-08-08,Sabado,18:30,4,82,Noelia D. #82,socio
2026-08-08,Sabado,18:30,5,84,Javier M. #84,socio
2026-08-08,Sabado,18:30,6,92,Alba S. #92,prueba
2026-08-08,Sabado,19:45,1,16,Javier S. #16,socio
2026-08-08,Sabado,19:45,2,30,Martina M. #30,socio
2026-08-08,Sabado,19:45,3,31,Paula M. #31,socio
2026-08-08,Sabado,19:45,4,54,Sergio S. #54,socio
2026-08-08,Sabado,19:45,5,56,Oscar S. #56,socio
2026-08-08,Sabado,19:45,6,58,Lucia P. #58,socio
2026-08-08,Sabado,19:45,7,91,Noelia G. #91,prueba
2026-08-08,Sabado,21:00,1,4,Adrian R. #4,socio
2026-08-08,Sabado,21:00,2,15,Laura A. #15,socio
2026-08-08,Sabado,21:00,3,32,Paula R. #32,socio
2026-08-08,Sabado,21:00,4,59,Alba A. #59,socio
2026-08-10,Lunes,09:30,1,5,Ruben R. #5,socio
2026-08-10,Lunes,09:30,2,21,Claudia M. #21,socio
2026-08-10,Lunes,09:30,3,31,Paula M. #31,socio
2026-08-10,Lunes,09:30,4,33,Daniel M. #33,socio
2026-08-10,Lunes,09:30,5,34,Daniel S. #34,socio
2026-08-10,Lunes,09:30,6,78,Martina M. #78,socio
2026-08-10,Lunes,09:30,7,94,Ruben G. #94,prueba
2026-08-10,Lunes,10:45,1,24,Paula D. #24,socio
2026-08-10,Lunes,10:45,2,41,Carla D. #41,socio
2026-08-10,Lunes,10:45,3,45,Ivan R. #45,socio
2026-08-10,Lunes,10:45,4,46,Sergio A. #46,socio
2026-08-10,Lunes,10:45,5,51,Elena G. #51,socio
2026-08-10,Lunes,12:00,1,3,Hugo M. #3,socio
2026-08-10,Lunes,12:00,2,15,Laura A. #15,socio
2026-08-10,Lunes,17:15,1,14,Mario M. #14,socio
2026-08-10,Lunes,17:15,2,20,Sofia D. #20,socio
2026-08-10,Lunes,17:15,3,30,Martina M. #30,socio
2026-08-10,Lunes,17:15,4,36,Adrian M. #36,socio
2026-08-10,Lunes,17:15,5,38,Ivan G. #38,socio
2026-08-10,Lunes,17:15,6,66,Daniel M. #66,socio
2026-08-10,Lunes,17:15,7,74,Lucia L. #74,socio
2026-08-10,Lunes,18:30,1,2,Martina M. #2,socio
2026-08-10,Lunes,18:30,2,10,Noelia P. #10,socio
2026-08-10,Lunes,18:30,3,28,Pablo D. #28,socio
2026-08-10,Lunes,18:30,4,37,Irene M. #37,socio
2026-08-10,Lunes,18:30,5,50,Alba M. #50,socio
2026-08-10,Lunes,18:30,6,54,Sergio S. #54,socio
2026-08-10,Lunes,18:30,7,82,Noelia D. #82,socio
2026-08-10,Lunes,18:30,8,84,Javier M. #84,socio
2026-08-10,Lunes,19:45,1,35,Alvaro P. #35,socio
2026-08-10,Lunes,19:45,2,93,Claudia G. #93,prueba
2026-08-10,Lunes,21:00,1,26,Javier R. #26,socio
2026-08-10,Lunes,21:00,2,32,Paula R. #32,socio
2026-08-11,Martes,09:30,1,20,Sofia D. #20,socio
2026-08-11,Martes,09:30,2,23,Oscar D. #23,socio
2026-08-11,Martes,09:30,3,28,Pablo D. #28,socio
2026-08-11,Martes,09:30,4,34,Daniel S. #34,socio
2026-08-11,Martes,09:30,5,43,Sofia M. #43,socio
2026-08-11,Martes,10:45,1,42,Ivan G. #42,socio
2026-08-11,Martes,10:45,2,55,Irene S. #55,socio
2026-08-11,Martes,10:45,3,71,Claudia M. #71,socio
2026-08-11,Martes,12:00,1,50,Alba M. #50,socio
2026-08-11,Martes,12:00,2,75,Alvaro P. #75,socio
2026-08-11,Martes,16:00,1,48,Marcos D. #48,socio
2026-08-11,Martes,17:15,1,19,Pablo M. #19,socio
2026-08-11,Martes,17:15,2,29,Sofia S. #29,socio
2026-08-11,Martes,17:15,3,30,Martina M. #30,socio
2026-08-11,Martes,17:15,4,36,Adrian M. #36,socio
2026-08-11,Martes,17:15,5,38,Ivan G. #38,socio
2026-08-11,Martes,17:15,6,39,Nerea R. #39,socio
2026-08-11,Martes,17:15,7,60,Oscar G. #60,socio
2026-08-11,Martes,17:15,8,66,Daniel M. #66,socio
2026-08-11,Martes,18:30,1,6,Pablo S. #6,socio
2026-08-11,Martes,18:30,2,8,Daniel G. #8,socio
2026-08-11,Martes,18:30,3,12,Sergio L. #12,socio
2026-08-11,Martes,18:30,4,17,Martina A. #17,socio
2026-08-11,Martes,18:30,5,21,Claudia M. #21,socio
2026-08-11,Martes,18:30,6,37,Irene M. #37,socio
2026-08-11,Martes,18:30,7,54,Sergio S. #54,socio
2026-08-11,Martes,18:30,8,84,Javier M. #84,socio
2026-08-11,Martes,19:45,1,3,Hugo M. #3,socio
2026-08-11,Martes,19:45,2,95,Claudia G. #95,prueba
2026-08-11,Martes,21:00,1,59,Alba A. #59,socio
2026-08-12,Miercoles,09:30,1,5,Ruben R. #5,socio
2026-08-12,Miercoles,09:30,2,28,Pablo D. #28,socio
2026-08-12,Miercoles,09:30,3,34,Daniel S. #34,socio
2026-08-12,Miercoles,09:30,4,42,Ivan G. #42,socio
2026-08-12,Miercoles,10:45,1,9,Javier R. #9,socio
2026-08-12,Miercoles,10:45,2,62,Javier S. #62,socio
2026-08-12,Miercoles,10:45,3,82,Noelia D. #82,socio
2026-08-12,Miercoles,16:00,1,4,Adrian R. #4,socio
2026-08-12,Miercoles,16:00,2,17,Martina A. #17,socio
2026-08-12,Miercoles,16:00,3,18,Irene D. #18,socio
2026-08-12,Miercoles,16:00,4,43,Sofia M. #43,socio
2026-08-12,Miercoles,16:00,5,49,Pablo G. #49,socio
2026-08-12,Miercoles,16:00,6,52,Lucia M. #52,socio
2026-08-12,Miercoles,17:15,1,19,Pablo M. #19,socio
2026-08-12,Miercoles,17:15,2,20,Sofia D. #20,socio
2026-08-12,Miercoles,17:15,3,27,Lucia D. #27,socio
2026-08-12,Miercoles,17:15,4,36,Adrian M. #36,socio
2026-08-12,Miercoles,17:15,5,38,Ivan G. #38,socio
2026-08-12,Miercoles,17:15,6,39,Nerea R. #39,socio
2026-08-12,Miercoles,17:15,7,57,Carla M. #57,socio
2026-08-12,Miercoles,17:15,8,65,Irene P. #65,socio
2026-08-12,Miercoles,18:30,1,6,Pablo S. #6,socio
2026-08-12,Miercoles,18:30,2,7,Hugo A. #7,socio
2026-08-12,Miercoles,18:30,3,21,Claudia M. #21,socio
2026-08-12,Miercoles,18:30,4,24,Paula D. #24,socio
2026-08-12,Miercoles,18:30,5,25,Hugo P. #25,socio
2026-08-12,Miercoles,18:30,6,31,Paula M. #31,socio
2026-08-12,Miercoles,18:30,7,44,Ivan G. #44,socio
2026-08-12,Miercoles,18:30,8,53,Alba P. #53,socio
2026-08-12,Miercoles,18:30,9,54,Sergio S. #54,socio
2026-08-12,Miercoles,18:30,10,96,Alba R. #96,prueba
2026-08-12,Miercoles,18:30,11,97,Paula R. #97,prueba
2026-08-12,Miercoles,19:45,1,71,Claudia M. #71,socio
2026-08-12,Miercoles,21:00,1,22,Irene G. #22,socio
2026-08-12,Miercoles,21:00,2,32,Paula R. #32,socio
2026-08-12,Miercoles,21:00,3,37,Irene M. #37,socio
2026-08-12,Miercoles,21:00,4,47,Pablo D. #47,socio
2026-08-12,Miercoles,21:00,5,72,Hugo G. #72,socio
2026-08-13,Jueves,09:30,1,2,Martina M. #2,socio
2026-08-13,Jueves,09:30,2,4,Adrian R. #4,socio
2026-08-13,Jueves,09:30,3,28,Pablo D. #28,socio
2026-08-13,Jueves,09:30,4,34,Daniel S. #34,socio
2026-08-13,Jueves,09:30,5,51,Elena G. #51,socio
2026-08-13,Jueves,09:30,6,99,Ruben R. #99,prueba
2026-08-13,Jueves,10:45,1,16,Javier S. #16,socio
2026-08-13,Jueves,10:45,2,41,Carla D. #41,socio
2026-08-13,Jueves,10:45,3,45,Ivan R. #45,socio
2026-08-13,Jueves,12:00,1,85,Hugo S. #85,socio
2026-08-13,Jueves,16:00,1,17,Martina A. #17,socio
2026-08-13,Jueves,16:00,2,35,Alvaro P. #35,socio
2026-08-13,Jueves,16:00,3,71,Claudia M. #71,socio
2026-08-13,Jueves,17:15,1,19,Pablo M. #19,socio
2026-08-13,Jueves,17:15,2,27,Lucia D. #27,socio
2026-08-13,Jueves,17:15,3,57,Carla M. #57,socio
2026-08-13,Jueves,18:30,1,6,Pablo S. #6,socio
2026-08-13,Jueves,18:30,2,7,Hugo A. #7,socio
2026-08-13,Jueves,18:30,3,11,Pablo A. #11,socio
2026-08-13,Jueves,18:30,4,22,Irene G. #22,socio
2026-08-13,Jueves,18:30,5,25,Hugo P. #25,socio
2026-08-13,Jueves,18:30,6,33,Daniel M. #33,socio
2026-08-13,Jueves,18:30,7,37,Irene M. #37,socio
2026-08-13,Jueves,18:30,8,44,Ivan G. #44,socio
2026-08-13,Jueves,18:30,9,54,Sergio S. #54,socio
2026-08-13,Jueves,18:30,10,60,Oscar G. #60,socio
2026-08-13,Jueves,19:45,1,5,Ruben R. #5,socio
2026-08-13,Jueves,19:45,2,31,Paula M. #31,socio
2026-08-13,Jueves,19:45,3,49,Pablo G. #49,socio
2026-08-13,Jueves,19:45,4,73,Sofia G. #73,socio
2026-08-13,Jueves,19:45,5,98,Claudia A. #98,prueba
2026-08-13,Jueves,21:00,1,47,Pablo D. #47,socio
2026-08-13,Jueves,21:00,2,72,Hugo G. #72,socio
2026-08-14,Viernes,09:30,1,4,Adrian R. #4,socio
2026-08-14,Viernes,09:30,2,100,Paula M. #100,prueba
2026-08-14,Viernes,10:45,1,9,Javier R. #9,socio
2026-08-14,Viernes,10:45,2,16,Javier S. #16,socio
2026-08-14,Viernes,10:45,3,41,Carla D. #41,socio
2026-08-14,Viernes,10:45,4,45,Ivan R. #45,socio
2026-08-14,Viernes,10:45,5,51,Elena G. #51,socio
2026-08-14,Viernes,12:00,1,3,Hugo M. #3,socio
2026-08-14,Viernes,12:00,2,32,Paula R. #32,socio
2026-08-14,Viernes,12:00,3,85,Hugo S. #85,socio
2026-08-14,Viernes,16:00,1,14,Mario M. #14,socio
2026-08-14,Viernes,16:00,2,18,Irene D. #18,socio
2026-08-14,Viernes,16:00,3,52,Lucia M. #52,socio
2026-08-14,Viernes,16:00,4,75,Alvaro P. #75,socio
2026-08-14,Viernes,17:15,1,19,Pablo M. #19,socio
2026-08-14,Viernes,17:15,2,27,Lucia D. #27,socio
2026-08-14,Viernes,17:15,3,28,Pablo D. #28,socio
2026-08-14,Viernes,17:15,4,34,Daniel S. #34,socio
2026-08-14,Viernes,17:15,5,36,Adrian M. #36,socio
2026-08-14,Viernes,17:15,6,38,Ivan G. #38,socio
2026-08-14,Viernes,18:30,1,7,Hugo A. #7,socio
2026-08-14,Viernes,18:30,2,8,Daniel G. #8,socio
2026-08-14,Viernes,18:30,3,10,Noelia P. #10,socio
2026-08-14,Viernes,18:30,4,11,Pablo A. #11,socio
2026-08-14,Viernes,18:30,5,25,Hugo P. #25,socio
2026-08-14,Viernes,18:30,6,29,Sofia S. #29,socio
2026-08-14,Viernes,18:30,7,37,Irene M. #37,socio
2026-08-14,Viernes,18:30,8,53,Alba P. #53,socio
2026-08-14,Viernes,18:30,9,54,Sergio S. #54,socio
2026-08-14,Viernes,18:30,10,57,Carla M. #57,socio
2026-08-14,Viernes,18:30,11,71,Claudia M. #71,socio
2026-08-14,Viernes,19:45,1,31,Paula M. #31,socio
2026-08-14,Viernes,19:45,2,56,Oscar S. #56,socio
2026-08-14,Viernes,21:00,1,15,Laura A. #15,socio
2026-08-14,Viernes,21:00,2,26,Javier R. #26,socio
2026-08-14,Viernes,21:00,3,47,Pablo D. #47,socio
2026-08-14,Viernes,21:00,4,60,Oscar G. #60,socio
2026-08-14,Viernes,21:00,5,62,Javier S. #62,socio
2026-08-14,Viernes,21:00,6,101,Ruben M. #101,prueba
2026-08-15,Sabado,09:30,1,2,Martina M. #2,socio
2026-08-15,Sabado,09:30,2,5,Ruben R. #5,socio
2026-08-15,Sabado,09:30,3,33,Daniel M. #33,socio
2026-08-15,Sabado,09:30,4,42,Ivan G. #42,socio
2026-08-15,Sabado,10:45,1,34,Daniel S. #34,socio
2026-08-15,Sabado,10:45,2,51,Elena G. #51,socio
2026-08-15,Sabado,16:00,1,17,Martina A. #17,socio
2026-08-15,Sabado,16:00,2,18,Irene D. #18,socio
2026-08-15,Sabado,16:00,3,32,Paula R. #32,socio
2026-08-15,Sabado,16:00,4,48,Marcos D. #48,socio
2026-08-15,Sabado,17:15,1,20,Sofia D. #20,socio
2026-08-15,Sabado,17:15,2,27,Lucia D. #27,socio
2026-08-15,Sabado,17:15,3,30,Martina M. #30,socio
2026-08-15,Sabado,17:15,4,36,Adrian M. #36,socio
2026-08-15,Sabado,17:15,5,38,Ivan G. #38,socio
2026-08-15,Sabado,17:15,6,66,Daniel M. #66,socio
2026-08-15,Sabado,17:15,7,103,Martina L. #103,prueba
2026-08-15,Sabado,18:30,1,6,Pablo S. #6,socio
2026-08-15,Sabado,18:30,2,8,Daniel G. #8,socio
2026-08-15,Sabado,18:30,3,10,Noelia P. #10,socio
2026-08-15,Sabado,18:30,4,11,Pablo A. #11,socio
2026-08-15,Sabado,18:30,5,91,Noelia G. #91,socio
2026-08-15,Sabado,19:45,1,47,Pablo D. #47,socio
2026-08-15,Sabado,19:45,2,49,Pablo G. #49,socio
2026-08-15,Sabado,19:45,3,54,Sergio S. #54,socio
2026-08-15,Sabado,19:45,4,55,Irene S. #55,socio
2026-08-15,Sabado,19:45,5,82,Noelia D. #82,socio
2026-08-15,Sabado,21:00,1,15,Laura A. #15,socio
2026-08-15,Sabado,21:00,2,60,Oscar G. #60,socio
2026-08-15,Sabado,21:00,3,102,Marcos D. #102,prueba
2026-08-17,Lunes,09:30,1,2,Martina M. #2,socio
2026-08-17,Lunes,09:30,2,4,Adrian R. #4,socio
2026-08-17,Lunes,09:30,3,20,Sofia D. #20,socio
2026-08-17,Lunes,09:30,4,34,Daniel S. #34,socio
2026-08-17,Lunes,10:45,1,104,Laura M. #104,prueba
2026-08-17,Lunes,12:00,1,1,Irene M. #1,socio
2026-08-17,Lunes,16:00,1,18,Irene D. #18,socio
2026-08-17,Lunes,16:00,2,35,Alvaro P. #35,socio
2026-08-17,Lunes,16:00,3,52,Lucia M. #52,socio
2026-08-17,Lunes,16:00,4,71,Claudia M. #71,socio
2026-08-17,Lunes,16:00,5,105,Claudia S. #105,prueba
2026-08-17,Lunes,17:15,1,27,Lucia D. #27,socio
2026-08-17,Lunes,17:15,2,36,Adrian M. #36,socio
2026-08-17,Lunes,17:15,3,46,Sergio A. #46,socio
2026-08-17,Lunes,17:15,4,65,Irene P. #65,socio
2026-08-17,Lunes,17:15,5,85,Hugo S. #85,socio
2026-08-17,Lunes,18:30,1,6,Pablo S. #6,socio
2026-08-17,Lunes,18:30,2,11,Pablo A. #11,socio
2026-08-17,Lunes,18:30,3,12,Sergio L. #12,socio
2026-08-17,Lunes,18:30,4,17,Martina A. #17,socio
2026-08-17,Lunes,18:30,5,19,Pablo M. #19,socio
2026-08-17,Lunes,18:30,6,22,Irene G. #22,socio
2026-08-17,Lunes,18:30,7,24,Paula D. #24,socio
2026-08-17,Lunes,18:30,8,37,Irene M. #37,socio
2026-08-17,Lunes,18:30,9,41,Carla D. #41,socio
2026-08-17,Lunes,18:30,10,51,Elena G. #51,socio
2026-08-17,Lunes,18:30,11,54,Sergio S. #54,socio
2026-08-17,Lunes,18:30,12,55,Irene S. #55,socio
2026-08-17,Lunes,19:45,1,31,Paula M. #31,socio
2026-08-17,Lunes,19:45,2,73,Sofia G. #73,socio
2026-08-17,Lunes,19:45,3,91,Noelia G. #91,socio
2026-08-17,Lunes,21:00,1,5,Ruben R. #5,socio
2026-08-17,Lunes,21:00,2,30,Martina M. #30,socio
2026-08-17,Lunes,21:00,3,38,Ivan G. #38,socio
2026-08-17,Lunes,21:00,4,59,Alba A. #59,socio
2026-08-17,Lunes,21:00,5,60,Oscar G. #60,socio
2026-08-17,Lunes,21:00,6,84,Javier M. #84,socio
2026-08-18,Martes,09:30,1,2,Martina M. #2,socio
2026-08-18,Martes,09:30,2,5,Ruben R. #5,socio
2026-08-18,Martes,09:30,3,34,Daniel S. #34,socio
2026-08-18,Martes,09:30,4,43,Sofia M. #43,socio
2026-08-18,Martes,09:30,5,47,Pablo D. #47,socio
2026-08-18,Martes,09:30,6,51,Elena G. #51,socio
2026-08-18,Martes,09:30,7,74,Lucia L. #74,socio
2026-08-18,Martes,09:30,8,94,Ruben G. #94,socio
2026-08-18,Martes,10:45,1,36,Adrian M. #36,socio
2026-08-18,Martes,10:45,2,45,Ivan R. #45,socio
2026-08-18,Martes,12:00,1,3,Hugo M. #3,socio
2026-08-18,Martes,12:00,2,85,Hugo S. #85,socio
2026-08-18,Martes,16:00,1,17,Martina A. #17,socio
2026-08-18,Martes,16:00,2,18,Irene D. #18,socio
2026-08-18,Martes,16:00,3,48,Marcos D. #48,socio
2026-08-18,Martes,16:00,4,54,Sergio S. #54,socio
2026-08-18,Martes,16:00,5,75,Alvaro P. #75,socio
2026-08-18,Martes,17:15,1,14,Mario M. #14,socio
2026-08-18,Martes,17:15,2,19,Pablo M. #19,socio
2026-08-18,Martes,17:15,3,23,Oscar D. #23,socio
2026-08-18,Martes,17:15,4,29,Sofia S. #29,socio
2026-08-18,Martes,17:15,5,38,Ivan G. #38,socio
2026-08-18,Martes,17:15,6,58,Lucia P. #58,socio
2026-08-18,Martes,17:15,7,66,Daniel M. #66,socio
2026-08-18,Martes,18:30,1,6,Pablo S. #6,socio
2026-08-18,Martes,18:30,2,12,Sergio L. #12,socio
2026-08-18,Martes,18:30,3,22,Irene G. #22,socio
2026-08-18,Martes,18:30,4,37,Irene M. #37,socio
2026-08-18,Martes,18:30,5,106,Sara M. #106,prueba
2026-08-18,Martes,19:45,1,16,Javier S. #16,socio
2026-08-18,Martes,19:45,2,31,Paula M. #31,socio
2026-08-18,Martes,19:45,3,91,Noelia G. #91,socio
2026-08-18,Martes,21:00,1,60,Oscar G. #60,socio
2026-08-18,Martes,21:00,2,62,Javier S. #62,socio
2026-08-18,Martes,21:00,3,65,Irene P. #65,socio
2026-08-19,Miercoles,09:30,1,5,Ruben R. #5,socio
2026-08-19,Miercoles,09:30,2,34,Daniel S. #34,socio
2026-08-19,Miercoles,09:30,3,40,Marcos R. #40,socio
2026-08-19,Miercoles,10:45,1,36,Adrian M. #36,socio
2026-08-19,Miercoles,10:45,2,41,Carla D. #41,socio
2026-08-19,Miercoles,10:45,3,51,Elena G. #51,socio
2026-08-19,Miercoles,12:00,1,2,Martina M. #2,socio
2026-08-19,Miercoles,12:00,2,72,Hugo G. #72,socio
2026-08-19,Miercoles,12:00,3,85,Hugo S. #85,socio
2026-08-19,Miercoles,16:00,1,3,Hugo M. #3,socio
2026-08-19,Miercoles,16:00,2,18,Irene D. #18,socio
2026-08-19,Miercoles,16:00,3,42,Ivan G. #42,socio
2026-08-19,Miercoles,16:00,4,52,Lucia M. #52,socio
2026-08-19,Miercoles,16:00,5,71,Claudia M. #71,socio
2026-08-19,Miercoles,17:15,1,1,Irene M. #1,socio
2026-08-19,Miercoles,17:15,2,19,Pablo M. #19,socio
2026-08-19,Miercoles,17:15,3,30,Martina M. #30,socio
2026-08-19,Miercoles,17:15,4,38,Ivan G. #38,socio
2026-08-19,Miercoles,17:15,5,65,Irene P. #65,socio
2026-08-19,Miercoles,18:30,1,6,Pablo S. #6,socio
2026-08-19,Miercoles,18:30,2,22,Irene G. #22,socio
2026-08-19,Miercoles,18:30,3,25,Hugo P. #25,socio
2026-08-19,Miercoles,18:30,4,27,Lucia D. #27,socio
2026-08-19,Miercoles,18:30,5,50,Alba M. #50,socio
2026-08-19,Miercoles,18:30,6,54,Sergio S. #54,socio
2026-08-19,Miercoles,18:30,7,55,Irene S. #55,socio
2026-08-19,Miercoles,19:45,1,8,Daniel G. #8,socio
2026-08-19,Miercoles,19:45,2,31,Paula M. #31,socio
2026-08-19,Miercoles,19:45,3,91,Noelia G. #91,socio
2026-08-19,Miercoles,21:00,1,26,Javier R. #26,socio
2026-08-19,Miercoles,21:00,2,62,Javier S. #62,socio
2026-08-20,Jueves,09:30,1,2,Martina M. #2,socio
2026-08-20,Jueves,09:30,2,5,Ruben R. #5,socio
2026-08-20,Jueves,09:30,3,8,Daniel G. #8,socio
2026-08-20,Jueves,09:30,4,42,Ivan G. #42,socio
2026-08-20,Jueves,09:30,5,43,Sofia M. #43,socio
2026-08-20,Jueves,10:45,1,41,Carla D. #41,socio
2026-08-20,Jueves,10:45,2,45,Ivan R. #45,socio
2026-08-20,Jueves,12:00,1,26,Javier R. #26,socio
2026-08-20,Jueves,12:00,2,84,Javier M. #84,socio
2026-08-20,Jueves,16:00,1,18,Irene D. #18,socio
2026-08-20,Jueves,17:15,1,20,Sofia D. #20,socio
2026-08-20,Jueves,17:15,2,24,Paula D. #24,socio
2026-08-20,Jueves,17:15,3,50,Alba M. #50,socio
2026-08-20,Jueves,17:15,4,57,Carla M. #57,socio
2026-08-20,Jueves,17:15,5,58,Lucia P. #58,socio
2026-08-20,Jueves,18:30,1,3,Hugo M. #3,socio
2026-08-20,Jueves,18:30,2,11,Pablo A. #11,socio
2026-08-20,Jueves,18:30,3,37,Irene M. #37,socio
2026-08-20,Jueves,18:30,4,53,Alba P. #53,socio
2026-08-20,Jueves,18:30,5,96,Alba R. #96,socio
2026-08-20,Jueves,18:30,6,98,Claudia A. #98,socio
2026-08-20,Jueves,19:45,1,31,Paula M. #31,socio
2026-08-20,Jueves,19:45,2,34,Daniel S. #34,socio
2026-08-20,Jueves,19:45,3,91,Noelia G. #91,socio
2026-08-20,Jueves,21:00,1,10,Noelia P. #10,socio
2026-08-20,Jueves,21:00,2,59,Alba A. #59,socio
2026-08-21,Viernes,09:30,1,4,Adrian R. #4,socio
2026-08-21,Viernes,09:30,2,14,Mario M. #14,socio
2026-08-21,Viernes,09:30,3,33,Daniel M. #33,socio
2026-08-21,Viernes,09:30,4,34,Daniel S. #34,socio
2026-08-21,Viernes,09:30,5,42,Ivan G. #42,socio
2026-08-21,Viernes,09:30,6,94,Ruben G. #94,socio
2026-08-21,Viernes,10:45,1,41,Carla D. #41,socio
2026-08-21,Viernes,10:45,2,45,Ivan R. #45,socio
2026-08-21,Viernes,12:00,1,44,Ivan G. #44,socio
2026-08-21,Viernes,12:00,2,47,Pablo D. #47,socio
2026-08-21,Viernes,12:00,3,85,Hugo S. #85,socio
2026-08-21,Viernes,16:00,1,5,Ruben R. #5,socio
2026-08-21,Viernes,16:00,2,52,Lucia M. #52,socio
2026-08-21,Viernes,16:00,3,75,Alvaro P. #75,socio
2026-08-21,Viernes,16:00,4,107,Paula G. #107,prueba
2026-08-21,Viernes,17:15,1,17,Martina A. #17,socio
2026-08-21,Viernes,17:15,2,20,Sofia D. #20,socio
2026-08-21,Viernes,17:15,3,30,Martina M. #30,socio
2026-08-21,Viernes,17:15,4,38,Ivan G. #38,socio
2026-08-21,Viernes,17:15,5,58,Lucia P. #58,socio
2026-08-21,Viernes,17:15,6,65,Irene P. #65,socio
2026-08-21,Viernes,17:15,7,66,Daniel M. #66,socio
2026-08-21,Viernes,18:30,1,8,Daniel G. #8,socio
2026-08-21,Viernes,18:30,2,12,Sergio L. #12,socio
2026-08-21,Viernes,18:30,3,16,Javier S. #16,socio
2026-08-21,Viernes,18:30,4,21,Claudia M. #21,socio
2026-08-21,Viernes,18:30,5,37,Irene M. #37,socio
2026-08-21,Viernes,18:30,6,51,Elena G. #51,socio
2026-08-21,Viernes,18:30,7,53,Alba P. #53,socio
2026-08-21,Viernes,18:30,8,54,Sergio S. #54,socio
2026-08-21,Viernes,18:30,9,74,Lucia L. #74,socio
2026-08-21,Viernes,18:30,10,96,Alba R. #96,socio
2026-08-21,Viernes,19:45,1,31,Paula M. #31,socio
2026-08-21,Viernes,19:45,2,56,Oscar S. #56,socio
2026-08-21,Viernes,19:45,3,73,Sofia G. #73,socio
2026-08-21,Viernes,19:45,4,91,Noelia G. #91,socio
2026-08-21,Viernes,19:45,5,98,Claudia A. #98,socio
2026-08-21,Viernes,21:00,1,19,Pablo M. #19,socio
2026-08-21,Viernes,21:00,2,59,Alba A. #59,socio
2026-08-22,Sabado,09:30,1,4,Adrian R. #4,socio
2026-08-22,Sabado,09:30,2,5,Ruben R. #5,socio
2026-08-22,Sabado,09:30,3,28,Pablo D. #28,socio
2026-08-22,Sabado,09:30,4,34,Daniel S. #34,socio
2026-08-22,Sabado,09:30,5,35,Alvaro P. #35,socio
2026-08-22,Sabado,09:30,6,44,Ivan G. #44,socio
2026-08-22,Sabado,09:30,7,66,Daniel M. #66,socio
2026-08-22,Sabado,09:30,8,94,Ruben G. #94,socio
2026-08-22,Sabado,09:30,9,99,Ruben R. #99,socio
2026-08-22,Sabado,10:45,1,9,Javier R. #9,socio
2026-08-22,Sabado,10:45,2,51,Elena G. #51,socio
2026-08-22,Sabado,12:00,1,3,Hugo M. #3,socio
2026-08-22,Sabado,12:00,2,24,Paula D. #24,socio
2026-08-22,Sabado,16:00,1,17,Martina A. #17,socio
2026-08-22,Sabado,16:00,2,18,Irene D. #18,socio
2026-08-22,Sabado,16:00,3,25,Hugo P. #25,socio
2026-08-22,Sabado,16:00,4,71,Claudia M. #71,socio
2026-08-22,Sabado,17:15,1,14,Mario M. #14,socio
2026-08-22,Sabado,17:15,2,26,Javier R. #26,socio
2026-08-22,Sabado,17:15,3,29,Sofia S. #29,socio
2026-08-22,Sabado,17:15,4,30,Martina M. #30,socio
2026-08-22,Sabado,17:15,5,36,Adrian M. #36,socio
2026-08-22,Sabado,17:15,6,46,Sergio A. #46,socio
2026-08-22,Sabado,18:30,1,31,Paula M. #31,socio
2026-08-22,Sabado,18:30,2,54,Sergio S. #54,socio
2026-08-22,Sabado,18:30,3,55,Irene S. #55,socio
2026-08-22,Sabado,18:30,4,82,Noelia D. #82,socio
2026-08-22,Sabado,18:30,5,96,Alba R. #96,socio
2026-08-22,Sabado,19:45,1,16,Javier S. #16,socio
2026-08-22,Sabado,19:45,2,41,Carla D. #41,socio
2026-08-22,Sabado,19:45,3,98,Claudia A. #98,socio
2026-08-22,Sabado,19:45,4,108,Daniel G. #108,prueba
2026-08-22,Sabado,21:00,1,32,Paula R. #32,socio
2026-08-24,Lunes,09:30,1,4,Adrian R. #4,socio
2026-08-24,Lunes,09:30,2,5,Ruben R. #5,socio
2026-08-24,Lunes,09:30,3,34,Daniel S. #34,socio
2026-08-24,Lunes,09:30,4,40,Marcos R. #40,socio
2026-08-24,Lunes,09:30,5,43,Sofia M. #43,socio
2026-08-24,Lunes,09:30,6,44,Ivan G. #44,socio
2026-08-24,Lunes,10:45,1,9,Javier R. #9,socio
2026-08-24,Lunes,10:45,2,51,Elena G. #51,socio
2026-08-24,Lunes,10:45,3,78,Martina M. #78,socio
2026-08-24,Lunes,12:00,1,3,Hugo M. #3,socio
2026-08-24,Lunes,16:00,1,17,Martina A. #17,socio
2026-08-24,Lunes,16:00,2,48,Marcos D. #48,socio
2026-08-24,Lunes,16:00,3,109,Martina A. #109,prueba
2026-08-24,Lunes,17:15,1,14,Mario M. #14,socio
2026-08-24,Lunes,17:15,2,20,Sofia D. #20,socio
2026-08-24,Lunes,17:15,3,29,Sofia S. #29,socio
2026-08-24,Lunes,17:15,4,30,Martina M. #30,socio
2026-08-24,Lunes,17:15,5,58,Lucia P. #58,socio
2026-08-24,Lunes,17:15,6,103,Martina L. #103,socio
2026-08-24,Lunes,18:30,1,10,Noelia P. #10,socio
2026-08-24,Lunes,18:30,2,37,Irene M. #37,socio
2026-08-24,Lunes,18:30,3,54,Sergio S. #54,socio
2026-08-24,Lunes,18:30,4,75,Alvaro P. #75,socio
2026-08-24,Lunes,18:30,5,82,Noelia D. #82,socio
2026-08-24,Lunes,18:30,6,96,Alba R. #96,socio
2026-08-24,Lunes,19:45,1,16,Javier S. #16,socio
2026-08-24,Lunes,19:45,2,91,Noelia G. #91,socio
2026-08-24,Lunes,19:45,3,98,Claudia A. #98,socio
2026-08-24,Lunes,21:00,1,15,Laura A. #15,socio
2026-08-24,Lunes,21:00,2,26,Javier R. #26,socio
2026-08-24,Lunes,21:00,3,32,Paula R. #32,socio
2026-08-24,Lunes,21:00,4,47,Pablo D. #47,socio
2026-08-24,Lunes,21:00,5,59,Alba A. #59,socio
2026-08-24,Lunes,21:00,6,60,Oscar G. #60,socio
2026-08-24,Lunes,21:00,7,66,Daniel M. #66,socio
2026-08-25,Martes,09:30,1,4,Adrian R. #4,socio
2026-08-25,Martes,09:30,2,5,Ruben R. #5,socio
2026-08-25,Martes,09:30,3,28,Pablo D. #28,socio
2026-08-25,Martes,09:30,4,42,Ivan G. #42,socio
2026-08-25,Martes,09:30,5,44,Ivan G. #44,socio
2026-08-25,Martes,09:30,6,48,Marcos D. #48,socio
2026-08-25,Martes,09:30,7,78,Martina M. #78,socio
2026-08-25,Martes,10:45,1,8,Daniel G. #8,socio
2026-08-25,Martes,10:45,2,41,Carla D. #41,socio
2026-08-25,Martes,10:45,3,51,Elena G. #51,socio
2026-08-25,Martes,10:45,4,110,Javier R. #110,prueba
2026-08-25,Martes,12:00,1,7,Hugo A. #7,socio
2026-08-25,Martes,16:00,1,17,Martina A. #17,socio
2026-08-25,Martes,16:00,2,18,Irene D. #18,socio
2026-08-25,Martes,16:00,3,52,Lucia M. #52,socio
2026-08-25,Martes,16:00,4,71,Claudia M. #71,socio
2026-08-25,Martes,16:00,5,105,Claudia S. #105,socio
2026-08-25,Martes,17:15,1,23,Oscar D. #23,socio
2026-08-25,Martes,17:15,2,39,Nerea R. #39,socio
2026-08-25,Martes,17:15,3,58,Lucia P. #58,socio
2026-08-25,Martes,17:15,4,66,Daniel M. #66,socio
2026-08-25,Martes,18:30,1,11,Pablo A. #11,socio
2026-08-25,Martes,18:30,2,21,Claudia M. #21,socio
2026-08-25,Martes,18:30,3,54,Sergio S. #54,socio
2026-08-25,Martes,18:30,4,55,Irene S. #55,socio
2026-08-25,Martes,18:30,5,82,Noelia D. #82,socio
2026-08-25,Martes,19:45,1,14,Mario M. #14,socio
2026-08-25,Martes,19:45,2,31,Paula M. #31,socio
2026-08-25,Martes,19:45,3,91,Noelia G. #91,socio
2026-08-25,Martes,19:45,4,99,Ruben R. #99,socio
2026-08-25,Martes,21:00,1,15,Laura A. #15,socio
2026-08-25,Martes,21:00,2,32,Paula R. #32,socio
2026-08-25,Martes,21:00,3,60,Oscar G. #60,socio
2026-08-25,Martes,21:00,4,62,Javier S. #62,socio
2026-08-26,Miercoles,09:30,1,2,Martina M. #2,socio
2026-08-26,Miercoles,09:30,2,5,Ruben R. #5,socio
2026-08-26,Miercoles,09:30,3,17,Martina A. #17,socio
2026-08-26,Miercoles,09:30,4,34,Daniel S. #34,socio
2026-08-26,Miercoles,09:30,5,40,Marcos R. #40,socio
2026-08-26,Miercoles,09:30,6,42,Ivan G. #42,socio
2026-08-26,Miercoles,09:30,7,94,Ruben G. #94,socio
2026-08-26,Miercoles,09:30,8,99,Ruben R. #99,socio
2026-08-26,Miercoles,10:45,1,51,Elena G. #51,socio
2026-08-26,Miercoles,12:00,1,23,Oscar D. #23,socio
2026-08-26,Miercoles,12:00,2,44,Ivan G. #44,socio
2026-08-26,Miercoles,12:00,3,111,Hugo M. #111,prueba
2026-08-26,Miercoles,16:00,1,18,Irene D. #18,socio
2026-08-26,Miercoles,16:00,2,47,Pablo D. #47,socio
2026-08-26,Miercoles,16:00,3,52,Lucia M. #52,socio
2026-08-26,Miercoles,16:00,4,71,Claudia M. #71,socio
2026-08-26,Miercoles,16:00,5,75,Alvaro P. #75,socio
2026-08-26,Miercoles,17:15,1,1,Irene M. #1,socio
2026-08-26,Miercoles,17:15,2,12,Sergio L. #12,socio
2026-08-26,Miercoles,17:15,3,19,Pablo M. #19,socio
2026-08-26,Miercoles,17:15,4,27,Lucia D. #27,socio
2026-08-26,Miercoles,17:15,5,36,Adrian M. #36,socio
2026-08-26,Miercoles,17:15,6,37,Irene M. #37,socio
2026-08-26,Miercoles,17:15,7,38,Ivan G. #38,socio
2026-08-26,Miercoles,17:15,8,57,Carla M. #57,socio
2026-08-26,Miercoles,17:15,9,58,Lucia P. #58,socio
2026-08-26,Miercoles,17:15,10,66,Daniel M. #66,socio
2026-08-26,Miercoles,17:15,11,82,Noelia D. #82,socio
2026-08-26,Miercoles,18:30,1,21,Claudia M. #21,socio
2026-08-26,Miercoles,18:30,2,45,Ivan R. #45,socio
2026-08-26,Miercoles,18:30,3,54,Sergio S. #54,socio
2026-08-26,Miercoles,18:30,4,84,Javier M. #84,socio
2026-08-26,Miercoles,18:30,5,112,Daniel M. #112,prueba
2026-08-26,Miercoles,19:45,1,3,Hugo M. #3,socio
2026-08-26,Miercoles,19:45,2,16,Javier S. #16,socio
2026-08-26,Miercoles,19:45,3,29,Sofia S. #29,socio
2026-08-26,Miercoles,19:45,4,49,Pablo G. #49,socio
2026-08-26,Miercoles,19:45,5,56,Oscar S. #56,socio
2026-08-26,Miercoles,19:45,6,65,Irene P. #65,socio
2026-08-26,Miercoles,21:00,1,32,Paula R. #32,socio
2026-08-26,Miercoles,21:00,2,59,Alba A. #59,socio
2026-08-26,Miercoles,21:00,3,60,Oscar G. #60,socio
2026-08-26,Miercoles,21:00,4,72,Hugo G. #72,socio
2026-08-27,Jueves,09:30,1,4,Adrian R. #4,socio
2026-08-27,Jueves,09:30,2,23,Oscar D. #23,socio
2026-08-27,Jueves,09:30,3,42,Ivan G. #42,socio
2026-08-27,Jueves,09:30,4,43,Sofia M. #43,socio
2026-08-27,Jueves,09:30,5,48,Marcos D. #48,socio
2026-08-27,Jueves,09:30,6,78,Martina M. #78,socio
2026-08-27,Jueves,09:30,7,99,Ruben R. #99,socio
2026-08-27,Jueves,10:45,1,51,Elena G. #51,socio
2026-08-27,Jueves,12:00,1,36,Adrian M. #36,socio
2026-08-27,Jueves,16:00,1,17,Martina A. #17,socio
2026-08-27,Jueves,16:00,2,18,Irene D. #18,socio
2026-08-27,Jueves,16:00,3,34,Daniel S. #34,socio
2026-08-27,Jueves,16:00,4,35,Alvaro P. #35,socio
2026-08-27,Jueves,16:00,5,37,Irene M. #37,socio
2026-08-27,Jueves,16:00,6,52,Lucia M. #52,socio
2026-08-27,Jueves,16:00,7,75,Alvaro P. #75,socio
2026-08-27,Jueves,17:15,1,5,Ruben R. #5,socio
2026-08-27,Jueves,17:15,2,14,Mario M. #14,socio
2026-08-27,Jueves,17:15,3,27,Lucia D. #27,socio
2026-08-27,Jueves,17:15,4,29,Sofia S. #29,socio
2026-08-27,Jueves,17:15,5,30,Martina M. #30,socio
2026-08-27,Jueves,17:15,6,38,Ivan G. #38,socio
2026-08-27,Jueves,17:15,7,46,Sergio A. #46,socio
2026-08-27,Jueves,17:15,8,56,Oscar S. #56,socio
2026-08-27,Jueves,17:15,9,57,Carla M. #57,socio
2026-08-27,Jueves,17:15,10,60,Oscar G. #60,socio
2026-08-27,Jueves,17:15,11,66,Daniel M. #66,socio
2026-08-27,Jueves,17:15,12,85,Hugo S. #85,socio
2026-08-27,Jueves,18:30,1,7,Hugo A. #7,socio
2026-08-27,Jueves,18:30,2,10,Noelia P. #10,socio
2026-08-27,Jueves,18:30,3,21,Claudia M. #21,socio
2026-08-27,Jueves,18:30,4,25,Hugo P. #25,socio
2026-08-27,Jueves,18:30,5,50,Alba M. #50,socio
2026-08-27,Jueves,18:30,6,53,Alba P. #53,socio
2026-08-27,Jueves,18:30,7,54,Sergio S. #54,socio
2026-08-27,Jueves,18:30,8,74,Lucia L. #74,socio
2026-08-27,Jueves,18:30,9,82,Noelia D. #82,socio
2026-08-27,Jueves,18:30,10,114,Sofia M. #114,prueba
2026-08-27,Jueves,19:45,1,49,Pablo G. #49,socio
2026-08-27,Jueves,19:45,2,91,Noelia G. #91,socio
2026-08-27,Jueves,21:00,1,15,Laura A. #15,socio
2026-08-27,Jueves,21:00,2,26,Javier R. #26,socio
2026-08-27,Jueves,21:00,3,32,Paula R. #32,socio
2026-08-27,Jueves,21:00,4,59,Alba A. #59,socio
2026-08-27,Jueves,21:00,5,105,Claudia S. #105,socio
2026-08-27,Jueves,21:00,6,113,Paula A. #113,prueba
2026-08-28,Viernes,09:30,1,2,Martina M. #2,socio
2026-08-28,Viernes,09:30,2,4,Adrian R. #4,socio
2026-08-28,Viernes,09:30,3,40,Marcos R. #40,socio
2026-08-28,Viernes,09:30,4,44,Ivan G. #44,socio
2026-08-28,Viernes,09:30,5,60,Oscar G. #60,socio
2026-08-28,Viernes,09:30,6,99,Ruben R. #99,socio
2026-08-28,Viernes,10:45,1,45,Ivan R. #45,socio
2026-08-28,Viernes,10:45,2,51,Elena G. #51,socio
2026-08-28,Viernes,12:00,1,25,Hugo P. #25,socio
2026-08-28,Viernes,16:00,1,42,Ivan G. #42,socio
2026-08-28,Viernes,16:00,2,52,Lucia M. #52,socio
2026-08-28,Viernes,16:00,3,75,Alvaro P. #75,socio
2026-08-28,Viernes,17:15,1,14,Mario M. #14,socio
2026-08-28,Viernes,17:15,2,31,Paula M. #31,socio
2026-08-28,Viernes,17:15,3,38,Ivan G. #38,socio
2026-08-28,Viernes,17:15,4,98,Claudia A. #98,socio
2026-08-28,Viernes,18:30,1,7,Hugo A. #7,socio
2026-08-28,Viernes,18:30,2,8,Daniel G. #8,socio
2026-08-28,Viernes,18:30,3,11,Pablo A. #11,socio
2026-08-28,Viernes,18:30,4,37,Irene M. #37,socio
2026-08-28,Viernes,18:30,5,54,Sergio S. #54,socio
2026-08-28,Viernes,18:30,6,55,Irene S. #55,socio
2026-08-28,Viernes,18:30,7,74,Lucia L. #74,socio
2026-08-28,Viernes,19:45,1,49,Pablo G. #49,socio
2026-08-28,Viernes,19:45,2,73,Sofia G. #73,socio
2026-08-28,Viernes,21:00,1,15,Laura A. #15,socio
2026-08-28,Viernes,21:00,2,21,Claudia M. #21,socio
2026-08-28,Viernes,21:00,3,32,Paula R. #32,socio
2026-08-28,Viernes,21:00,4,47,Pablo D. #47,socio
2026-08-28,Viernes,21:00,5,115,Claudia M. #115,prueba
2026-08-29,Sabado,09:30,1,23,Oscar D. #23,socio
2026-08-29,Sabado,09:30,2,28,Pablo D. #28,socio
2026-08-29,Sabado,09:30,3,34,Daniel S. #34,socio
2026-08-29,Sabado,09:30,4,40,Marcos R. #40,socio
2026-08-29,Sabado,09:30,5,42,Ivan G. #42,socio
2026-08-29,Sabado,09:30,6,44,Ivan G. #44,socio
2026-08-29,Sabado,09:30,7,66,Daniel M. #66,socio
2026-08-29,Sabado,09:30,8,78,Martina M. #78,socio
2026-08-29,Sabado,09:30,9,99,Ruben R. #99,socio
2026-08-29,Sabado,10:45,1,51,Elena G. #51,socio
2026-08-29,Sabado,10:45,2,75,Alvaro P. #75,socio
2026-08-29,Sabado,12:00,1,3,Hugo M. #3,socio
2026-08-29,Sabado,16:00,1,17,Martina A. #17,socio
2026-08-29,Sabado,16:00,2,52,Lucia M. #52,socio
2026-08-29,Sabado,16:00,3,71,Claudia M. #71,socio
2026-08-29,Sabado,16:00,4,107,Paula G. #107,socio
2026-08-29,Sabado,17:15,1,30,Martina M. #30,socio
2026-08-29,Sabado,17:15,2,36,Adrian M. #36,socio
2026-08-29,Sabado,17:15,3,38,Ivan G. #38,socio
2026-08-29,Sabado,17:15,4,46,Sergio A. #46,socio
2026-08-29,Sabado,17:15,5,55,Irene S. #55,socio
2026-08-29,Sabado,17:15,6,65,Irene P. #65,socio
2026-08-29,Sabado,18:30,1,2,Martina M. #2,socio
2026-08-29,Sabado,18:30,2,8,Daniel G. #8,socio
2026-08-29,Sabado,18:30,3,10,Noelia P. #10,socio
2026-08-29,Sabado,18:30,4,21,Claudia M. #21,socio
2026-08-29,Sabado,18:30,5,25,Hugo P. #25,socio
2026-08-29,Sabado,18:30,6,37,Irene M. #37,socio
2026-08-29,Sabado,18:30,7,54,Sergio S. #54,socio
2026-08-29,Sabado,18:30,8,60,Oscar G. #60,socio
2026-08-29,Sabado,19:45,1,14,Mario M. #14,socio
2026-08-29,Sabado,19:45,2,16,Javier S. #16,socio
2026-08-29,Sabado,19:45,3,32,Paula R. #32,socio
2026-08-29,Sabado,19:45,4,45,Ivan R. #45,socio
2026-08-29,Sabado,19:45,5,49,Pablo G. #49,socio
2026-08-29,Sabado,19:45,6,98,Claudia A. #98,socio
2026-08-29,Sabado,21:00,1,26,Javier R. #26,socio
2026-08-29,Sabado,21:00,2,47,Pablo D. #47,socio
2026-08-29,Sabado,21:00,3,72,Hugo G. #72,socio
2026-08-29,Sabado,21:00,4,116,Lucia M. #116,prueba
2026-08-31,Lunes,09:30,1,5,Ruben R. #5,socio
2026-08-31,Lunes,09:30,2,14,Mario M. #14,socio
2026-08-31,Lunes,09:30,3,34,Daniel S. #34,socio
2026-08-31,Lunes,09:30,4,42,Ivan G. #42,socio
2026-08-31,Lunes,09:30,5,43,Sofia M. #43,socio
2026-08-31,Lunes,09:30,6,44,Ivan G. #44,socio
2026-08-31,Lunes,10:45,1,51,Elena G. #51,socio
2026-08-31,Lunes,12:00,1,19,Pablo M. #19,socio
2026-08-31,Lunes,12:00,2,35,Alvaro P. #35,socio
2026-08-31,Lunes,12:00,3,85,Hugo S. #85,socio
2026-08-31,Lunes,16:00,1,17,Martina A. #17,socio
2026-08-31,Lunes,16:00,2,71,Claudia M. #71,socio
2026-08-31,Lunes,16:00,3,75,Alvaro P. #75,socio
2026-08-31,Lunes,16:00,4,107,Paula G. #107,socio
2026-08-31,Lunes,16:00,5,117,Elena M. #117,prueba
2026-08-31,Lunes,17:15,1,1,Irene M. #1,socio
2026-08-31,Lunes,17:15,2,27,Lucia D. #27,socio
2026-08-31,Lunes,17:15,3,29,Sofia S. #29,socio
2026-08-31,Lunes,17:15,4,36,Adrian M. #36,socio
2026-08-31,Lunes,17:15,5,57,Carla M. #57,socio
2026-08-31,Lunes,17:15,6,66,Daniel M. #66,socio
2026-08-31,Lunes,18:30,1,3,Hugo M. #3,socio
2026-08-31,Lunes,18:30,2,21,Claudia M. #21,socio
2026-08-31,Lunes,18:30,3,31,Paula M. #31,socio
2026-08-31,Lunes,18:30,4,37,Irene M. #37,socio
2026-08-31,Lunes,18:30,5,48,Marcos D. #48,socio
2026-08-31,Lunes,18:30,6,50,Alba M. #50,socio
2026-08-31,Lunes,19:45,1,10,Noelia P. #10,socio
2026-08-31,Lunes,19:45,2,49,Pablo G. #49,socio
2026-08-31,Lunes,19:45,3,56,Oscar S. #56,socio
2026-08-31,Lunes,21:00,1,32,Paula R. #32,socio
2026-08-31,Lunes,21:00,2,47,Pablo D. #47,socio
2026-08-31,Lunes,21:00,3,60,Oscar G. #60,socio
2026-08-31,Lunes,21:00,4,72,Hugo G. #72,socio
2026-09-01,Martes,09:30,1,5,Ruben R. #5,socio
2026-09-01,Martes,09:30,2,23,Oscar D. #23,socio
2026-09-01,Martes,09:30,3,28,Pablo D. #28,socio
2026-09-01,Martes,09:30,4,34,Daniel S. #34,socio
2026-09-01,Martes,09:30,5,42,Ivan G. #42,socio
2026-09-01,Martes,09:30,6,43,Sofia M. #43,socio
2026-09-01,Martes,09:30,7,99,Ruben R. #99,socio
2026-09-01,Martes,09:30,8,119,Claudia G. #119,prueba
2026-09-01,Martes,10:45,1,51,Elena G. #51,socio
2026-09-01,Martes,16:00,1,35,Alvaro P. #35,socio
2026-09-01,Martes,16:00,2,36,Adrian M. #36,socio
2026-09-01,Martes,16:00,3,48,Marcos D. #48,socio
2026-09-01,Martes,16:00,4,52,Lucia M. #52,socio
2026-09-01,Martes,16:00,5,75,Alvaro P. #75,socio
2026-09-01,Martes,16:00,6,105,Claudia S. #105,socio
2026-09-01,Martes,17:15,1,20,Sofia D. #20,socio
2026-09-01,Martes,17:15,2,27,Lucia D. #27,socio
2026-09-01,Martes,17:15,3,29,Sofia S. #29,socio
2026-09-01,Martes,17:15,4,38,Ivan G. #38,socio
2026-09-01,Martes,17:15,5,45,Ivan R. #45,socio
2026-09-01,Martes,17:15,6,46,Sergio A. #46,socio
2026-09-01,Martes,17:15,7,54,Sergio S. #54,socio
2026-09-01,Martes,17:15,8,58,Lucia P. #58,socio
2026-09-01,Martes,17:15,9,66,Daniel M. #66,socio
2026-09-01,Martes,18:30,1,7,Hugo A. #7,socio
2026-09-01,Martes,18:30,2,8,Daniel G. #8,socio
2026-09-01,Martes,18:30,3,10,Noelia P. #10,socio
2026-09-01,Martes,18:30,4,53,Alba P. #53,socio
2026-09-01,Martes,18:30,5,118,Alba R. #118,prueba
2026-09-01,Martes,19:45,1,2,Martina M. #2,socio
2026-09-01,Martes,19:45,2,17,Martina A. #17,socio
2026-09-01,Martes,19:45,3,37,Irene M. #37,socio
2026-09-01,Martes,19:45,4,73,Sofia G. #73,socio
2026-09-01,Martes,19:45,5,91,Noelia G. #91,socio
2026-09-01,Martes,21:00,1,47,Pablo D. #47,socio
2026-09-01,Martes,21:00,2,60,Oscar G. #60,socio
2026-09-02,Miercoles,09:30,1,2,Martina M. #2,socio
2026-09-02,Miercoles,09:30,2,42,Ivan G. #42,socio
2026-09-02,Miercoles,09:30,3,94,Ruben G. #94,socio
2026-09-02,Miercoles,09:30,4,103,Martina L. #103,socio
2026-09-02,Miercoles,10:45,1,9,Javier R. #9,socio
2026-09-02,Miercoles,10:45,2,18,Irene D. #18,socio
2026-09-02,Miercoles,10:45,3,38,Ivan G. #38,socio
2026-09-02,Miercoles,10:45,4,41,Carla D. #41,socio
2026-09-02,Miercoles,10:45,5,45,Ivan R. #45,socio
2026-09-02,Miercoles,10:45,6,110,Javier R. #110,socio
2026-09-02,Miercoles,10:45,7,121,Carla M. #121,prueba
2026-09-02,Miercoles,16:00,1,17,Martina A. #17,socio
2026-09-02,Miercoles,16:00,2,35,Alvaro P. #35,socio
2026-09-02,Miercoles,16:00,3,52,Lucia M. #52,socio
2026-09-02,Miercoles,17:15,1,5,Ruben R. #5,socio
2026-09-02,Miercoles,17:15,2,14,Mario M. #14,socio
2026-09-02,Miercoles,17:15,3,19,Pablo M. #19,socio
2026-09-02,Miercoles,17:15,4,20,Sofia D. #20,socio
2026-09-02,Miercoles,17:15,5,24,Paula D. #24,socio
2026-09-02,Miercoles,17:15,6,29,Sofia S. #29,socio
2026-09-02,Miercoles,17:15,7,57,Carla M. #57,socio
2026-09-02,Miercoles,17:15,8,65,Irene P. #65,socio
2026-09-02,Miercoles,17:15,9,66,Daniel M. #66,socio
2026-09-02,Miercoles,18:30,1,8,Daniel G. #8,socio
2026-09-02,Miercoles,18:30,2,37,Irene M. #37,socio
2026-09-02,Miercoles,18:30,3,54,Sergio S. #54,socio
2026-09-02,Miercoles,18:30,4,55,Irene S. #55,socio
2026-09-02,Miercoles,19:45,1,10,Noelia P. #10,socio
2026-09-02,Miercoles,19:45,2,26,Javier R. #26,socio
2026-09-02,Miercoles,19:45,3,49,Pablo G. #49,socio
2026-09-02,Miercoles,19:45,4,73,Sofia G. #73,socio
2026-09-02,Miercoles,19:45,5,91,Noelia G. #91,socio
2026-09-02,Miercoles,19:45,6,98,Claudia A. #98,socio
2026-09-02,Miercoles,19:45,7,120,Victor S. #120,prueba
2026-09-02,Miercoles,21:00,1,16,Javier S. #16,socio
2026-09-02,Miercoles,21:00,2,32,Paula R. #32,socio
2026-09-02,Miercoles,21:00,3,47,Pablo D. #47,socio
2026-09-02,Miercoles,21:00,4,72,Hugo G. #72,socio
2026-09-03,Jueves,09:30,1,2,Martina M. #2,socio
2026-09-03,Jueves,09:30,2,5,Ruben R. #5,socio
2026-09-03,Jueves,09:30,3,28,Pablo D. #28,socio
2026-09-03,Jueves,09:30,4,43,Sofia M. #43,socio
2026-09-03,Jueves,09:30,5,94,Ruben G. #94,socio
2026-09-03,Jueves,12:00,1,27,Lucia D. #27,socio
2026-09-03,Jueves,12:00,2,85,Hugo S. #85,socio
2026-09-03,Jueves,16:00,1,48,Marcos D. #48,socio
2026-09-03,Jueves,16:00,2,105,Claudia S. #105,socio
2026-09-03,Jueves,16:00,3,107,Paula G. #107,socio
2026-09-03,Jueves,17:15,1,1,Irene M. #1,socio
2026-09-03,Jueves,17:15,2,14,Mario M. #14,socio
2026-09-03,Jueves,17:15,3,19,Pablo M. #19,socio
2026-09-03,Jueves,17:15,4,23,Oscar D. #23,socio
2026-09-03,Jueves,17:15,5,30,Martina M. #30,socio
2026-09-03,Jueves,17:15,6,31,Paula M. #31,socio
2026-09-03,Jueves,17:15,7,39,Nerea R. #39,socio
2026-09-03,Jueves,17:15,8,44,Ivan G. #44,socio
2026-09-03,Jueves,17:15,9,46,Sergio A. #46,socio
2026-09-03,Jueves,17:15,10,57,Carla M. #57,socio
2026-09-03,Jueves,17:15,11,65,Irene P. #65,socio
2026-09-03,Jueves,18:30,1,10,Noelia P. #10,socio
2026-09-03,Jueves,18:30,2,11,Pablo A. #11,socio
2026-09-03,Jueves,18:30,3,21,Claudia M. #21,socio
2026-09-03,Jueves,18:30,4,37,Irene M. #37,socio
2026-09-03,Jueves,18:30,5,45,Ivan R. #45,socio
2026-09-03,Jueves,18:30,6,50,Alba M. #50,socio
2026-09-03,Jueves,18:30,7,54,Sergio S. #54,socio
2026-09-03,Jueves,18:30,8,84,Javier M. #84,socio
2026-09-03,Jueves,18:30,9,96,Alba R. #96,socio
2026-09-03,Jueves,18:30,10,112,Daniel M. #112,socio
2026-09-03,Jueves,18:30,11,114,Sofia M. #114,socio
2026-09-03,Jueves,19:45,1,16,Javier S. #16,socio
2026-09-03,Jueves,19:45,2,36,Adrian M. #36,socio
2026-09-03,Jueves,19:45,3,49,Pablo G. #49,socio
2026-09-03,Jueves,19:45,4,73,Sofia G. #73,socio
2026-09-03,Jueves,19:45,5,91,Noelia G. #91,socio
2026-09-03,Jueves,19:45,6,98,Claudia A. #98,socio
2026-09-03,Jueves,21:00,1,26,Javier R. #26,socio
2026-09-03,Jueves,21:00,2,47,Pablo D. #47,socio
2026-09-03,Jueves,21:00,3,60,Oscar G. #60,socio
2026-09-04,Viernes,09:30,1,4,Adrian R. #4,socio
2026-09-04,Viernes,09:30,2,5,Ruben R. #5,socio
2026-09-04,Viernes,09:30,3,33,Daniel M. #33,socio
2026-09-04,Viernes,09:30,4,34,Daniel S. #34,socio
2026-09-04,Viernes,09:30,5,40,Marcos R. #40,socio
2026-09-04,Viernes,09:30,6,42,Ivan G. #42,socio
2026-09-04,Viernes,09:30,7,43,Sofia M. #43,socio
2026-09-04,Viernes,09:30,8,94,Ruben G. #94,socio
2026-09-04,Viernes,10:45,1,9,Javier R. #9,socio
2026-09-04,Viernes,10:45,2,45,Ivan R. #45,socio
2026-09-04,Viernes,10:45,3,50,Alba M. #50,socio
2026-09-04,Viernes,10:45,4,51,Elena G. #51,socio
2026-09-04,Viernes,12:00,1,85,Hugo S. #85,socio
2026-09-04,Viernes,16:00,1,35,Alvaro P. #35,socio
2026-09-04,Viernes,16:00,2,75,Alvaro P. #75,socio
2026-09-04,Viernes,16:00,3,105,Claudia S. #105,socio
2026-09-04,Viernes,17:15,1,1,Irene M. #1,socio
2026-09-04,Viernes,17:15,2,14,Mario M. #14,socio
2026-09-04,Viernes,17:15,3,19,Pablo M. #19,socio
2026-09-04,Viernes,17:15,4,29,Sofia S. #29,socio
2026-09-04,Viernes,17:15,5,30,Martina M. #30,socio
2026-09-04,Viernes,17:15,6,39,Nerea R. #39,socio
2026-09-04,Viernes,17:15,7,103,Martina L. #103,socio
2026-09-04,Viernes,18:30,1,24,Paula D. #24,socio
2026-09-04,Viernes,18:30,2,26,Javier R. #26,socio
2026-09-04,Viernes,18:30,3,37,Irene M. #37,socio
2026-09-04,Viernes,18:30,4,53,Alba P. #53,socio
2026-09-04,Viernes,18:30,5,54,Sergio S. #54,socio
2026-09-04,Viernes,18:30,6,55,Irene S. #55,socio
2026-09-04,Viernes,18:30,7,66,Daniel M. #66,socio
2026-09-04,Viernes,18:30,8,84,Javier M. #84,socio
2026-09-04,Viernes,18:30,9,99,Ruben R. #99,socio
2026-09-04,Viernes,19:45,1,49,Pablo G. #49,socio
2026-09-04,Viernes,19:45,2,73,Sofia G. #73,socio
2026-09-04,Viernes,19:45,3,98,Claudia A. #98,socio
2026-09-04,Viernes,21:00,1,27,Lucia D. #27,socio
2026-09-04,Viernes,21:00,2,38,Ivan G. #38,socio
2026-09-04,Viernes,21:00,3,60,Oscar G. #60,socio
2026-09-05,Sabado,09:30,1,2,Martina M. #2,socio
2026-09-05,Sabado,09:30,2,4,Adrian R. #4,socio
2026-09-05,Sabado,09:30,3,26,Javier R. #26,socio
2026-09-05,Sabado,09:30,4,34,Daniel S. #34,socio
2026-09-05,Sabado,09:30,5,40,Marcos R. #40,socio
2026-09-05,Sabado,09:30,6,42,Ivan G. #42,socio
2026-09-05,Sabado,09:30,7,43,Sofia M. #43,socio
2026-09-05,Sabado,09:30,8,94,Ruben G. #94,socio
2026-09-05,Sabado,10:45,1,51,Elena G. #51,socio
2026-09-05,Sabado,10:45,2,110,Javier R. #110,socio
2026-09-05,Sabado,16:00,1,52,Lucia M. #52,socio
2026-09-05,Sabado,16:00,2,75,Alvaro P. #75,socio
2026-09-05,Sabado,16:00,3,107,Paula G. #107,socio
2026-09-05,Sabado,17:15,1,27,Lucia D. #27,socio
2026-09-05,Sabado,17:15,2,29,Sofia S. #29,socio
2026-09-05,Sabado,17:15,3,36,Adrian M. #36,socio
2026-09-05,Sabado,17:15,4,38,Ivan G. #38,socio
2026-09-05,Sabado,17:15,5,39,Nerea R. #39,socio
2026-09-05,Sabado,17:15,6,78,Martina M. #78,socio
2026-09-05,Sabado,17:15,7,103,Martina L. #103,socio
2026-09-05,Sabado,17:15,8,122,Sofia L. #122,prueba
2026-09-05,Sabado,18:30,1,7,Hugo A. #7,socio
2026-09-05,Sabado,18:30,2,24,Paula D. #24,socio
2026-09-05,Sabado,18:30,3,48,Marcos D. #48,socio
2026-09-05,Sabado,18:30,4,50,Alba M. #50,socio
2026-09-05,Sabado,18:30,5,53,Alba P. #53,socio
2026-09-05,Sabado,18:30,6,54,Sergio S. #54,socio
2026-09-05,Sabado,18:30,7,62,Javier S. #62,socio
2026-09-05,Sabado,18:30,8,84,Javier M. #84,socio
2026-09-05,Sabado,19:45,1,12,Sergio L. #12,socio
2026-09-05,Sabado,19:45,2,14,Mario M. #14,socio
2026-09-05,Sabado,19:45,3,31,Paula M. #31,socio
2026-09-05,Sabado,19:45,4,73,Sofia G. #73,socio
2026-09-05,Sabado,19:45,5,91,Noelia G. #91,socio
2026-09-05,Sabado,21:00,1,30,Martina M. #30,socio
2026-09-07,Lunes,09:30,1,2,Martina M. #2,socio
2026-09-07,Lunes,09:30,2,28,Pablo D. #28,socio
2026-09-07,Lunes,09:30,3,33,Daniel M. #33,socio
2026-09-07,Lunes,09:30,4,34,Daniel S. #34,socio
2026-09-07,Lunes,09:30,5,43,Sofia M. #43,socio
2026-09-07,Lunes,09:30,6,44,Ivan G. #44,socio
2026-09-07,Lunes,10:45,1,19,Pablo M. #19,socio
2026-09-07,Lunes,10:45,2,41,Carla D. #41,socio
2026-09-07,Lunes,12:00,1,27,Lucia D. #27,socio
2026-09-07,Lunes,12:00,2,85,Hugo S. #85,socio
2026-09-07,Lunes,16:00,1,3,Hugo M. #3,socio
2026-09-07,Lunes,16:00,2,48,Marcos D. #48,socio
2026-09-07,Lunes,16:00,3,75,Alvaro P. #75,socio
2026-09-07,Lunes,16:00,4,105,Claudia S. #105,socio
2026-09-07,Lunes,16:00,5,117,Elena M. #117,socio
2026-09-07,Lunes,17:15,1,14,Mario M. #14,socio
2026-09-07,Lunes,17:15,2,57,Carla M. #57,socio
2026-09-07,Lunes,18:30,1,5,Ruben R. #5,socio
2026-09-07,Lunes,18:30,2,7,Hugo A. #7,socio
2026-09-07,Lunes,18:30,3,54,Sergio S. #54,socio
2026-09-07,Lunes,18:30,4,112,Daniel M. #112,socio
2026-09-07,Lunes,19:45,1,16,Javier S. #16,socio
2026-09-07,Lunes,19:45,2,31,Paula M. #31,socio
2026-09-07,Lunes,19:45,3,73,Sofia G. #73,socio
2026-09-07,Lunes,19:45,4,98,Claudia A. #98,socio
2026-09-07,Lunes,21:00,1,32,Paula R. #32,socio
2026-09-07,Lunes,21:00,2,47,Pablo D. #47,socio
2026-09-07,Lunes,21:00,3,51,Elena G. #51,socio
2026-09-07,Lunes,21:00,4,72,Hugo G. #72,socio
2026-09-08,Martes,09:30,1,10,Noelia P. #10,socio
2026-09-08,Martes,09:30,2,34,Daniel S. #34,socio
2026-09-08,Martes,09:30,3,42,Ivan G. #42,socio
2026-09-08,Martes,09:30,4,43,Sofia M. #43,socio
2026-09-08,Martes,09:30,5,51,Elena G. #51,socio
2026-09-08,Martes,09:30,6,94,Ruben G. #94,socio
2026-09-08,Martes,09:30,7,123,Victor S. #123,prueba
2026-09-08,Martes,09:30,8,124,Mario R. #124,prueba
2026-09-08,Martes,10:45,1,110,Javier R. #110,socio
2026-09-08,Martes,12:00,1,85,Hugo S. #85,socio
2026-09-08,Martes,16:00,1,14,Mario M. #14,socio
2026-09-08,Martes,16:00,2,17,Martina A. #17,socio
2026-09-08,Martes,16:00,3,71,Claudia M. #71,socio
2026-09-08,Martes,16:00,4,82,Noelia D. #82,socio
2026-09-08,Martes,16:00,5,117,Elena M. #117,socio
2026-09-08,Martes,17:15,1,1,Irene M. #1,socio
2026-09-08,Martes,17:15,2,19,Pablo M. #19,socio
2026-09-08,Martes,17:15,3,27,Lucia D. #27,socio
2026-09-08,Martes,17:15,4,30,Martina M. #30,socio
2026-09-08,Martes,17:15,5,36,Adrian M. #36,socio
2026-09-08,Martes,18:30,1,8,Daniel G. #8,socio
2026-09-08,Martes,18:30,2,21,Claudia M. #21,socio
2026-09-08,Martes,18:30,3,25,Hugo P. #25,socio
2026-09-08,Martes,18:30,4,37,Irene M. #37,socio
2026-09-08,Martes,18:30,5,50,Alba M. #50,socio
2026-09-08,Martes,18:30,6,84,Javier M. #84,socio
2026-09-08,Martes,18:30,7,91,Noelia G. #91,socio
2026-09-08,Martes,18:30,8,96,Alba R. #96,socio
2026-09-08,Martes,19:45,1,16,Javier S. #16,socio
2026-09-08,Martes,19:45,2,31,Paula M. #31,socio
2026-09-08,Martes,19:45,3,55,Irene S. #55,socio
2026-09-08,Martes,19:45,4,98,Claudia A. #98,socio
2026-09-08,Martes,21:00,1,32,Paula R. #32,socio
2026-09-08,Martes,21:00,2,60,Oscar G. #60,socio
2026-09-09,Miercoles,09:30,1,4,Adrian R. #4,socio
2026-09-09,Miercoles,09:30,2,23,Oscar D. #23,socio
2026-09-09,Miercoles,09:30,3,40,Marcos R. #40,socio
2026-09-09,Miercoles,09:30,4,58,Lucia P. #58,socio
2026-09-09,Miercoles,09:30,5,94,Ruben G. #94,socio
2026-09-09,Miercoles,10:45,1,5,Ruben R. #5,socio
2026-09-09,Miercoles,10:45,2,41,Carla D. #41,socio
2026-09-09,Miercoles,10:45,3,51,Elena G. #51,socio
2026-09-09,Miercoles,12:00,1,34,Daniel S. #34,socio
2026-09-09,Miercoles,16:00,1,31,Paula M. #31,socio
2026-09-09,Miercoles,16:00,2,48,Marcos D. #48,socio
2026-09-09,Miercoles,16:00,3,75,Alvaro P. #75,socio
2026-09-09,Miercoles,16:00,4,117,Elena M. #117,socio
2026-09-09,Miercoles,17:15,1,2,Martina M. #2,socio
2026-09-09,Miercoles,17:15,2,19,Pablo M. #19,socio
2026-09-09,Miercoles,17:15,3,27,Lucia D. #27,socio
2026-09-09,Miercoles,17:15,4,125,Hugo G. #125,prueba
2026-09-09,Miercoles,18:30,1,10,Noelia P. #10,socio
2026-09-09,Miercoles,18:30,2,21,Claudia M. #21,socio
2026-09-09,Miercoles,18:30,3,54,Sergio S. #54,socio
2026-09-09,Miercoles,18:30,4,112,Daniel M. #112,socio
2026-09-09,Miercoles,19:45,1,120,Victor S. #120,socio
2026-09-09,Miercoles,21:00,1,30,Martina M. #30,socio
2026-09-09,Miercoles,21:00,2,32,Paula R. #32,socio
2026-09-09,Miercoles,21:00,3,43,Sofia M. #43,socio
2026-09-09,Miercoles,21:00,4,62,Javier S. #62,socio
2026-09-10,Jueves,09:30,1,4,Adrian R. #4,socio
2026-09-10,Jueves,09:30,2,17,Martina A. #17,socio
2026-09-10,Jueves,09:30,3,34,Daniel S. #34,socio
2026-09-10,Jueves,09:30,4,44,Ivan G. #44,socio
2026-09-10,Jueves,09:30,5,66,Daniel M. #66,socio
2026-09-10,Jueves,09:30,6,78,Martina M. #78,socio
2026-09-10,Jueves,09:30,7,120,Victor S. #120,socio
2026-09-10,Jueves,10:45,1,9,Javier R. #9,socio
2026-09-10,Jueves,10:45,2,38,Ivan G. #38,socio
2026-09-10,Jueves,10:45,3,45,Ivan R. #45,socio
2026-09-10,Jueves,10:45,4,94,Ruben G. #94,socio
2026-09-10,Jueves,12:00,1,3,Hugo M. #3,socio
2026-09-10,Jueves,12:00,2,85,Hugo S. #85,socio
2026-09-10,Jueves,16:00,1,107,Paula G. #107,socio
2026-09-10,Jueves,17:15,1,12,Sergio L. #12,socio
2026-09-10,Jueves,17:15,2,14,Mario M. #14,socio
2026-09-10,Jueves,17:15,3,19,Pablo M. #19,socio
2026-09-10,Jueves,17:15,4,28,Pablo D. #28,socio
2026-09-10,Jueves,17:15,5,30,Martina M. #30,socio
2026-09-10,Jueves,17:15,6,36,Adrian M. #36,socio
2026-09-10,Jueves,17:15,7,39,Nerea R. #39,socio
2026-09-10,Jueves,17:15,8,51,Elena G. #51,socio
2026-09-10,Jueves,17:15,9,52,Lucia M. #52,socio
2026-09-10,Jueves,18:30,1,7,Hugo A. #7,socio
2026-09-10,Jueves,18:30,2,20,Sofia D. #20,socio
2026-09-10,Jueves,18:30,3,24,Paula D. #24,socio
2026-09-10,Jueves,18:30,4,31,Paula M. #31,socio
2026-09-10,Jueves,18:30,5,42,Ivan G. #42,socio
2026-09-10,Jueves,18:30,6,50,Alba M. #50,socio
2026-09-10,Jueves,18:30,7,54,Sergio S. #54,socio
2026-09-10,Jueves,18:30,8,82,Noelia D. #82,socio
2026-09-10,Jueves,18:30,9,98,Claudia A. #98,socio
2026-09-10,Jueves,18:30,10,114,Sofia M. #114,socio
2026-09-10,Jueves,19:45,1,37,Irene M. #37,socio
2026-09-10,Jueves,19:45,2,56,Oscar S. #56,socio
2026-09-10,Jueves,19:45,3,91,Noelia G. #91,socio
2026-09-10,Jueves,21:00,1,26,Javier R. #26,socio
2026-09-10,Jueves,21:00,2,47,Pablo D. #47,socio
2026-09-10,Jueves,21:00,3,62,Javier S. #62,socio
2026-09-10,Jueves,21:00,4,72,Hugo G. #72,socio
2026-09-11,Viernes,09:30,1,4,Adrian R. #4,socio
2026-09-11,Viernes,09:30,2,23,Oscar D. #23,socio
2026-09-11,Viernes,09:30,3,42,Ivan G. #42,socio
2026-09-11,Viernes,09:30,4,43,Sofia M. #43,socio
2026-09-11,Viernes,16:00,1,17,Martina A. #17,socio
2026-09-11,Viernes,16:00,2,35,Alvaro P. #35,socio
2026-09-11,Viernes,16:00,3,37,Irene M. #37,socio
2026-09-11,Viernes,16:00,4,47,Pablo D. #47,socio
2026-09-11,Viernes,16:00,5,52,Lucia M. #52,socio
2026-09-11,Viernes,16:00,6,75,Alvaro P. #75,socio
2026-09-11,Viernes,16:00,7,105,Claudia S. #105,socio
2026-09-11,Viernes,16:00,8,117,Elena M. #117,socio
2026-09-11,Viernes,17:15,1,28,Pablo D. #28,socio
2026-09-11,Viernes,17:15,2,29,Sofia S. #29,socio
2026-09-11,Viernes,17:15,3,36,Adrian M. #36,socio
2026-09-11,Viernes,17:15,4,38,Ivan G. #38,socio
2026-09-11,Viernes,17:15,5,46,Sergio A. #46,socio
2026-09-11,Viernes,17:15,6,57,Carla M. #57,socio
2026-09-11,Viernes,17:15,7,65,Irene P. #65,socio
2026-09-11,Viernes,17:15,8,103,Martina L. #103,socio
2026-09-11,Viernes,17:15,9,126,Laura G. #126,prueba
2026-09-11,Viernes,18:30,1,21,Claudia M. #21,socio
2026-09-11,Viernes,18:30,2,53,Alba P. #53,socio
2026-09-11,Viernes,18:30,3,54,Sergio S. #54,socio
2026-09-11,Viernes,18:30,4,55,Irene S. #55,socio
2026-09-11,Viernes,18:30,5,60,Oscar G. #60,socio
2026-09-11,Viernes,18:30,6,74,Lucia L. #74,socio
2026-09-11,Viernes,18:30,7,114,Sofia M. #114,socio
2026-09-11,Viernes,19:45,1,31,Paula M. #31,socio
2026-09-11,Viernes,19:45,2,73,Sofia G. #73,socio
2026-09-11,Viernes,19:45,3,98,Claudia A. #98,socio
2026-09-11,Viernes,21:00,1,26,Javier R. #26,socio
2026-09-11,Viernes,21:00,2,51,Elena G. #51,socio
2026-09-12,Sabado,09:30,1,4,Adrian R. #4,socio
2026-09-12,Sabado,09:30,2,17,Martina A. #17,socio
2026-09-12,Sabado,09:30,3,33,Daniel M. #33,socio
2026-09-12,Sabado,09:30,4,34,Daniel S. #34,socio
2026-09-12,Sabado,09:30,5,40,Marcos R. #40,socio
2026-09-12,Sabado,09:30,6,43,Sofia M. #43,socio
2026-09-12,Sabado,09:30,7,44,Ivan G. #44,socio
2026-09-12,Sabado,09:30,8,65,Irene P. #65,socio
2026-09-12,Sabado,09:30,9,78,Martina M. #78,socio
2026-09-12,Sabado,09:30,10,99,Ruben R. #99,socio
2026-09-12,Sabado,10:45,1,24,Paula D. #24,socio
2026-09-12,Sabado,10:45,2,30,Martina M. #30,socio
2026-09-12,Sabado,10:45,3,41,Carla D. #41,socio
2026-09-12,Sabado,10:45,4,45,Ivan R. #45,socio
2026-09-12,Sabado,10:45,5,110,Javier R. #110,socio
2026-09-12,Sabado,12:00,1,85,Hugo S. #85,socio
2026-09-12,Sabado,16:00,1,3,Hugo M. #3,socio
2026-09-12,Sabado,16:00,2,16,Javier S. #16,socio
2026-09-12,Sabado,16:00,3,18,Irene D. #18,socio
2026-09-12,Sabado,16:00,4,48,Marcos D. #48,socio
2026-09-12,Sabado,16:00,5,75,Alvaro P. #75,socio
2026-09-12,Sabado,17:15,1,14,Mario M. #14,socio
2026-09-12,Sabado,17:15,2,19,Pablo M. #19,socio
2026-09-12,Sabado,17:15,3,27,Lucia D. #27,socio
2026-09-12,Sabado,17:15,4,29,Sofia S. #29,socio
2026-09-12,Sabado,18:30,1,7,Hugo A. #7,socio
2026-09-12,Sabado,18:30,2,21,Claudia M. #21,socio
2026-09-12,Sabado,18:30,3,25,Hugo P. #25,socio
2026-09-12,Sabado,18:30,4,37,Irene M. #37,socio
2026-09-12,Sabado,18:30,5,53,Alba P. #53,socio
2026-09-12,Sabado,18:30,6,54,Sergio S. #54,socio
2026-09-12,Sabado,18:30,7,55,Irene S. #55,socio
2026-09-12,Sabado,18:30,8,84,Javier M. #84,socio
2026-09-12,Sabado,18:30,9,96,Alba R. #96,socio
2026-09-12,Sabado,18:30,10,107,Paula G. #107,socio
2026-09-12,Sabado,19:45,1,20,Sofia D. #20,socio
2026-09-12,Sabado,19:45,2,49,Pablo G. #49,socio
2026-09-12,Sabado,19:45,3,71,Claudia M. #71,socio
2026-09-12,Sabado,19:45,4,91,Noelia G. #91,socio
2026-09-12,Sabado,19:45,5,98,Claudia A. #98,socio
2026-09-12,Sabado,21:00,1,26,Javier R. #26,socio
2026-09-12,Sabado,21:00,2,60,Oscar G. #60,socio
2026-09-12,Sabado,21:00,3,72,Hugo G. #72,socio
2026-09-12,Sabado,21:00,4,113,Paula A. #113,socio
2026-09-14,Lunes,09:30,1,2,Martina M. #2,socio
2026-09-14,Lunes,09:30,2,28,Pablo D. #28,socio
2026-09-14,Lunes,09:30,3,34,Daniel S. #34,socio
2026-09-14,Lunes,09:30,4,42,Ivan G. #42,socio
2026-09-14,Lunes,09:30,5,51,Elena G. #51,socio
2026-09-14,Lunes,09:30,6,99,Ruben R. #99,socio
2026-09-14,Lunes,10:45,1,45,Ivan R. #45,socio
2026-09-14,Lunes,12:00,1,85,Hugo S. #85,socio
2026-09-14,Lunes,16:00,1,48,Marcos D. #48,socio
2026-09-14,Lunes,16:00,2,71,Claudia M. #71,socio
2026-09-14,Lunes,16:00,3,107,Paula G. #107,socio
2026-09-14,Lunes,16:00,4,117,Elena M. #117,socio
2026-09-14,Lunes,17:15,1,1,Irene M. #1,socio
2026-09-14,Lunes,17:15,2,3,Hugo M. #3,socio
2026-09-14,Lunes,17:15,3,20,Sofia D. #20,socio
2026-09-14,Lunes,17:15,4,29,Sofia S. #29,socio
2026-09-14,Lunes,17:15,5,57,Carla M. #57,socio
2026-09-14,Lunes,17:15,6,66,Daniel M. #66,socio
2026-09-14,Lunes,18:30,1,8,Daniel G. #8,socio
2026-09-14,Lunes,18:30,2,10,Noelia P. #10,socio
2026-09-14,Lunes,18:30,3,21,Claudia M. #21,socio
2026-09-14,Lunes,18:30,4,37,Irene M. #37,socio
2026-09-14,Lunes,18:30,5,54,Sergio S. #54,socio
2026-09-14,Lunes,18:30,6,82,Noelia D. #82,socio
2026-09-14,Lunes,18:30,7,94,Ruben G. #94,socio
2026-09-14,Lunes,18:30,8,112,Daniel M. #112,socio
2026-09-14,Lunes,19:45,1,16,Javier S. #16,socio
2026-09-14,Lunes,19:45,2,36,Adrian M. #36,socio
2026-09-14,Lunes,19:45,3,73,Sofia G. #73,socio
2026-09-14,Lunes,19:45,4,127,Sara P. #127,prueba
2026-09-14,Lunes,21:00,1,5,Ruben R. #5,socio
2026-09-14,Lunes,21:00,2,32,Paula R. #32,socio
2026-09-14,Lunes,21:00,3,72,Hugo G. #72,socio
2026-09-15,Martes,09:30,1,4,Adrian R. #4,socio
2026-09-15,Martes,09:30,2,5,Ruben R. #5,socio
2026-09-15,Martes,09:30,3,36,Adrian M. #36,socio
2026-09-15,Martes,09:30,4,43,Sofia M. #43,socio
2026-09-15,Martes,09:30,5,44,Ivan G. #44,socio
2026-09-15,Martes,09:30,6,49,Pablo G. #49,socio
2026-09-15,Martes,09:30,7,78,Martina M. #78,socio
2026-09-15,Martes,09:30,8,113,Paula A. #113,socio
2026-09-15,Martes,10:45,1,9,Javier R. #9,socio
2026-09-15,Martes,10:45,2,45,Ivan R. #45,socio
2026-09-15,Martes,10:45,3,110,Javier R. #110,socio
2026-09-15,Martes,16:00,1,17,Martina A. #17,socio
2026-09-15,Martes,16:00,2,23,Oscar D. #23,socio
2026-09-15,Martes,16:00,3,75,Alvaro P. #75,socio
2026-09-15,Martes,17:15,1,19,Pablo M. #19,socio
2026-09-15,Martes,17:15,2,38,Ivan G. #38,socio
2026-09-15,Martes,17:15,3,39,Nerea R. #39,socio
2026-09-15,Martes,17:15,4,58,Lucia P. #58,socio
2026-09-15,Martes,17:15,5,66,Daniel M. #66,socio
2026-09-15,Martes,17:15,6,117,Elena M. #117,socio
2026-09-15,Martes,18:30,1,10,Noelia P. #10,socio
2026-09-15,Martes,18:30,2,28,Pablo D. #28,socio
2026-09-15,Martes,18:30,3,34,Daniel S. #34,socio
2026-09-15,Martes,18:30,4,37,Irene M. #37,socio
2026-09-15,Martes,18:30,5,52,Lucia M. #52,socio
2026-09-15,Martes,18:30,6,54,Sergio S. #54,socio
2026-09-15,Martes,18:30,7,114,Sofia M. #114,socio
2026-09-15,Martes,19:45,1,112,Daniel M. #112,socio
2026-09-15,Martes,21:00,1,20,Sofia D. #20,socio
2026-09-15,Martes,21:00,2,32,Paula R. #32,socio
2026-09-15,Martes,21:00,3,41,Carla D. #41,socio
2026-09-15,Martes,21:00,4,84,Javier M. #84,socio
2026-09-16,Miercoles,09:30,1,2,Martina M. #2,socio
2026-09-16,Miercoles,09:30,2,5,Ruben R. #5,socio
2026-09-16,Miercoles,09:30,3,28,Pablo D. #28,socio
2026-09-16,Miercoles,09:30,4,33,Daniel M. #33,socio
2026-09-16,Miercoles,09:30,5,34,Daniel S. #34,socio
2026-09-16,Miercoles,09:30,6,42,Ivan G. #42,socio
2026-09-16,Miercoles,09:30,7,43,Sofia M. #43,socio
2026-09-16,Miercoles,09:30,8,94,Ruben G. #94,socio
2026-09-16,Miercoles,10:45,1,9,Javier R. #9,socio
2026-09-16,Miercoles,10:45,2,14,Mario M. #14,socio
2026-09-16,Miercoles,10:45,3,23,Oscar D. #23,socio
2026-09-16,Miercoles,10:45,4,128,Hugo S. #128,prueba
2026-09-16,Miercoles,12:00,1,85,Hugo S. #85,socio
2026-09-16,Miercoles,12:00,2,105,Claudia S. #105,socio
2026-09-16,Miercoles,16:00,1,17,Martina A. #17,socio
2026-09-16,Miercoles,16:00,2,18,Irene D. #18,socio
2026-09-16,Miercoles,16:00,3,27,Lucia D. #27,socio
2026-09-16,Miercoles,17:15,1,19,Pablo M. #19,socio
2026-09-16,Miercoles,17:15,2,30,Martina M. #30,socio
2026-09-16,Miercoles,17:15,3,36,Adrian M. #36,socio
2026-09-16,Miercoles,17:15,4,38,Ivan G. #38,socio
2026-09-16,Miercoles,17:15,5,58,Lucia P. #58,socio
2026-09-16,Miercoles,17:15,6,103,Martina L. #103,socio
2026-09-16,Miercoles,18:30,1,21,Claudia M. #21,socio
2026-09-16,Miercoles,18:30,2,24,Paula D. #24,socio
2026-09-16,Miercoles,18:30,3,25,Hugo P. #25,socio
2026-09-16,Miercoles,18:30,4,37,Irene M. #37,socio
2026-09-16,Miercoles,18:30,5,46,Sergio A. #46,socio
2026-09-16,Miercoles,18:30,6,74,Lucia L. #74,socio
2026-09-16,Miercoles,18:30,7,112,Daniel M. #112,socio
2026-09-16,Miercoles,19:45,1,49,Pablo G. #49,socio
2026-09-16,Miercoles,19:45,2,54,Sergio S. #54,socio
2026-09-16,Miercoles,19:45,3,91,Noelia G. #91,socio
2026-09-16,Miercoles,19:45,4,120,Victor S. #120,socio
2026-09-16,Miercoles,21:00,1,26,Javier R. #26,socio
2026-09-16,Miercoles,21:00,2,32,Paula R. #32,socio
2026-09-16,Miercoles,21:00,3,47,Pablo D. #47,socio
2026-09-16,Miercoles,21:00,4,60,Oscar G. #60,socio
2026-09-17,Jueves,09:30,1,4,Adrian R. #4,socio
2026-09-17,Jueves,09:30,2,28,Pablo D. #28,socio
2026-09-17,Jueves,09:30,3,40,Marcos R. #40,socio
2026-09-17,Jueves,09:30,4,44,Ivan G. #44,socio
2026-09-17,Jueves,09:30,5,71,Claudia M. #71,socio
2026-09-17,Jueves,16:00,1,17,Martina A. #17,socio
2026-09-17,Jueves,17:15,1,1,Irene M. #1,socio
2026-09-17,Jueves,17:15,2,27,Lucia D. #27,socio
2026-09-17,Jueves,17:15,3,34,Daniel S. #34,socio
2026-09-17,Jueves,17:15,4,36,Adrian M. #36,socio
2026-09-17,Jueves,17:15,5,38,Ivan G. #38,socio
2026-09-17,Jueves,17:15,6,39,Nerea R. #39,socio
2026-09-17,Jueves,17:15,7,65,Irene P. #65,socio
2026-09-17,Jueves,17:15,8,103,Martina L. #103,socio
2026-09-17,Jueves,17:15,9,129,Laura S. #129,prueba
2026-09-17,Jueves,18:30,1,12,Sergio L. #12,socio
2026-09-17,Jueves,18:30,2,24,Paula D. #24,socio
2026-09-17,Jueves,18:30,3,37,Irene M. #37,socio
2026-09-17,Jueves,19:45,1,45,Ivan R. #45,socio
2026-09-17,Jueves,19:45,2,73,Sofia G. #73,socio
2026-09-17,Jueves,21:00,1,26,Javier R. #26,socio
2026-09-17,Jueves,21:00,2,48,Marcos D. #48,socio
2026-09-17,Jueves,21:00,3,113,Paula A. #113,socio
2026-09-18,Viernes,09:30,1,2,Martina M. #2,socio
2026-09-18,Viernes,09:30,2,4,Adrian R. #4,socio
2026-09-18,Viernes,09:30,3,33,Daniel M. #33,socio
2026-09-18,Viernes,09:30,4,40,Marcos R. #40,socio
2026-09-18,Viernes,09:30,5,42,Ivan G. #42,socio
2026-09-18,Viernes,09:30,6,78,Martina M. #78,socio
2026-09-18,Viernes,09:30,7,99,Ruben R. #99,socio
2026-09-18,Viernes,09:30,8,131,Paula P. #131,prueba
2026-09-18,Viernes,10:45,1,9,Javier R. #9,socio
2026-09-18,Viernes,10:45,2,36,Adrian M. #36,socio
2026-09-18,Viernes,10:45,3,45,Ivan R. #45,socio
2026-09-18,Viernes,10:45,4,110,Javier R. #110,socio
2026-09-18,Viernes,12:00,1,85,Hugo S. #85,socio
2026-09-18,Viernes,12:00,2,130,Daniel D. #130,prueba
2026-09-18,Viernes,16:00,1,27,Lucia D. #27,socio
2026-09-18,Viernes,16:00,2,44,Ivan G. #44,socio
2026-09-18,Viernes,16:00,3,48,Marcos D. #48,socio
2026-09-18,Viernes,16:00,4,71,Claudia M. #71,socio
2026-09-18,Viernes,16:00,5,75,Alvaro P. #75,socio
2026-09-18,Viernes,16:00,6,107,Paula G. #107,socio
2026-09-18,Viernes,17:15,1,19,Pablo M. #19,socio
2026-09-18,Viernes,17:15,2,38,Ivan G. #38,socio
2026-09-18,Viernes,17:15,3,39,Nerea R. #39,socio
2026-09-18,Viernes,17:15,4,46,Sergio A. #46,socio
2026-09-18,Viernes,17:15,5,57,Carla M. #57,socio
2026-09-18,Viernes,17:15,6,58,Lucia P. #58,socio
2026-09-18,Viernes,17:15,7,66,Daniel M. #66,socio
2026-09-18,Viernes,18:30,1,21,Claudia M. #21,socio
2026-09-18,Viernes,18:30,2,24,Paula D. #24,socio
2026-09-18,Viernes,18:30,3,29,Sofia S. #29,socio
2026-09-18,Viernes,18:30,4,54,Sergio S. #54,socio
2026-09-18,Viernes,18:30,5,65,Irene P. #65,socio
2026-09-18,Viernes,18:30,6,74,Lucia L. #74,socio
2026-09-18,Viernes,18:30,7,120,Victor S. #120,socio
2026-09-18,Viernes,19:45,1,41,Carla D. #41,socio
2026-09-18,Viernes,19:45,2,56,Oscar S. #56,socio
2026-09-18,Viernes,19:45,3,73,Sofia G. #73,socio
2026-09-18,Viernes,21:00,1,26,Javier R. #26,socio
2026-09-18,Viernes,21:00,2,32,Paula R. #32,socio
2026-09-18,Viernes,21:00,3,62,Javier S. #62,socio
2026-09-18,Viernes,21:00,4,91,Noelia G. #91,socio
2026-09-19,Sabado,09:30,1,23,Oscar D. #23,socio
2026-09-19,Sabado,09:30,2,33,Daniel M. #33,socio
2026-09-19,Sabado,09:30,3,42,Ivan G. #42,socio
2026-09-19,Sabado,09:30,4,66,Daniel M. #66,socio
2026-09-19,Sabado,10:45,1,41,Carla D. #41,socio
2026-09-19,Sabado,10:45,2,45,Ivan R. #45,socio
2026-09-19,Sabado,12:00,1,16,Javier S. #16,socio
2026-09-19,Sabado,12:00,2,58,Lucia P. #58,socio
2026-09-19,Sabado,12:00,3,85,Hugo S. #85,socio
2026-09-19,Sabado,16:00,1,17,Martina A. #17,socio
2026-09-19,Sabado,16:00,2,18,Irene D. #18,socio
2026-09-19,Sabado,16:00,3,35,Alvaro P. #35,socio
2026-09-19,Sabado,16:00,4,107,Paula G. #107,socio
2026-09-19,Sabado,16:00,5,117,Elena M. #117,socio
2026-09-19,Sabado,17:15,1,5,Ruben R. #5,socio
2026-09-19,Sabado,17:15,2,27,Lucia D. #27,socio
2026-09-19,Sabado,17:15,3,29,Sofia S. #29,socio
2026-09-19,Sabado,17:15,4,30,Martina M. #30,socio
2026-09-19,Sabado,17:15,5,36,Adrian M. #36,socio
2026-09-19,Sabado,17:15,6,38,Ivan G. #38,socio
2026-09-19,Sabado,17:15,7,46,Sergio A. #46,socio
2026-09-19,Sabado,17:15,8,57,Carla M. #57,socio
2026-09-19,Sabado,17:15,9,65,Irene P. #65,socio
2026-09-19,Sabado,18:30,1,10,Noelia P. #10,socio
2026-09-19,Sabado,18:30,2,11,Pablo A. #11,socio
2026-09-19,Sabado,18:30,3,12,Sergio L. #12,socio
2026-09-19,Sabado,18:30,4,37,Irene M. #37,socio
2026-09-19,Sabado,18:30,5,96,Alba R. #96,socio
2026-09-19,Sabado,18:30,6,132,Martina L. #132,prueba
2026-09-19,Sabado,19:45,1,73,Sofia G. #73,socio
2026-09-19,Sabado,21:00,1,32,Paula R. #32,socio
2026-09-19,Sabado,21:00,2,47,Pablo D. #47,socio
2026-09-19,Sabado,21:00,3,72,Hugo G. #72,socio
2026-09-21,Lunes,09:30,1,28,Pablo D. #28,socio
2026-09-21,Lunes,09:30,2,34,Daniel S. #34,socio
2026-09-21,Lunes,09:30,3,43,Sofia M. #43,socio
2026-09-21,Lunes,09:30,4,99,Ruben R. #99,socio
2026-09-21,Lunes,10:45,1,133,Sara R. #133,prueba
2026-09-21,Lunes,12:00,1,3,Hugo M. #3,socio
2026-09-21,Lunes,12:00,2,51,Elena G. #51,socio
2026-09-21,Lunes,16:00,1,17,Martina A. #17,socio
2026-09-21,Lunes,16:00,2,75,Alvaro P. #75,socio
2026-09-21,Lunes,16:00,3,91,Noelia G. #91,socio
2026-09-21,Lunes,17:15,1,36,Adrian M. #36,socio
2026-09-21,Lunes,17:15,2,38,Ivan G. #38,socio
2026-09-21,Lunes,17:15,3,55,Irene S. #55,socio
2026-09-21,Lunes,17:15,4,78,Martina M. #78,socio
2026-09-21,Lunes,18:30,1,9,Javier R. #9,socio
2026-09-21,Lunes,18:30,2,11,Pablo A. #11,socio
2026-09-21,Lunes,18:30,3,16,Javier S. #16,socio
2026-09-21,Lunes,18:30,4,20,Sofia D. #20,socio
2026-09-21,Lunes,18:30,5,37,Irene M. #37,socio
2026-09-21,Lunes,18:30,6,50,Alba M. #50,socio
2026-09-21,Lunes,18:30,7,54,Sergio S. #54,socio
2026-09-21,Lunes,18:30,8,82,Noelia D. #82,socio
2026-09-21,Lunes,18:30,9,98,Claudia A. #98,socio
2026-09-21,Lunes,18:30,10,127,Sara P. #127,socio
2026-09-21,Lunes,18:30,11,134,Irene P. #134,prueba
2026-09-21,Lunes,19:45,1,42,Ivan G. #42,socio
2026-09-21,Lunes,19:45,2,73,Sofia G. #73,socio
2026-09-21,Lunes,19:45,3,120,Victor S. #120,socio
2026-09-21,Lunes,21:00,1,60,Oscar G. #60,socio
2026-09-21,Lunes,21:00,2,66,Daniel M. #66,socio
2026-09-21,Lunes,21:00,3,72,Hugo G. #72,socio
2026-09-22,Martes,09:30,1,4,Adrian R. #4,socio
2026-09-22,Martes,09:30,2,5,Ruben R. #5,socio
2026-09-22,Martes,09:30,3,21,Claudia M. #21,socio
2026-09-22,Martes,09:30,4,27,Lucia D. #27,socio
2026-09-22,Martes,09:30,5,43,Sofia M. #43,socio
2026-09-22,Martes,09:30,6,53,Alba P. #53,socio
2026-09-22,Martes,09:30,7,71,Claudia M. #71,socio
2026-09-22,Martes,09:30,8,99,Ruben R. #99,socio
2026-09-22,Martes,10:45,1,41,Carla D. #41,socio
2026-09-22,Martes,10:45,2,45,Ivan R. #45,socio
2026-09-22,Martes,16:00,1,48,Marcos D. #48,socio
2026-09-22,Martes,16:00,2,52,Lucia M. #52,socio
2026-09-22,Martes,16:00,3,72,Hugo G. #72,socio
2026-09-22,Martes,16:00,4,84,Javier M. #84,socio
2026-09-22,Martes,16:00,5,105,Claudia S. #105,socio
2026-09-22,Martes,16:00,6,110,Javier R. #110,socio
2026-09-22,Martes,17:15,1,1,Irene M. #1,socio
2026-09-22,Martes,17:15,2,19,Pablo M. #19,socio
2026-09-22,Martes,17:15,3,29,Sofia S. #29,socio
2026-09-22,Martes,17:15,4,30,Martina M. #30,socio
2026-09-22,Martes,17:15,5,57,Carla M. #57,socio
2026-09-22,Martes,17:15,6,58,Lucia P. #58,socio
2026-09-22,Martes,17:15,7,60,Oscar G. #60,socio
2026-09-22,Martes,18:30,1,8,Daniel G. #8,socio
2026-09-22,Martes,18:30,2,24,Paula D. #24,socio
2026-09-22,Martes,18:30,3,25,Hugo P. #25,socio
2026-09-22,Martes,18:30,4,37,Irene M. #37,socio
2026-09-22,Martes,18:30,5,46,Sergio A. #46,socio
2026-09-22,Martes,18:30,6,82,Noelia D. #82,socio
2026-09-22,Martes,18:30,7,135,Oscar M. #135,prueba
2026-09-22,Martes,19:45,1,20,Sofia D. #20,socio
2026-09-22,Martes,19:45,2,28,Pablo D. #28,socio
2026-09-22,Martes,19:45,3,56,Oscar S. #56,socio
2026-09-22,Martes,19:45,4,73,Sofia G. #73,socio
2026-09-22,Martes,21:00,1,18,Irene D. #18,socio
2026-09-22,Martes,21:00,2,26,Javier R. #26,socio
2026-09-22,Martes,21:00,3,51,Elena G. #51,socio
2026-09-22,Martes,21:00,4,113,Paula A. #113,socio
2026-09-23,Miercoles,09:30,1,34,Daniel S. #34,socio
2026-09-23,Miercoles,09:30,2,50,Alba M. #50,socio
2026-09-23,Miercoles,09:30,3,107,Paula G. #107,socio
2026-09-23,Miercoles,12:00,1,85,Hugo S. #85,socio
2026-09-23,Miercoles,16:00,1,48,Marcos D. #48,socio
2026-09-23,Miercoles,16:00,2,105,Claudia S. #105,socio
2026-09-23,Miercoles,17:15,1,19,Pablo M. #19,socio
2026-09-23,Miercoles,17:15,2,27,Lucia D. #27,socio
2026-09-23,Miercoles,17:15,3,30,Martina M. #30,socio
2026-09-23,Miercoles,17:15,4,36,Adrian M. #36,socio
2026-09-23,Miercoles,17:15,5,46,Sergio A. #46,socio
2026-09-23,Miercoles,18:30,1,10,Noelia P. #10,socio
2026-09-23,Miercoles,18:30,2,11,Pablo A. #11,socio
2026-09-23,Miercoles,18:30,3,21,Claudia M. #21,socio
2026-09-23,Miercoles,18:30,4,32,Paula R. #32,socio
2026-09-23,Miercoles,18:30,5,37,Irene M. #37,socio
2026-09-23,Miercoles,18:30,6,58,Lucia P. #58,socio
2026-09-23,Miercoles,18:30,7,82,Noelia D. #82,socio
2026-09-23,Miercoles,18:30,8,84,Javier M. #84,socio
2026-09-23,Miercoles,18:30,9,94,Ruben G. #94,socio
2026-09-23,Miercoles,18:30,10,136,Noelia G. #136,prueba
2026-09-23,Miercoles,19:45,1,16,Javier S. #16,socio
2026-09-23,Miercoles,21:00,1,26,Javier R. #26,socio
2026-09-23,Miercoles,21:00,2,47,Pablo D. #47,socio
2026-09-23,Miercoles,21:00,3,62,Javier S. #62,socio
2026-09-23,Miercoles,21:00,4,72,Hugo G. #72,socio
2026-09-23,Miercoles,21:00,5,74,Lucia L. #74,socio
2026-09-24,Jueves,09:30,1,4,Adrian R. #4,socio
2026-09-24,Jueves,09:30,2,5,Ruben R. #5,socio
2026-09-24,Jueves,09:30,3,28,Pablo D. #28,socio
2026-09-24,Jueves,09:30,4,43,Sofia M. #43,socio
2026-09-24,Jueves,09:30,5,46,Sergio A. #46,socio
2026-09-24,Jueves,09:30,6,82,Noelia D. #82,socio
2026-09-24,Jueves,09:30,7,99,Ruben R. #99,socio
2026-09-24,Jueves,10:45,1,45,Ivan R. #45,socio
2026-09-24,Jueves,10:45,2,110,Javier R. #110,socio
2026-09-24,Jueves,12:00,1,85,Hugo S. #85,socio
2026-09-24,Jueves,16:00,1,17,Martina A. #17,socio
2026-09-24,Jueves,16:00,2,21,Claudia M. #21,socio
2026-09-24,Jueves,16:00,3,48,Marcos D. #48,socio
2026-09-24,Jueves,16:00,4,71,Claudia M. #71,socio
2026-09-24,Jueves,16:00,5,117,Elena M. #117,socio
2026-09-24,Jueves,17:15,1,2,Martina M. #2,socio
2026-09-24,Jueves,17:15,2,29,Sofia S. #29,socio
2026-09-24,Jueves,17:15,3,36,Adrian M. #36,socio
2026-09-24,Jueves,17:15,4,38,Ivan G. #38,socio
2026-09-24,Jueves,17:15,5,42,Ivan G. #42,socio
2026-09-24,Jueves,17:15,6,94,Ruben G. #94,socio
2026-09-24,Jueves,17:15,7,129,Laura S. #129,socio
2026-09-24,Jueves,18:30,1,25,Hugo P. #25,socio
2026-09-24,Jueves,18:30,2,37,Irene M. #37,socio
2026-09-24,Jueves,18:30,3,53,Alba P. #53,socio
2026-09-24,Jueves,18:30,4,54,Sergio S. #54,socio
2026-09-24,Jueves,18:30,5,55,Irene S. #55,socio
2026-09-24,Jueves,18:30,6,74,Lucia L. #74,socio
2026-09-24,Jueves,18:30,7,137,Victor M. #137,prueba
2026-09-24,Jueves,19:45,1,16,Javier S. #16,socio
2026-09-24,Jueves,19:45,2,44,Ivan G. #44,socio
2026-09-24,Jueves,19:45,3,51,Elena G. #51,socio
2026-09-24,Jueves,19:45,4,91,Noelia G. #91,socio
2026-09-24,Jueves,19:45,5,120,Victor S. #120,socio
2026-09-24,Jueves,19:45,6,127,Sara P. #127,socio
2026-09-24,Jueves,21:00,1,8,Daniel G. #8,socio
2026-09-24,Jueves,21:00,2,60,Oscar G. #60,socio
2026-09-24,Jueves,21:00,3,113,Paula A. #113,socio
2026-09-25,Viernes,09:30,1,2,Martina M. #2,socio
2026-09-25,Viernes,09:30,2,34,Daniel S. #34,socio
2026-09-25,Viernes,09:30,3,42,Ivan G. #42,socio
2026-09-25,Viernes,09:30,4,44,Ivan G. #44,socio
2026-09-25,Viernes,09:30,5,94,Ruben G. #94,socio
2026-09-25,Viernes,09:30,6,99,Ruben R. #99,socio
2026-09-25,Viernes,09:30,7,139,Adrian P. #139,prueba
2026-09-25,Viernes,10:45,1,9,Javier R. #9,socio
2026-09-25,Viernes,10:45,2,110,Javier R. #110,socio
2026-09-25,Viernes,12:00,1,3,Hugo M. #3,socio
2026-09-25,Viernes,12:00,2,26,Javier R. #26,socio
2026-09-25,Viernes,12:00,3,85,Hugo S. #85,socio
2026-09-25,Viernes,16:00,1,56,Oscar S. #56,socio
2026-09-25,Viernes,16:00,2,73,Sofia G. #73,socio
2026-09-25,Viernes,16:00,3,75,Alvaro P. #75,socio
2026-09-25,Viernes,16:00,4,107,Paula G. #107,socio
2026-09-25,Viernes,16:00,5,117,Elena M. #117,socio
2026-09-25,Viernes,17:15,1,25,Hugo P. #25,socio
2026-09-25,Viernes,17:15,2,27,Lucia D. #27,socio
2026-09-25,Viernes,17:15,3,29,Sofia S. #29,socio
2026-09-25,Viernes,17:15,4,30,Martina M. #30,socio
2026-09-25,Viernes,17:15,5,36,Adrian M. #36,socio
2026-09-25,Viernes,17:15,6,38,Ivan G. #38,socio
2026-09-25,Viernes,17:15,7,65,Irene P. #65,socio
2026-09-25,Viernes,17:15,8,129,Laura S. #129,socio
2026-09-25,Viernes,18:30,1,8,Daniel G. #8,socio
2026-09-25,Viernes,18:30,2,11,Pablo A. #11,socio
2026-09-25,Viernes,18:30,3,19,Pablo M. #19,socio
2026-09-25,Viernes,18:30,4,21,Claudia M. #21,socio
2026-09-25,Viernes,18:30,5,23,Oscar D. #23,socio
2026-09-25,Viernes,18:30,6,37,Irene M. #37,socio
2026-09-25,Viernes,18:30,7,45,Ivan R. #45,socio
2026-09-25,Viernes,18:30,8,54,Sergio S. #54,socio
2026-09-25,Viernes,18:30,9,55,Irene S. #55,socio
2026-09-25,Viernes,18:30,10,74,Lucia L. #74,socio
2026-09-25,Viernes,18:30,11,112,Daniel M. #112,socio
2026-09-25,Viernes,19:45,1,35,Alvaro P. #35,socio
2026-09-25,Viernes,19:45,2,49,Pablo G. #49,socio
2026-09-25,Viernes,19:45,3,51,Elena G. #51,socio
2026-09-25,Viernes,19:45,4,127,Sara P. #127,socio
2026-09-25,Viernes,19:45,5,138,Noelia M. #138,prueba
2026-09-25,Viernes,21:00,1,47,Pablo D. #47,socio
2026-09-25,Viernes,21:00,2,60,Oscar G. #60,socio
2026-09-25,Viernes,21:00,3,72,Hugo G. #72,socio
2026-09-26,Sabado,09:30,1,2,Martina M. #2,socio
2026-09-26,Sabado,09:30,2,5,Ruben R. #5,socio
2026-09-26,Sabado,09:30,3,33,Daniel M. #33,socio
2026-09-26,Sabado,09:30,4,94,Ruben G. #94,socio
2026-09-26,Sabado,10:45,1,51,Elena G. #51,socio
2026-09-26,Sabado,16:00,1,18,Irene D. #18,socio
2026-09-26,Sabado,16:00,2,49,Pablo G. #49,socio
2026-09-26,Sabado,16:00,3,117,Elena M. #117,socio
2026-09-26,Sabado,17:15,1,19,Pablo M. #19,socio
2026-09-26,Sabado,17:15,2,29,Sofia S. #29,socio
2026-09-26,Sabado,17:15,3,65,Irene P. #65,socio
2026-09-26,Sabado,17:15,4,129,Laura S. #129,socio
2026-09-26,Sabado,17:15,5,141,Ivan A. #141,prueba
2026-09-26,Sabado,18:30,1,8,Daniel G. #8,socio
2026-09-26,Sabado,18:30,2,11,Pablo A. #11,socio
2026-09-26,Sabado,18:30,3,21,Claudia M. #21,socio
2026-09-26,Sabado,18:30,4,37,Irene M. #37,socio
2026-09-26,Sabado,18:30,5,96,Alba R. #96,socio
2026-09-26,Sabado,18:30,6,99,Ruben R. #99,socio
2026-09-26,Sabado,18:30,7,140,Victor M. #140,prueba
2026-09-26,Sabado,19:45,1,56,Oscar S. #56,socio
2026-09-26,Sabado,19:45,2,91,Noelia G. #91,socio
2026-09-26,Sabado,19:45,3,113,Paula A. #113,socio
2026-09-26,Sabado,21:00,1,26,Javier R. #26,socio
2026-09-26,Sabado,21:00,2,32,Paula R. #32,socio
2026-09-26,Sabado,21:00,3,47,Pablo D. #47,socio
2026-09-28,Lunes,09:30,1,5,Ruben R. #5,socio
2026-09-28,Lunes,09:30,2,25,Hugo P. #25,socio
2026-09-28,Lunes,09:30,3,33,Daniel M. #33,socio
2026-09-28,Lunes,09:30,4,40,Marcos R. #40,socio
2026-09-28,Lunes,09:30,5,42,Ivan G. #42,socio
2026-09-28,Lunes,09:30,6,94,Ruben G. #94,socio
2026-09-28,Lunes,16:00,1,56,Oscar S. #56,socio
2026-09-28,Lunes,17:15,1,2,Martina M. #2,socio
2026-09-28,Lunes,17:15,2,36,Adrian M. #36,socio
2026-09-28,Lunes,17:15,3,38,Ivan G. #38,socio
2026-09-28,Lunes,17:15,4,39,Nerea R. #39,socio
2026-09-28,Lunes,17:15,5,57,Carla M. #57,socio
2026-09-28,Lunes,17:15,6,58,Lucia P. #58,socio
2026-09-28,Lunes,17:15,7,65,Irene P. #65,socio
2026-09-28,Lunes,18:30,1,21,Claudia M. #21,socio
2026-09-28,Lunes,18:30,2,37,Irene M. #37,socio
2026-09-28,Lunes,18:30,3,45,Ivan R. #45,socio
2026-09-28,Lunes,18:30,4,50,Alba M. #50,socio
2026-09-28,Lunes,18:30,5,53,Alba P. #53,socio
2026-09-28,Lunes,18:30,6,54,Sergio S. #54,socio
2026-09-28,Lunes,18:30,7,74,Lucia L. #74,socio
2026-09-28,Lunes,18:30,8,82,Noelia D. #82,socio
2026-09-28,Lunes,18:30,9,85,Hugo S. #85,socio
2026-09-28,Lunes,19:45,1,30,Martina M. #30,socio
2026-09-28,Lunes,19:45,2,91,Noelia G. #91,socio
2026-09-28,Lunes,19:45,3,120,Victor S. #120,socio
2026-09-28,Lunes,19:45,4,142,Carla L. #142,prueba
2026-09-28,Lunes,19:45,5,143,Sara D. #143,prueba
2026-09-28,Lunes,21:00,1,32,Paula R. #32,socio
2026-09-28,Lunes,21:00,2,51,Elena G. #51,socio
2026-09-29,Martes,09:30,1,4,Adrian R. #4,socio
2026-09-29,Martes,09:30,2,34,Daniel S. #34,socio
2026-09-29,Martes,09:30,3,42,Ivan G. #42,socio
2026-09-29,Martes,09:30,4,94,Ruben G. #94,socio
2026-09-29,Martes,10:45,1,9,Javier R. #9,socio
2026-09-29,Martes,12:00,1,3,Hugo M. #3,socio
2026-09-29,Martes,12:00,2,85,Hugo S. #85,socio
2026-09-29,Martes,16:00,1,17,Martina A. #17,socio
2026-09-29,Martes,16:00,2,21,Claudia M. #21,socio
2026-09-29,Martes,16:00,3,35,Alvaro P. #35,socio
2026-09-29,Martes,16:00,4,48,Marcos D. #48,socio
2026-09-29,Martes,16:00,5,75,Alvaro P. #75,socio
2026-09-29,Martes,16:00,6,117,Elena M. #117,socio
2026-09-29,Martes,16:00,7,127,Sara P. #127,socio
2026-09-29,Martes,17:15,1,20,Sofia D. #20,socio
2026-09-29,Martes,17:15,2,29,Sofia S. #29,socio
2026-09-29,Martes,17:15,3,30,Martina M. #30,socio
2026-09-29,Martes,17:15,4,51,Elena G. #51,socio
2026-09-29,Martes,17:15,5,57,Carla M. #57,socio
2026-09-29,Martes,17:15,6,58,Lucia P. #58,socio
2026-09-29,Martes,17:15,7,103,Martina L. #103,socio
2026-09-29,Martes,18:30,1,8,Daniel G. #8,socio
2026-09-29,Martes,18:30,2,24,Paula D. #24,socio
2026-09-29,Martes,18:30,3,37,Irene M. #37,socio
2026-09-29,Martes,18:30,4,52,Lucia M. #52,socio
2026-09-29,Martes,18:30,5,74,Lucia L. #74,socio
2026-09-29,Martes,18:30,6,82,Noelia D. #82,socio
2026-09-29,Martes,18:30,7,129,Laura S. #129,socio
2026-09-29,Martes,18:30,8,135,Oscar M. #135,socio
2026-09-29,Martes,19:45,1,41,Carla D. #41,socio
2026-09-29,Martes,19:45,2,73,Sofia G. #73,socio
2026-09-29,Martes,19:45,3,120,Victor S. #120,socio
2026-09-29,Martes,19:45,4,144,Sofia R. #144,prueba
2026-09-29,Martes,21:00,1,60,Oscar G. #60,socio
2026-09-29,Martes,21:00,2,62,Javier S. #62,socio
2026-09-29,Martes,21:00,3,72,Hugo G. #72,socio
2026-09-30,Miercoles,09:30,1,2,Martina M. #2,socio
2026-09-30,Miercoles,09:30,2,36,Adrian M. #36,socio
2026-09-30,Miercoles,09:30,3,43,Sofia M. #43,socio
2026-09-30,Miercoles,10:45,1,9,Javier R. #9,socio
2026-09-30,Miercoles,10:45,2,47,Pablo D. #47,socio
2026-09-30,Miercoles,10:45,3,51,Elena G. #51,socio
2026-09-30,Miercoles,12:00,1,3,Hugo M. #3,socio
2026-09-30,Miercoles,16:00,1,20,Sofia D. #20,socio
2026-09-30,Miercoles,16:00,2,28,Pablo D. #28,socio
2026-09-30,Miercoles,16:00,3,32,Paula R. #32,socio
2026-09-30,Miercoles,16:00,4,42,Ivan G. #42,socio
2026-09-30,Miercoles,16:00,5,48,Marcos D. #48,socio
2026-09-30,Miercoles,17:15,1,19,Pablo M. #19,socio
2026-09-30,Miercoles,17:15,2,27,Lucia D. #27,socio
2026-09-30,Miercoles,17:15,3,29,Sofia S. #29,socio
2026-09-30,Miercoles,17:15,4,38,Ivan G. #38,socio
2026-09-30,Miercoles,17:15,5,46,Sergio A. #46,socio
2026-09-30,Miercoles,17:15,6,103,Martina L. #103,socio
2026-09-30,Miercoles,17:15,7,146,Marcos G. #146,prueba
2026-09-30,Miercoles,18:30,1,8,Daniel G. #8,socio
2026-09-30,Miercoles,18:30,2,12,Sergio L. #12,socio
2026-09-30,Miercoles,18:30,3,21,Claudia M. #21,socio
2026-09-30,Miercoles,18:30,4,50,Alba M. #50,socio
2026-09-30,Miercoles,18:30,5,82,Noelia D. #82,socio
2026-09-30,Miercoles,18:30,6,84,Javier M. #84,socio
2026-09-30,Miercoles,18:30,7,105,Claudia S. #105,socio
2026-09-30,Miercoles,19:45,1,41,Carla D. #41,socio
2026-09-30,Miercoles,19:45,2,54,Sergio S. #54,socio
2026-09-30,Miercoles,19:45,3,98,Claudia A. #98,socio
2026-09-30,Miercoles,21:00,1,25,Hugo P. #25,socio
2026-09-30,Miercoles,21:00,2,60,Oscar G. #60,socio
2026-09-30,Miercoles,21:00,3,72,Hugo G. #72,socio
2026-09-30,Miercoles,21:00,4,145,Pablo A. #145,prueba
