archivo,fecha,hora,nombre,prueba
cuadriculas/G01_bloques_1.xlsx,2026-09-01,10:45,Martina G.,0
cuadriculas/G01_bloques_1.xlsx,2026-09-01,21:00,Noelia G.,0
cuadriculas/G01_bloques_1.xlsx,2026-09-01,17:15,Inés L.,0
cuadriculas/G01_bloques_1.xlsx,2026-09-01,21:00,Mario L.,0
cuadriculas/G01_bloques_1.xlsx,2026-09-02,10:45,Álvaro F.,0
cuadriculas/G01_bloques_1.xlsx,2026-09-02,21:00,Íker L.,0
cuadriculas/G01_bloques_1.xlsx,2026-09-02,10:45,Íker L.,0
cuadriculas/G01_bloques_1.xlsx,2026-09-02,21:00,Tomás F.,0
cuadriculas/G01_bloques_1.xlsx,2026-09-02,21:00,Víctor L.,0
cuadriculas/G01_bloques_1.xlsx,2026-09-02,17:15,Adrián M.,0
cuadriculas/G01_bloques_1.xlsx,2026-09-02,17:15,Claudia G.,0
cuadriculas/G01_bloques_1.xlsx,2026-09-02,21:00,Marcos L.,1
cuadriculas/G01_bloques_1.xlsx,2026-09-03,17:15,Paula M.,0
cuadriculas/G01_bloques_1.xlsx,2026-09-03,21:00,Martina G.,0
cuadriculas/G01_bloques_1.xlsx,2026-09-03,10:45,Marcos G.,1
cuadriculas/G01_bloques_1.xlsx,2026-09-03,17:15,Noelia M.,0
cuadriculas/G01_bloques_1.xlsx,2026-09-03,21:00,Jorge F.,0
cuadriculas/G01_bloques_1.xlsx,2026-09-03,17:15,Iván F.,0
cuadriculas/G01_bloques_1.xlsx,2026-09-03,17:15,Daniel G.,1
cuadriculas/G01_bloques_1.xlsx,2026-09-03,21:00,Víctor M.,0
cuadriculas/G01_bloques_1.xlsx,2026-09-03,10:45,Álvaro L.,0
cuadriculas/G01_bloques_1.xlsx,2026-09-03,21:00,Gonzalo L.,0
cuadriculas/G01_bloques_1.xlsx,2026-09-04,21:00,Nerea M.,0
cuadriculas/G01_bloques_1.xlsx,2026-09-04,17:15,Íker L.,0
cuadriculas/G01_bloques_1.xlsx,2026-09-04,10:45,Inés F.,0
cuadriculas/G01_bloques_1.xlsx,2026-09-04,21:00,Adrián G.,0
cuadriculas/G01_bloques_1.xlsx,2026-09-04,17:15,Laura L.,0
cuadriculas/G01_bloques_1.xlsx,2026-09-04,21:00,Iván F.,0
cuadriculas/G01_bloques_1.xlsx,2026-09-05,10:45,Sara G.,0
cuadriculas/G01_bloques_1.xlsx,2026-09-05,17:15,Tomás M.,0
cuadriculas/G01_bloques_1.xlsx,2026-09-05,10:45,Sara G.,1
cuadriculas/G01_bloques_1.xlsx,2026-09-05,17:15,Adrián G.,0
cuadriculas/G01_bloques_1.xlsx,2026-09-05,10:45,Andrea L.,1
cuadriculas/G01_bloques_1.xlsx,2026-09-07,17:15,Víctor L.,0
cuadriculas/G01_bloques_1.xlsx,2026-09-07,10:45,Nuria L.,0
cuadriculas/G01_bloques_1.xlsx,2026-09-07,17:15,Andrea L.,1
cuadriculas/G01_bloques_1.xlsx,2026-09-07,10:45,Bruno G.,0
cuadriculas/G01_bloques_1.xlsx,2026-09-07,17:15,Carla L.,0
cuadriculas/G01_bloques_1.xlsx,2026-09-08,17:15,Raúl F.,0
cuadriculas/G01_bloques_1.xlsx,2026-09-08,17:15,Laura L.,1
cuadriculas/G01_bloques_1.xlsx,2026-09-08,21:00,Gonzalo F.,0
cuadriculas/G01_bloques_1.xlsx,2026-09-08,10:45,Lucía M.,1
cuadriculas/G01_bloques_1.xlsx,2026-09-08,21:00,Álvaro F.,0
cuadriculas/G01_bloques_1.xlsx,2026-09-09,17:15,Íker G.,0
cuadriculas/G01_bloques_1.xlsx,2026-09-09,21:00,Nuria F.,0
cuadriculas/G01_bloques_1.xlsx,2026-09-09,10:45,Javier G.,0
cuadriculas/G01_bloques_1.xlsx,2026-09-09,21:00,Hugo G.,0
cuadriculas/G01_bloques_1.xlsx,2026-09-09,10:45,Raquel F.,0
cuadriculas/G01_bloques_1.xlsx,2026-09-09,21:00,Nerea F.,0
cuadriculas/G01_bloques_1.xlsx,2026-09-09,17:15,Javier F.,0
cuadriculas/G01_bloques_1.xlsx,2026-09-09,21:00,Nerea F.,0
cuadriculas/G01_bloques_1.xlsx,2026-09-10,10:45,Laura F.,0
cuadriculas/G01_bloques_1.xlsx,2026-09-10,17:15,Víctor M.,0
cuadriculas/G01_bloques_1.xlsx,2026-09-10,21:00,Nerea G.,0
cuadriculas/G01_bloques_1.xlsx,2026-09-10,10:45,Adrián G.,0
cuadriculas/G01_bloques_1.xlsx,2026-09-10,17:15,Claudia L.,1
cuadriculas/G01_bloques_1.xlsx,2026-09-10,17:15,Sergio L.,0
cuadriculas/G01_bloques_1.xlsx,2026-09-10,21:00,Víctor M.,0
cuadriculas/G01_bloques_1.xlsx,2026-09-10,10:45,Íker L.,0
cuadriculas/G01_bloques_1.xlsx,2026-09-10,21:00,Lucía F.,0
cuadriculas/G01_bloques_1.xlsx,2026-09-11,17:15,Nerea G.,0
cuadriculas/G01_bloques_1.xlsx,2026-09-11,10:45,Óscar F.,0
cuadriculas/G01_bloques_1.xlsx,2026-09-11,17:15,Bruno F.,0
cuadriculas/G01_bloques_1.xlsx,2026-09-11,21:00,Andrea L.,0
cuadriculas/G01_bloques_1.xlsx,2026-09-12,10:45,Mario G.,0
cuadriculas/G01_bloques_1.xlsx,2026-09-12,17:15,Marcos F.,0
cuadriculas/G01_bloques_1.xlsx,2026-09-12,10:45,Marta L.,0
cuadriculas/G01_bloques_1.xlsx,2026-09-12,17:15,Paula M.,0
cuadriculas/G01_bloques_1.xlsx,2026-09-12,17:15,Laura M.,0
cuadriculas/G01_bloques_1.xlsx,2026-09-12,21:00,Víctor G.,0
cuadriculas/G01_bloques_1.xlsx,2026-09-12,10:45,Tomás M.,0
cuadriculas/G01_bloques_1.xlsx,2026-09-12,17:15,Víctor F.,0
cuadriculas/G01_bloques_1.xlsx,2026-09-12,21:00,Sofía G.,0
cuadriculas/G02_semana_1.xlsx,2026-09-07,09:00,Sara F.,0
cuadriculas/G02_semana_1.xlsx,2026-09-07,09:00,Jorge M.,0
cuadriculas/G02_semana_1.xlsx,2026-09-08,09:00,Carla G.,0
cuadriculas/G02_semana_1.xlsx,2026-09-08,09:00,Noelia M.,0
cuadriculas/G02_semana_1.xlsx,2026-09-10,09:00,Marta F.,0
cuadriculas/G02_semana_1.xlsx,2026-09-10,09:00,Nuria M.,1
cuadriculas/G02_semana_1.xlsx,2026-09-11,09:00,Marcos F.,0
cuadriculas/G02_semana_1.xlsx,2026-09-11,09:00,Rubén L.,0
cuadriculas/G02_semana_1.xlsx,2026-09-11,09:00,Jorge G.,0
cuadriculas/G02_semana_1.xlsx,2026-09-11,09:00,Adrián M.,1
cuadriculas/G02_semana_1.xlsx,2026-09-07,17:00,Irene L.,0
cuadriculas/G02_semana_1.xlsx,2026-09-08,17:00,Irene M.,1
cuadriculas/G02_semana_1.xlsx,2026-09-08,17:00,Irene L.,0
cuadriculas/G02_semana_1.xlsx,2026-09-09,17:00,Adrián M.,1
cuadriculas/G02_semana_1.xlsx,2026-09-09,17:00,Cristina M.,0
cuadriculas/G02_semana_1.xlsx,2026-09-11,17:00,Jorge L.,0
cuadriculas/G02_semana_1.xlsx,2026-09-11,17:00,Raúl F.,0
cuadriculas/G02_semana_1.xlsx,2026-09-12,17:00,Pablo M.,0
cuadriculas/G02_semana_1.xlsx,2026-09-12,17:00,Noelia M.,0
cuadriculas/G02_semana_1.xlsx,2026-09-07,18:00,Martina L.,0
cuadriculas/G02_semana_1.xlsx,2026-09-07,18:00,Bruno M.,0
cuadriculas/G02_semana_1.xlsx,2026-09-08,18:00,Sofía L.,0
cuadriculas/G02_semana_1.xlsx,2026-09-08,18:00,Víctor M.,0
cuadriculas/G02_semana_1.xlsx,2026-09-09,18:00,Andrea L.,0
cuadriculas/G02_semana_1.xlsx,2026-09-09,18:00,Sergio L.,0
cuadriculas/G02_semana_1.xlsx,2026-09-09,18:00,Pablo M.,0
cuadriculas/G02_semana_1.xlsx,2026-09-09,18:00,Claudia G.,0
cuadriculas/G02_semana_1.xlsx,2026-09-10,18:00,Daniel F.,0
cuadriculas/G02_semana_1.xlsx,2026-09-12,18:00,Hugo G.,0
cuadriculas/G02_semana_1.xlsx,2026-09-12,18:00,Jorge M.,0
cuadriculas/G02_semana_1.xlsx,2026-09-12,18:00,Tomás M.,0
cuadriculas/G02_semana_1.xlsx,2026-09-07,19:00,Bruno M.,0
cuadriculas/G02_semana_1.xlsx,2026-09-07,19:00,Martina G.,0
cuadriculas/G02_semana_1.xlsx,2026-09-08,19:00,Laura M.,0
cuadriculas/G02_semana_1.xlsx,2026-09-08,19:00,Óscar G.,0
cuadriculas/G02_semana_1.xlsx,2026-09-08,19:00,Adrián L.,0
cuadriculas/G02_semana_1.xlsx,2026-09-08,19:00,Víctor G.,0
cuadriculas/G02_semana_1.xlsx,2026-09-09,19:00,Pablo G.,0
cuadriculas/G02_semana_1.xlsx,2026-09-09,19:00,Alba G.,0
cuadriculas/G02_semana_1.xlsx,2026-09-10,19:00,Íker G.,0
cuadriculas/G02_semana_1.xlsx,2026-09-10,19:00,Martina L.,0
cuadriculas/G02_semana_1.xlsx,2026-09-10,19:00,Nerea L.,0
cuadriculas/G02_semana_1.xlsx,2026-09-10,19:00,Javier L.,0
cuadriculas/G02_semana_1.xlsx,2026-09-11,19:00,Javier F.,0
cuadriculas/G02_semana_1.xlsx,2026-09-11,19:00,Carla G.,1
cuadriculas/G02_semana_1.xlsx,2026-09-11,19:00,Diego L.,0
cuadriculas/G02_semana_1.xlsx,2026-09-11,19:00,Inés M.,0
cuadriculas/G02_semana_1.xlsx,2026-09-12,19:00,Nerea F.,0
cuadriculas/G02_semana_1.xlsx,2026-09-07,21:00,Rubén G.,0
cuadriculas/G02_semana_1.xlsx,2026-09-07,21:00,Álvaro G.,0
cuadriculas/G02_semana_1.xlsx,2026-09-07,21:00,Noelia L.,0
cuadriculas/G02_semana_1.xlsx,2026-09-07,21:00,Sara G.,0
cuadriculas/G02_semana_1.xlsx,2026-09-08,21:00,Laura M.,0
cuadriculas/G02_semana_1.xlsx,2026-09-08,21:00,Alba L.,0
cuadriculas/G02_semana_1.xlsx,2026-09-08,21:00,Cristina F.,1
cuadriculas/G02_semana_1.xlsx,2026-09-08,21:00,Íker L.,0
cuadriculas/G02_semana_1.xlsx,2026-09-09,21:00,Paula M.,0
cuadriculas/G02_semana_1.xlsx,2026-09-09,21:00,Marta L.,0
cuadriculas/G02_semana_1.xlsx,2026-09-09,21:00,Noelia L.,0
cuadriculas/G02_semana_1.xlsx,2026-09-10,21:00,Paula L.,0
cuadriculas/G02_semana_1.xlsx,2026-09-10,21:00,Paula G.,0
cuadriculas/G02_semana_1.xlsx,2026-09-11,21:00,Raquel G.,0
cuadriculas/G02_semana_1.xlsx,2026-09-11,21:00,Gonzalo M.,0
cuadriculas/G02_semana_1.xlsx,2026-09-12,21:00,Nuria L.,0
cuadriculas/G02_semana_1.xlsx,2026-09-12,21:00,Víctor G.,0
cuadriculas/G02_semana_1.xlsx,2026-09-12,21:00,Óscar G.,0
cuadriculas/G03_transpuesta_1.xlsx,2026-09-01,11:00,Bruno F.,0
cuadriculas/G03_transpuesta_1.xlsx,2026-09-01,11:00,Inés M.,0
cuadriculas/G03_transpuesta_1.xlsx,2026-09-01,20:00,Cristina M.,0
cuadriculas/G03_transpuesta_1.xlsx,2026-09-02,09:30,Marta G.,0
cuadriculas/G03_transpuesta_1.xlsx,2026-09-02,09:30,Sergio M.,0
cuadriculas/G03_transpuesta_1.xlsx,2026-09-02,11:00,Carla F.,0
cuadriculas/G03_transpuesta_1.xlsx,2026-09-02,11:00,Tomás G.,0
cuadriculas/G03_transpuesta_1.xlsx,2026-09-02,11:00,Marta G.,0
cuadriculas/G03_transpuesta_1.xlsx,2026-09-02,18:00,Hugo M.,0
cuadriculas/G03_transpuesta_1.xlsx,2026-09-02,20:00,Íker L.,0
cuadriculas/G03_transpuesta_1.xlsx,2026-09-02,20:00,Noelia F.,0
cuadriculas/G03_transpuesta_1.xlsx,2026-09-02,20:00,Marta M.,0
cuadriculas/G03_transpuesta_1.xlsx,2026-09-03,11:00,Cristina M.,0
cuadriculas/G03_transpuesta_1.xlsx,2026-09-03,11:00,Mario M.,0
cuadriculas/G03_transpuesta_1.xlsx,2026-09-03,18:00,Sofía L.,0
cuadriculas/G03_transpuesta_1.xlsx,2026-09-03,18:00,Adrián L.,0
cuadriculas/G03_transpuesta_1.xlsx,2026-09-03,18:00,Íker F.,0
cuadriculas/G03_transpuesta_1.xlsx,2026-09-03,20:00,Daniel F.,0
cuadriculas/G03_transpuesta_1.xlsx,2026-09-03,20:00,Alba M.,0
cuadriculas/G03_transpuesta_1.xlsx,2026-09-03,20:00,Adrián G.,0
cuadriculas/G03_transpuesta_1.xlsx,2026-09-04,09:30,Lucía G.,0
cuadriculas/G03_transpuesta_1.xlsx,2026-09-04,11:00,Claudia G.,0
cuadriculas/G03_transpuesta_1.xlsx,2026-09-04,20:00,Andrea F.,0
cuadriculas/G03_transpuesta_1.xlsx,2026-09-04,20:00,Paula G.,0
cuadriculas/G03_transpuesta_1.xlsx,2026-09-05,09:30,Gonzalo L.,0
cuadriculas/G03_transpuesta_1.xlsx,2026-09-05,09:30,Lucía G.,0
cuadriculas/G03_transpuesta_1.xlsx,2026-09-05,09:30,Claudia F.,0
cuadriculas/G03_transpuesta_1.xlsx,2026-09-05,11:00,Carla G.,0
cuadriculas/G03_transpuesta_1.xlsx,2026-09-05,11:00,Claudia F.,0
cuadriculas/G03_transpuesta_1.xlsx,2026-09-05,11:00,Íker L.,0
cuadriculas/G03_transpuesta_1.xlsx,2026-09-05,18:00,Martina L.,0
cuadriculas/G03_transpuesta_1.xlsx,2026-09-05,18:00,Beatriz G.,0
cuadriculas/G03_transpuesta_1.xlsx,2026-09-05,18:00,Rubén L.,0
cuadriculas/G03_transpuesta_1.xlsx,2026-09-05,20:00,Raúl G.,0
cuadriculas/G03_transpuesta_1.xlsx,2026-09-06,11:00,Jorge G.,0
cuadriculas/G03_transpuesta_1.xlsx,2026-09-06,11:00,Paula L.,0
cuadriculas/G03_transpuesta_1.xlsx,2026-09-06,20:00,Jorge G.,0
cuadriculas/G03_transpuesta_1.xlsx,2026-09-07,09:30,Andrea G.,0
cuadriculas/G03_transpuesta_1.xlsx,2026-09-07,09:30,Mario M.,0
cuadriculas/G03_transpuesta_1.xlsx,2026-09-07,09:30,Bruno F.,0
cuadriculas/G03_transpuesta_1.xlsx,2026-09-07,18:00,Andrea G.,0
cuadriculas/G03_transpuesta_1.xlsx,2026-09-07,18:00,Marcos F.,0
cuadriculas/G03_transpuesta_1.xlsx,2026-09-07,18:00,Beatriz L.,0
cuadriculas/G03_transpuesta_1.xlsx,2026-09-07,20:00,Gonzalo L.,0
cuadriculas/G04_hoja_por_dia_1.xlsx,2026-09-01,18:30,Claudia F.,0
cuadriculas/G04_hoja_por_dia_1.xlsx,2026-09-01,10:00,Pablo L.,0
cuadriculas/G04_hoja_por_dia_1.xlsx,2026-09-01,19:30,Adrián M.,0
cuadriculas/G04_hoja_por_dia_1.xlsx,2026-09-01,10:00,Elena L.,0
cuadriculas/G04_hoja_por_dia_1.xlsx,2026-09-01,19:30,Rubén G.,1
cuadriculas/G04_hoja_por_dia_1.xlsx,2026-09-01,10:00,Sergio L.,1
cuadriculas/G04_hoja_por_dia_1.xlsx,2026-09-01,18:30,Nerea G.,0
cuadriculas/G04_hoja_por_dia_1.xlsx,2026-09-01,19:30,Sergio L.,0
cuadriculas/G04_hoja_por_dia_1.xlsx,2026-09-02,10:00,Carla F.,0
cuadriculas/G04_hoja_por_dia_1.xlsx,2026-09-02,18:30,Rubén M.,0
cuadriculas/G04_hoja_por_dia_1.xlsx,2026-09-02,10:00,Daniel F.,0
cuadriculas/G04_hoja_por_dia_1.xlsx,2026-09-02,18:30,Raúl L.,0
cuadriculas/G04_hoja_por_dia_1.xlsx,2026-09-02,20:30,Lucía G.,1
cuadriculas/G04_hoja_por_dia_1.xlsx,2026-09-02,18:30,Inés F.,0
cuadriculas/G04_hoja_por_dia_1.xlsx,2026-09-02,18:30,Laura G.,0
cuadriculas/G04_hoja_por_dia_1.xlsx,2026-09-02,10:00,Iván G.,0
cuadriculas/G04_hoja_por_dia_1.xlsx,2026-09-02,18:30,Marta M.,0
cuadriculas/G04_hoja_por_dia_1.xlsx,2026-09-02,20:30,Beatriz M.,0
cuadriculas/G04_hoja_por_dia_1.xlsx,2026-09-02,10:00,Claudia G.,0
cuadriculas/G04_hoja_por_dia_1.xlsx,2026-09-03,10:00,Álvaro M.,0
cuadriculas/G04_hoja_por_dia_1.xlsx,2026-09-03,19:30,Sara G.,0
cuadriculas/G04_hoja_por_dia_1.xlsx,2026-09-03,10:00,Alba L.,0
cuadriculas/G04_hoja_por_dia_1.xlsx,2026-09-03,18:30,Víctor L.,0
cuadriculas/G04_hoja_por_dia_1.xlsx,2026-09-03,10:00,Diego F.,0
cuadriculas/G04_hoja_por_dia_1.xlsx,2026-09-03,18:30,Tomás G.,1
cuadriculas/G04_hoja_por_dia_1.xlsx,2026-09-04,10:00,Óscar M.,0
cuadriculas/G04_hoja_por_dia_1.xlsx,2026-09-04,20:30,Beatriz G.,0
cuadriculas/G04_hoja_por_dia_1.xlsx,2026-09-04,18:30,Marta G.,1
cuadriculas/G04_hoja_por_dia_1.xlsx,2026-09-04,20:30,Sofía G.,0
cuadriculas/G04_hoja_por_dia_1.xlsx,2026-09-04,10:00,Javier F.,1
cuadriculas/G04_hoja_por_dia_1.xlsx,2026-09-04,20:30,Raúl F.,0
cuadriculas/G04_hoja_por_dia_1.xlsx,2026-09-04,10:00,Sofía F.,0
cuadriculas/G04_hoja_por_dia_1.xlsx,2026-09-04,10:00,Pablo L.,0
cuadriculas/G04_hoja_por_dia_1.xlsx,2026-09-04,18:30,Carla G.,0
cuadriculas/G04_hoja_por_dia_1.xlsx,2026-09-05,10:00,Gonzalo F.,0
cuadriculas/G04_hoja_por_dia_1.xlsx,2026-09-05,20:30,Sara L.,0
cuadriculas/G04_hoja_por_dia_1.xlsx,2026-09-05,10:00,Carla F.,0
cuadriculas/G04_hoja_por_dia_1.xlsx,2026-09-05,18:30,Claudia G.,0
cuadriculas/G04_hoja_por_dia_1.xlsx,2026-09-05,20:30,Sara G.,0
cuadriculas/G04_hoja_por_dia_1.xlsx,2026-09-05,10:00,Irene L.,0
cuadriculas/G04_hoja_por_dia_1.xlsx,2026-09-05,20:30,Elena G.,0
cuadriculas/G04_hoja_por_dia_1.xlsx,2026-09-05,10:00,Andrea F.,0
cuadriculas/G04_hoja_por_dia_1.xlsx,2026-09-05,18:30,Raquel G.,0
cuadriculas/G04_hoja_por_dia_1.xlsx,2026-09-05,20:30,Noelia F.,0
cuadriculas/G01_bloques_2.xlsx,2026-10-01,09:30,Lucía L.,0
cuadriculas/G01_bloques_2.xlsx,2026-10-01,12:00,Inés L.,0
cuadriculas/G01_bloques_2.xlsx,2026-10-01,18:30,Nuria G.,0
cuadriculas/G01_bloques_2.xlsx,2026-10-01,19:45,Daniel F.,0
cuadriculas/G01_bloques_2.xlsx,2026-10-01,09:30,Iván L.,0
cuadriculas/G01_bloques_2.xlsx,2026-10-01,18:30,Nuria G.,0
cuadriculas/G01_bloques_2.xlsx,2026-10-01,21:00,Hugo F.,0
cuadriculas/G01_bloques_2.xlsx,2026-10-02,12:00,Raquel M.,0
cuadriculas/G01_bloques_2.xlsx,2026-10-02,18:30,Noelia M.,0
cuadriculas/G01_bloques_2.xlsx,2026-10-02,21:00,Raúl G.,0
cuadriculas/G01_bloques_2.xlsx,2026-10-02,09:30,Noelia L.,0
cuadriculas/G01_bloques_2.xlsx,2026-10-02,12:00,Diego M.,0
cuadriculas/G01_bloques_2.xlsx,2026-10-02,21:00,Adrián G.,0
cuadriculas/G01_bloques_2.xlsx,2026-10-03,12:00,Adrián G.,0
cuadriculas/G01_bloques_2.xlsx,2026-10-03,18:30,Irene L.,0
cuadriculas/G01_bloques_2.xlsx,2026-10-03,18:30,Javier F.,0
cuadriculas/G01_bloques_2.xlsx,2026-10-03,21:00,Víctor F.,0
cuadriculas/G01_bloques_2.xlsx,2026-10-03,18:30,Paula M.,0
cuadriculas/G01_bloques_2.xlsx,2026-10-03,21:00,Alba G.,1
cuadriculas/G01_bloques_2.xlsx,2026-10-03,09:30,Hugo L.,1
cuadriculas/G01_bloques_2.xlsx,2026-10-03,18:30,Sofía F.,0
cuadriculas/G01_bloques_2.xlsx,2026-10-03,12:00,Óscar L.,0
cuadriculas/G01_bloques_2.xlsx,2026-10-03,18:30,Álvaro M.,0
cuadriculas/G01_bloques_2.xlsx,2026-10-03,19:45,Daniel M.,1
cuadriculas/G01_bloques_2.xlsx,2026-10-03,21:00,Alba F.,0
cuadriculas/G01_bloques_2.xlsx,2026-10-05,09:30,Irene G.,0
cuadriculas/G01_bloques_2.xlsx,2026-10-05,12:00,Rubén L.,0
cuadriculas/G01_bloques_2.xlsx,2026-10-05,18:30,Tomás G.,0
cuadriculas/G01_bloques_2.xlsx,2026-10-05,21:00,Raquel L.,1
cuadriculas/G01_bloques_2.xlsx,2026-10-05,09:30,Claudia L.,0
cuadriculas/G01_bloques_2.xlsx,2026-10-05,12:00,Hugo M.,0
cuadriculas/G01_bloques_2.xlsx,2026-10-05,18:30,Pablo L.,1
cuadriculas/G01_bloques_2.xlsx,2026-10-05,21:00,Daniel M.,0
cuadriculas/G01_bloques_2.xlsx,2026-10-05,18:30,Mario M.,0
cuadriculas/G01_bloques_2.xlsx,2026-10-05,19:45,Lucía L.,0
cuadriculas/G01_bloques_2.xlsx,2026-10-06,18:30,Laura M.,1
cuadriculas/G01_bloques_2.xlsx,2026-10-06,21:00,Marta F.,0
cuadriculas/G01_bloques_2.xlsx,2026-10-06,09:30,Nerea G.,0
cuadriculas/G01_bloques_2.xlsx,2026-10-06,19:45,Marta G.,0
cuadriculas/G01_bloques_2.xlsx,2026-10-07,18:30,Noelia F.,0
cuadriculas/G01_bloques_2.xlsx,2026-10-07,09:30,Rubén F.,0
cuadriculas/G01_bloques_2.xlsx,2026-10-07,12:00,Marcos F.,0
cuadriculas/G01_bloques_2.xlsx,2026-10-07,18:30,Sergio L.,0
cuadriculas/G01_bloques_2.xlsx,2026-10-07,21:00,Irene L.,0
cuadriculas/G01_bloques_2.xlsx,2026-10-08,09:30,Laura L.,0
cuadriculas/G01_bloques_2.xlsx,2026-10-08,12:00,Marcos M.,0
cuadriculas/G01_bloques_2.xlsx,2026-10-08,18:30,Martina G.,1
cuadriculas/G01_bloques_2.xlsx,2026-10-08,21:00,Martina L.,0
cuadriculas/G01_bloques_2.xlsx,2026-10-08,18:30,Inés F.,0
cuadriculas/G01_bloques_2.xlsx,2026-10-08,09:30,Bruno F.,0
cuadriculas/G01_bloques_2.xlsx,2026-10-08,12:00,Lucía M.,0
cuadriculas/G01_bloques_2.xlsx,2026-10-08,18:30,Carla M.,0
cuadriculas/G01_bloques_2.xlsx,2026-10-08,19:45,Noelia G.,0
cuadriculas/G01_bloques_2.xlsx,2026-10-08,21:00,Martina G.,0
cuadriculas/G01_bloques_2.xlsx,2026-10-08,12:00,Irene G.,1
cuadriculas/G01_bloques_2.xlsx,2026-10-08,18:30,Bruno L.,1
cuadriculas/G01_bloques_2.xlsx,2026-10-08,19:45,Martina M.,0
cuadriculas/G01_bloques_2.xlsx,2026-10-08,21:00,Pablo L.,0
cuadriculas/G01_bloques_2.xlsx,2026-10-08,12:00,Bruno F.,0
cuadriculas/G01_bloques_2.xlsx,2026-10-08,18:30,Marta L.,0
cuadriculas/G01_bloques_2.xlsx,2026-10-09,09:30,Mario M.,0
cuadriculas/G01_bloques_2.xlsx,2026-10-09,12:00,Diego M.,0
cuadriculas/G01_bloques_2.xlsx,2026-10-09,21:00,Javier G.,0
cuadriculas/G01_bloques_2.xlsx,2026-10-09,09:30,Daniel G.,0
cuadriculas/G01_bloques_2.xlsx,2026-10-09,19:45,Rubén L.,0
cuadriculas/G01_bloques_2.xlsx,2026-10-09,09:30,Alba M.,1
cuadriculas/G01_bloques_2.xlsx,2026-10-09,12:00,Bruno M.,0
cuadriculas/G01_bloques_2.xlsx,2026-10-09,21:00,Carla M.,0
cuadriculas/G01_bloques_2.xlsx,2026-10-10,19:45,Sofía L.,1
cuadriculas/G01_bloques_2.xlsx,2026-10-10,21:00,Pablo F.,0
cuadriculas/G01_bloques_2.xlsx,2026-10-10,09:30,Sergio L.,0
cuadriculas/G01_bloques_2.xlsx,2026-10-10,12:00,Álvaro M.,0
cuadriculas/G01_bloques_2.xlsx,2026-10-10,19:45,Andrea M.,0
cuadriculas/G01_bloques_2.xlsx,2026-10-10,21:00,Sara M.,0
cuadriculas/G02_semana_2.xlsx,2026-10-05,09:00,Bruno L.,0
cuadriculas/G02_semana_2.xlsx,2026-10-05,09:00,Iván M.,0
cuadriculas/G02_semana_2.xlsx,2026-10-05,09:00,Raúl G.,0
cuadriculas/G02_semana_2.xlsx,2026-10-06,09:00,Sara G.,0
cuadriculas/G02_semana_2.xlsx,2026-10-06,09:00,Sofía L.,0
cuadriculas/G02_semana_2.xlsx,2026-10-07,09:00,Inés F.,0
cuadriculas/G02_semana_2.xlsx,2026-10-07,09:00,Carla M.,0
cuadriculas/G02_semana_2.xlsx,2026-10-08,09:00,Claudia F.,0
cuadriculas/G02_semana_2.xlsx,2026-10-09,09:00,Lucía G.,0
cuadriculas/G02_semana_2.xlsx,2026-10-09,09:00,Cristina G.,0
cuadriculas/G02_semana_2.xlsx,2026-10-10,09:00,Daniel L.,1
cuadriculas/G02_semana_2.xlsx,2026-10-10,09:00,Paula L.,0
cuadriculas/G02_semana_2.xlsx,2026-10-05,17:00,Alba F.,0
cuadriculas/G02_semana_2.xlsx,2026-10-06,17:00,Sergio G.,0
cuadriculas/G02_semana_2.xlsx,2026-10-07,17:00,Íker L.,1
cuadriculas/G02_semana_2.xlsx,2026-10-07,17:00,Marcos G.,1
cuadriculas/G02_semana_2.xlsx,2026-10-07,17:00,Alba L.,0
cuadriculas/G02_semana_2.xlsx,2026-10-07,17:00,Cristina G.,0
cuadriculas/G02_semana_2.xlsx,2026-10-08,17:00,Andrea M.,0
cuadriculas/G02_semana_2.xlsx,2026-10-08,17:00,Tomás M.,0
cuadriculas/G02_semana_2.xlsx,2026-10-09,17:00,Raúl L.,0
cuadriculas/G02_semana_2.xlsx,2026-10-09,17:00,Gonzalo L.,0
cuadriculas/G02_semana_2.xlsx,2026-10-09,17:00,Sergio G.,0
cuadriculas/G02_semana_2.xlsx,2026-10-09,17:00,Alba G.,0
cuadriculas/G02_semana_2.xlsx,2026-10-10,17:00,Raquel L.,0
cuadriculas/G02_semana_2.xlsx,2026-10-05,19:00,Víctor F.,0
cuadriculas/G02_semana_2.xlsx,2026-10-06,19:00,Diego L.,1
cuadriculas/G02_semana_2.xlsx,2026-10-06,19:00,Inés L.,0
cuadriculas/G02_semana_2.xlsx,2026-10-07,19:00,Beatriz L.,0
cuadriculas/G02_semana_2.xlsx,2026-10-07,19:00,Jorge L.,0
cuadriculas/G02_semana_2.xlsx,2026-10-07,19:00,Óscar F.,0
cuadriculas/G02_semana_2.xlsx,2026-10-07,19:00,Daniel L.,0
cuadriculas/G02_semana_2.xlsx,2026-10-08,19:00,Nuria L.,0
cuadriculas/G02_semana_2.xlsx,2026-10-08,19:00,Mario F.,0
cuadriculas/G02_semana_2.xlsx,2026-10-08,19:00,Jorge M.,0
cuadriculas/G02_semana_2.xlsx,2026-10-09,19:00,Jorge G.,0
cuadriculas/G02_semana_2.xlsx,2026-10-09,19:00,Hugo F.,0
cuadriculas/G02_semana_2.xlsx,2026-10-05,20:00,Iván M.,0
cuadriculas/G02_semana_2.xlsx,2026-10-05,20:00,Paula M.,1
cuadriculas/G02_semana_2.xlsx,2026-10-09,20:00,Bruno G.,0
cuadriculas/G02_semana_2.xlsx,2026-10-09,20:00,Daniel L.,0
cuadriculas/G02_semana_2.xlsx,2026-10-10,20:00,Óscar F.,0
cuadriculas/G02_semana_2.xlsx,2026-10-10,20:00,Raúl F.,1
cuadriculas/G02_semana_2.xlsx,2026-10-10,20:00,Noelia G.,0
cuadriculas/G02_semana_2.xlsx,2026-10-10,20:00,Marcos M.,0
cuadriculas/G02_semana_2.xlsx,2026-10-08,21:00,Marta L.,0
cuadriculas/G02_semana_2.xlsx,2026-10-09,21:00,Bruno G.,0
cuadriculas/G02_semana_2.xlsx,2026-10-09,21:00,Carla G.,0
cuadriculas/G02_semana_2.xlsx,2026-10-09,21:00,Iván M.,0
cuadriculas/G02_semana_2.xlsx,2026-10-10,21:00,Lucía L.,0
cuadriculas/G02_semana_2.xlsx,2026-10-10,21:00,Paula L.,0
cuadriculas/G03_transpuesta_2.xlsx,2026-10-01,18:00,Óscar M.,0
cuadriculas/G03_transpuesta_2.xlsx,2026-10-01,18:00,Javier G.,0
cuadriculas/G03_transpuesta_2.xlsx,2026-10-01,19:00,Irene G.,0
cuadriculas/G03_transpuesta_2.xlsx,2026-10-01,20:00,Marcos L.,0
cuadriculas/G03_transpuesta_2.xlsx,2026-10-01,20:00,Álvaro L.,0
cuadriculas/G03_transpuesta_2.xlsx,2026-10-01,20:00,Sergio M.,0
cuadriculas/G03_transpuesta_2.xlsx,2026-10-02,11:00,Nuria L.,0
cuadriculas/G03_transpuesta_2.xlsx,2026-10-02,11:00,Laura F.,0
cuadriculas/G03_transpuesta_2.xlsx,2026-10-02,18:00,Óscar L.,0
cuadriculas/G03_transpuesta_2.xlsx,2026-10-02,18:00,Bruno G.,0
cuadriculas/G03_transpuesta_2.xlsx,2026-10-02,18:00,Beatriz M.,0
cuadriculas/G03_transpuesta_2.xlsx,2026-10-02,20:00,Hugo L.,0
cuadriculas/G03_transpuesta_2.xlsx,2026-10-03,18:00,Sara G.,0
cuadriculas/G03_transpuesta_2.xlsx,2026-10-03,18:00,Martina G.,0
cuadriculas/G03_transpuesta_2.xlsx,2026-10-03,18:00,Bruno M.,0
cuadriculas/G03_transpuesta_2.xlsx,2026-10-03,19:00,Marta G.,0
cuadriculas/G03_transpuesta_2.xlsx,2026-10-03,19:00,Raquel G.,0
cuadriculas/G03_transpuesta_2.xlsx,2026-10-03,19:00,Andrea L.,0
cuadriculas/G03_transpuesta_2.xlsx,2026-10-03,20:00,Bruno F.,0
cuadriculas/G03_transpuesta_2.xlsx,2026-10-04,11:00,Raúl G.,0
cuadriculas/G03_transpuesta_2.xlsx,2026-10-04,19:00,Carla G.,0
cuadriculas/G03_transpuesta_2.xlsx,2026-10-04,20:00,Irene G.,0
cuadriculas/G03_transpuesta_2.xlsx,2026-10-04,20:00,Bruno L.,0
cuadriculas/G03_transpuesta_2.xlsx,2026-10-05,11:00,Íker M.,0
cuadriculas/G03_transpuesta_2.xlsx,2026-10-05,11:00,Inés L.,0
cuadriculas/G03_transpuesta_2.xlsx,2026-10-05,11:00,Marcos F.,0
cuadriculas/G03_transpuesta_2.xlsx,2026-10-05,18:00,Lucía L.,0
cuadriculas/G03_transpuesta_2.xlsx,2026-10-05,18:00,Hugo G.,0
cuadriculas/G03_transpuesta_2.xlsx,2026-10-05,18:00,Óscar F.,0
cuadriculas/G03_transpuesta_2.xlsx,2026-10-05,19:00,Óscar M.,0
cuadriculas/G03_transpuesta_2.xlsx,2026-10-05,20:00,Tomás G.,0
cuadriculas/G03_transpuesta_2.xlsx,2026-10-06,19:00,Laura F.,0
cuadriculas/G03_transpuesta_2.xlsx,2026-10-06,19:00,Nuria L.,0
cuadriculas/G03_transpuesta_2.xlsx,2026-10-06,20:00,Elena F.,0
cuadriculas/G03_transpuesta_2.xlsx,2026-10-06,20:00,Álvaro F.,0
cuadriculas/G03_transpuesta_2.xlsx,2026-10-07,11:00,Íker F.,0
cuadriculas/G03_transpuesta_2.xlsx,2026-10-07,11:00,Marta M.,0
cuadriculas/G03_transpuesta_2.xlsx,2026-10-07,11:00,Sofía L.,0
cuadriculas/G03_transpuesta_2.xlsx,2026-10-07,18:00,Raúl L.,0
cuadriculas/G03_transpuesta_2.xlsx,2026-10-07,18:00,Bruno M.,0
cuadriculas/G03_transpuesta_2.xlsx,2026-10-07,18:00,Adrián M.,0
cuadriculas/G03_transpuesta_2.xlsx,2026-10-07,19:00,Bruno M.,0
cuadriculas/G03_transpuesta_2.xlsx,2026-10-07,20:00,Hugo F.,0
cuadriculas/G03_transpuesta_2.xlsx,2026-10-07,20:00,Bruno M.,0
cuadriculas/G03_transpuesta_2.xlsx,2026-10-07,20:00,Gonzalo F.,0
cuadriculas/G04_hoja_por_dia_2.xlsx,2026-10-01,10:00,Hugo F.,0
cuadriculas/G04_hoja_por_dia_2.xlsx,2026-10-01,18:30,Jorge M.,0
cuadriculas/G04_hoja_por_dia_2.xlsx,2026-10-01,10:00,Sofía M.,0
cuadriculas/G04_hoja_por_dia_2.xlsx,2026-10-01,10:00,Irene G.,0
cuadriculas/G04_hoja_por_dia_2.xlsx,2026-10-01,18:30,Martina F.,0
cuadriculas/G04_hoja_por_dia_2.xlsx,2026-10-01,20:30,Álvaro L.,1
cuadriculas/G04_hoja_por_dia_2.xlsx,2026-10-01,10:00,Daniel L.,0
cuadriculas/G04_hoja_por_dia_2.xlsx,2026-10-01,18:30,Carla M.,0
cuadriculas/G04_hoja_por_dia_2.xlsx,2026-10-01,20:30,Marcos F.,0
cuadriculas/G04_hoja_por_dia_2.xlsx,2026-10-02,18:30,Claudia L.,0
cuadriculas/G04_hoja_por_dia_2.xlsx,2026-10-02,20:30,Sofía L.,0
cuadriculas/G04_hoja_por_dia_2.xlsx,2026-10-02,18:30,Carla F.,0
cuadriculas/G04_hoja_por_dia_2.xlsx,2026-10-02,19:30,Pablo L.,0
cuadriculas/G04_hoja_por_dia_2.xlsx,2026-10-02,20:30,Pablo L.,0
cuadriculas/G04_hoja_por_dia_2.xlsx,2026-10-02,18:30,Laura G.,0
cuadriculas/G04_hoja_por_dia_2.xlsx,2026-10-02,19:30,Raquel G.,1
cuadriculas/G04_hoja_por_dia_2.xlsx,2026-10-03,10:00,Adrián M.,0
cuadriculas/G04_hoja_por_dia_2.xlsx,2026-10-03,10:00,Noelia M.,1
cuadriculas/G04_hoja_por_dia_2.xlsx,2026-10-03,18:30,Alba L.,0
cuadriculas/G04_hoja_por_dia_2.xlsx,2026-10-03,10:00,Laura L.,0
cuadriculas/G04_hoja_por_dia_2.xlsx,2026-10-03,18:30,Iván L.,0
cuadriculas/G04_hoja_por_dia_2.xlsx,2026-10-04,19:30,Rubén F.,0
cuadriculas/G04_hoja_por_dia_2.xlsx,2026-10-04,18:30,Álvaro M.,1
cuadriculas/G04_hoja_por_dia_2.xlsx,2026-10-04,20:30,Tomás M.,0
cuadriculas/G04_hoja_por_dia_2.xlsx,2026-10-04,18:30,Alba F.,0
cuadriculas/G04_hoja_por_dia_2.xlsx,2026-10-04,20:30,Beatriz L.,0
cuadriculas/G04_hoja_por_dia_2.xlsx,2026-10-05,10:00,Raúl F.,0
cuadriculas/G04_hoja_por_dia_2.xlsx,2026-10-05,10:00,Diego G.,0
cuadriculas/G04_hoja_por_dia_2.xlsx,2026-10-05,19:30,Pablo M.,1
cuadriculas/G04_hoja_por_dia_2.xlsx,2026-10-05,20:30,Claudia G.,0
cuadriculas/G04_hoja_por_dia_2.xlsx,2026-10-05,19:30,Paula M.,0
cuadriculas/G04_hoja_por_dia_2.xlsx,2026-10-05,20:30,Raquel L.,0
cuadriculas/G04_hoja_por_dia_2.xlsx,2026-10-05,10:00,Lucía M.,0
cuadriculas/G04_hoja_por_dia_2.xlsx,2026-10-05,19:30,Cristina G.,0
cuadriculas/G04_hoja_por_dia_2.xlsx,2026-10-05,20:30,Inés F.,0
cuadriculas/G04_hoja_por_dia_2.xlsx,2026-10-05,20:30,Sergio F.,0
cuadriculas/G01_bloques_3.xlsx,2026-10-01,19:45,Tomás M.,0
cuadriculas/G01_bloques_3.xlsx,2026-10-01,21:00,Javier M.,0
cuadriculas/G01_bloques_3.xlsx,2026-10-01,09:30,Noelia M.,0
cuadriculas/G01_bloques_3.xlsx,2026-10-01,12:00,Jorge F.,0
cuadriculas/G01_bloques_3.xlsx,2026-10-02,19:45,Adrián L.,1
cuadriculas/G01_bloques_3.xlsx,2026-10-02,09:30,Irene G.,0
cuadriculas/G01_bloques_3.xlsx,2026-10-02,09:30,Hugo F.,0
cuadriculas/G01_bloques_3.xlsx,2026-10-03,19:45,Álvaro M.,0
cuadriculas/G01_bloques_3.xlsx,2026-10-03,21:00,Diego M.,0
cuadriculas/G01_bloques_3.xlsx,2026-10-03,12:00,Bruno M.,0
cuadriculas/G01_bloques_3.xlsx,2026-10-03,21:00,Irene L.,1
cuadriculas/G01_bloques_3.xlsx,2026-10-03,09:30,Alba M.,0
cuadriculas/G01_bloques_3.xlsx,2026-10-03,12:00,Andrea G.,0
cuadriculas/G01_bloques_3.xlsx,2026-10-03,21:00,Alba L.,0
cuadriculas/G01_bloques_3.xlsx,2026-10-03,12:00,Martina F.,0
cuadriculas/G01_bloques_3.xlsx,2026-10-05,12:00,Sofía F.,0
cuadriculas/G01_bloques_3.xlsx,2026-10-05,19:45,Daniel G.,0
cuadriculas/G01_bloques_3.xlsx,2026-10-05,21:00,Javier G.,0
cuadriculas/G01_bloques_3.xlsx,2026-10-05,12:00,Raúl F.,1
cuadriculas/G01_bloques_3.xlsx,2026-10-05,19:45,Jorge L.,0
cuadriculas/G01_bloques_3.xlsx,2026-10-05,21:00,Inés G.,0
cuadriculas/G01_bloques_3.xlsx,2026-10-05,12:00,Bruno F.,0
cuadriculas/G01_bloques_3.xlsx,2026-10-05,19:45,Adrián M.,0
cuadriculas/G01_bloques_3.xlsx,2026-10-05,09:30,Jorge G.,0
cuadriculas/G01_bloques_3.xlsx,2026-10-05,12:00,Hugo G.,0
cuadriculas/G01_bloques_3.xlsx,2026-10-05,19:45,Daniel M.,0
cuadriculas/G01_bloques_3.xlsx,2026-10-06,21:00,Laura M.,0
cuadriculas/G01_bloques_3.xlsx,2026-10-06,09:30,Óscar F.,0
cuadriculas/G01_bloques_3.xlsx,2026-10-06,12:00,Paula G.,0
cuadriculas/G01_bloques_3.xlsx,2026-10-06,09:30,Elena F.,0
cuadriculas/G01_bloques_3.xlsx,2026-10-06,12:00,Alba L.,0
cuadriculas/G01_bloques_3.xlsx,2026-10-06,09:30,Inés L.,0
cuadriculas/G01_bloques_3.xlsx,2026-10-06,12:00,Lucía G.,0
cuadriculas/G01_bloques_3.xlsx,2026-10-06,12:00,Claudia L.,0
cuadriculas/G01_bloques_3.xlsx,2026-10-06,19:45,Mario L.,0
cuadriculas/G01_bloques_3.xlsx,2026-10-06,21:00,Paula G.,0
cuadriculas/G01_bloques_3.xlsx,2026-10-07,09:30,Irene G.,0
cuadriculas/G01_bloques_3.xlsx,2026-10-07,19:45,Tomás F.,0
cuadriculas/G01_bloques_3.xlsx,2026-10-07,21:00,Andrea L.,1
cuadriculas/G01_bloques_3.xlsx,2026-10-07,09:30,Marcos M.,0
cuadriculas/G01_bloques_3.xlsx,2026-10-07,19:45,Víctor G.,0
cuadriculas/G01_bloques_3.xlsx,2026-10-07,09:30,Álvaro G.,0
cuadriculas/G01_bloques_3.xlsx,2026-10-07,19:45,Nuria G.,0
cuadriculas/G01_bloques_3.xlsx,2026-10-08,09:30,Mario F.,0
cuadriculas/G01_bloques_3.xlsx,2026-10-08,12:00,Sara F.,0
cuadriculas/G01_bloques_3.xlsx,2026-10-08,21:00,Noelia L.,0
cuadriculas/G01_bloques_3.xlsx,2026-10-08,21:00,Mario F.,0
cuadriculas/G01_bloques_3.xlsx,2026-10-08,12:00,Noelia L.,0
cuadriculas/G01_bloques_3.xlsx,2026-10-08,21:00,Nerea L.,0
cuadriculas/G01_bloques_3.xlsx,2026-10-09,12:00,Laura M.,0
cuadriculas/G01_bloques_3.xlsx,2026-10-09,19:45,Noelia F.,1
cuadriculas/G01_bloques_3.xlsx,2026-10-09,09:30,Cristina L.,0
cuadriculas/G01_bloques_3.xlsx,2026-10-09,19:45,Marta G.,0
cuadriculas/G01_bloques_3.xlsx,2026-10-10,19:45,Nuria L.,1
cuadriculas/G01_bloques_3.xlsx,2026-10-10,21:00,Andrea M.,0
cuadriculas/G01_bloques_3.xlsx,2026-10-10,09:30,Cristina M.,0
cuadriculas/G01_bloques_3.xlsx,2026-10-10,12:00,Alba F.,0
cuadriculas/G01_bloques_3.xlsx,2026-10-10,19:45,Mario F.,0
cuadriculas/G01_bloques_3.xlsx,2026-10-10,21:00,Lucía G.,0
cuadriculas/G01_bloques_3.xlsx,2026-10-10,09:30,Lucía L.,0
cuadriculas/G01_bloques_3.xlsx,2026-10-10,19:45,Óscar G.,0
cuadriculas/G01_bloques_3.xlsx,2026-10-10,09:30,Víctor M.,0
cuadriculas/G01_bloques_3.xlsx,2026-10-10,19:45,Elena F.,0
cuadriculas/G01_bloques_3.xlsx,2026-10-10,21:00,Diego M.,0
cuadriculas/G01_bloques_3.xlsx,2026-10-12,12:00,Daniel G.,0
cuadriculas/G01_bloques_3.xlsx,2026-10-12,12:00,Lucía M.,0
cuadriculas/G02_semana_3.xlsx,2026-10-06,09:00,Marcos G.,0
cuadriculas/G02_semana_3.xlsx,2026-10-06,09:00,Álvaro M.,0
cuadriculas/G02_semana_3.xlsx,2026-10-06,09:00,Lucía F.,0
cuadriculas/G02_semana_3.xlsx,2026-10-07,09:00,Hugo F.,0
cuadriculas/G02_semana_3.xlsx,2026-10-07,09:00,Elena L.,0
cuadriculas/G02_semana_3.xlsx,2026-10-07,09:00,Marta G.,0
cuadriculas/G02_semana_3.xlsx,2026-10-07,09:00,Iván L.,0
cuadriculas/G02_semana_3.xlsx,2026-10-09,09:00,Álvaro L.,0
cuadriculas/G02_semana_3.xlsx,2026-10-09,09:00,Pablo M.,0
cuadriculas/G02_semana_3.xlsx,2026-10-09,09:00,Alba F.,0
cuadriculas/G02_semana_3.xlsx,2026-10-10,09:00,Iván M.,0
cuadriculas/G02_semana_3.xlsx,2026-10-10,09:00,Sergio M.,0
cuadriculas/G02_semana_3.xlsx,2026-10-10,09:00,Iván L.,0
cuadriculas/G02_semana_3.xlsx,2026-10-10,09:00,Daniel F.,0
cuadriculas/G02_semana_3.xlsx,2026-10-05,10:00,Javier F.,0
cuadriculas/G02_semana_3.xlsx,2026-10-07,10:00,Lucía F.,0
cuadriculas/G02_semana_3.xlsx,2026-10-07,10:00,Marta M.,0
cuadriculas/G02_semana_3.xlsx,2026-10-08,10:00,Sergio L.,1
cuadriculas/G02_semana_3.xlsx,2026-10-08,10:00,Martina F.,1
cuadriculas/G02_semana_3.xlsx,2026-10-09,10:00,Hugo F.,0
cuadriculas/G02_semana_3.xlsx,2026-10-09,10:00,Bruno G.,0
cuadriculas/G02_semana_3.xlsx,2026-10-05,17:00,Sofía L.,0
cuadriculas/G02_semana_3.xlsx,2026-10-06,17:00,Claudia M.,0
cuadriculas/G02_semana_3.xlsx,2026-10-07,17:00,Cristina L.,0
cuadriculas/G02_semana_3.xlsx,2026-10-07,17:00,Elena G.,0
cuadriculas/G02_semana_3.xlsx,2026-10-07,17:00,Gonzalo F.,0
cuadriculas/G02_semana_3.xlsx,2026-10-08,17:00,Pablo M.,0
cuadriculas/G02_semana_3.xlsx,2026-10-09,17:00,Claudia G.,0
cuadriculas/G02_semana_3.xlsx,2026-10-09,17:00,Víctor L.,0
cuadriculas/G02_semana_3.xlsx,2026-10-10,17:00,Pablo F.,0
cuadriculas/G02_semana_3.xlsx,2026-10-10,17:00,Marcos G.,0
cuadriculas/G02_semana_3.xlsx,2026-10-10,17:00,Tomás M.,0
cuadriculas/G02_semana_3.xlsx,2026-10-10,17:00,Jorge F.,0
cuadriculas/G02_semana_3.xlsx,2026-10-05,18:00,Íker L.,0
cuadriculas/G02_semana_3.xlsx,2026-10-05,18:00,Martina G.,0
cuadriculas/G02_semana_3.xlsx,2026-10-05,18:00,Cristina L.,0
cuadriculas/G02_semana_3.xlsx,2026-10-08,18:00,Elena L.,0
cuadriculas/G02_semana_3.xlsx,2026-10-09,18:00,Adrián F.,1
cuadriculas/G02_semana_3.xlsx,2026-10-10,18:00,Elena F.,1
cuadriculas/G02_semana_3.xlsx,2026-10-10,18:00,Tomás L.,0
cuadriculas/G02_semana_3.xlsx,2026-10-10,18:00,Cristina M.,0
cuadriculas/G02_semana_3.xlsx,2026-10-10,18:00,Íker G.,0
cuadriculas/G02_semana_3.xlsx,2026-10-05,20:00,Óscar M.,0
cuadriculas/G02_semana_3.xlsx,2026-10-06,20:00,Tomás F.,0
cuadriculas/G02_semana_3.xlsx,2026-10-06,20:00,Marta L.,0
cuadriculas/G02_semana_3.xlsx,2026-10-06,20:00,Tomás M.,0
cuadriculas/G02_semana_3.xlsx,2026-10-06,20:00,Sergio M.,0
cuadriculas/G02_semana_3.xlsx,2026-10-07,20:00,Noelia F.,0
cuadriculas/G02_semana_3.xlsx,2026-10-07,20:00,Lucía L.,0
cuadriculas/G02_semana_3.xlsx,2026-10-08,20:00,Irene G.,0
cuadriculas/G02_semana_3.xlsx,2026-10-08,20:00,Bruno F.,0
cuadriculas/G02_semana_3.xlsx,2026-10-10,20:00,Marcos G.,0
cuadriculas/G02_semana_3.xlsx,2026-10-10,20:00,Alba L.,0
cuadriculas/G02_semana_3.xlsx,2026-10-10,20:00,Óscar M.,0
cuadriculas/G03_transpuesta_3.xlsx,2026-10-01,11:00,Adrián G.,0
cuadriculas/G03_transpuesta_3.xlsx,2026-10-01,11:00,Nerea L.,0
cuadriculas/G03_transpuesta_3.xlsx,2026-10-01,11:00,Hugo F.,0
cuadriculas/G03_transpuesta_3.xlsx,2026-10-01,18:00,Tomás L.,0
cuadriculas/G03_transpuesta_3.xlsx,2026-10-01,18:00,Rubén M.,0
cuadriculas/G03_transpuesta_3.xlsx,2026-10-01,18:00,Andrea L.,0
cuadriculas/G03_transpuesta_3.xlsx,2026-10-01,19:00,Adrián M.,0
cuadriculas/G03_transpuesta_3.xlsx,2026-10-02,09:30,Jorge F.,0
cuadriculas/G03_transpuesta_3.xlsx,2026-10-02,09:30,Gonzalo M.,0
cuadriculas/G03_transpuesta_3.xlsx,2026-10-02,11:00,Martina F.,0
cuadriculas/G03_transpuesta_3.xlsx,2026-10-02,11:00,Lucía M.,0
cuadriculas/G03_transpuesta_3.xlsx,2026-10-02,11:00,Beatriz M.,0
cuadriculas/G03_transpuesta_3.xlsx,2026-10-02,19:00,Mario G.,0
cuadriculas/G03_transpuesta_3.xlsx,2026-10-03,09:30,Mario M.,0
cuadriculas/G03_transpuesta_3.xlsx,2026-10-03,09:30,Diego G.,0
cuadriculas/G03_transpuesta_3.xlsx,2026-10-03,09:30,Sofía M.,0
cuadriculas/G03_transpuesta_3.xlsx,2026-10-03,11:00,Marta F.,0
cuadriculas/G03_transpuesta_3.xlsx,2026-10-03,11:00,Irene F.,0
cuadriculas/G03_transpuesta_3.xlsx,2026-10-03,11:00,Pablo F.,0
cuadriculas/G03_transpuesta_3.xlsx,2026-10-03,18:00,Andrea F.,0
cuadriculas/G03_transpuesta_3.xlsx,2026-10-03,18:00,Iván M.,0
cuadriculas/G03_transpuesta_3.xlsx,2026-10-03,19:00,Rubén G.,0
cuadriculas/G03_transpuesta_3.xlsx,2026-10-03,19:00,Marta F.,0
cuadriculas/G03_transpuesta_3.xlsx,2026-10-04,09:30,Alba F.,0
cuadriculas/G03_transpuesta_3.xlsx,2026-10-04,18:00,Iván F.,0
cuadriculas/G03_transpuesta_3.xlsx,2026-10-04,18:00,Gonzalo L.,0
cuadriculas/G03_transpuesta_3.xlsx,2026-10-04,18:00,Cristina L.,0
cuadriculas/G03_transpuesta_3.xlsx,2026-10-04,19:00,Andrea L.,0
cuadriculas/G03_transpuesta_3.xlsx,2026-10-04,19:00,Jorge L.,0
cuadriculas/G03_transpuesta_3.xlsx,2026-10-04,19:00,Sara L.,0
cuadriculas/G03_transpuesta_3.xlsx,2026-10-05,09:30,Laura F.,0
cuadriculas/G03_transpuesta_3.xlsx,2026-10-05,09:30,Andrea F.,0
cuadriculas/G03_transpuesta_3.xlsx,2026-10-05,09:30,Óscar L.,0
cuadriculas/G03_transpuesta_3.xlsx,2026-10-05,11:00,Tomás L.,0
cuadriculas/G03_transpuesta_3.xlsx,2026-10-05,11:00,Raúl G.,0
cuadriculas/G03_transpuesta_3.xlsx,2026-10-05,11:00,Sofía F.,0
cuadriculas/G03_transpuesta_3.xlsx,2026-10-05,18:00,Daniel M.,0
cuadriculas/G03_transpuesta_3.xlsx,2026-10-05,19:00,Sofía M.,0
cuadriculas/G03_transpuesta_3.xlsx,2026-10-05,19:00,Sara M.,0
cuadriculas/G03_transpuesta_3.xlsx,2026-10-05,19:00,Laura L.,0
cuadriculas/G03_transpuesta_3.xlsx,2026-10-06,09:30,Tomás F.,0
cuadriculas/G03_transpuesta_3.xlsx,2026-10-06,09:30,Sofía F.,0
cuadriculas/G03_transpuesta_3.xlsx,2026-10-06,11:00,Cristina F.,0
cuadriculas/G03_transpuesta_3.xlsx,2026-10-06,11:00,Lucía L.,0
cuadriculas/G03_transpuesta_3.xlsx,2026-10-06,11:00,Carla L.,0
cuadriculas/G03_transpuesta_3.xlsx,2026-10-06,18:00,Hugo L.,0
cuadriculas/G03_transpuesta_3.xlsx,2026-10-06,18:00,Óscar G.,0
cuadriculas/G03_transpuesta_3.xlsx,2026-10-06,18:00,Tomás M.,0
cuadriculas/G03_transpuesta_3.xlsx,2026-10-06,19:00,Bruno F.,0
cuadriculas/G03_transpuesta_3.xlsx,2026-10-07,09:30,Nerea L.,0
cuadriculas/G03_transpuesta_3.xlsx,2026-10-07,09:30,Sara F.,0
cuadriculas/G03_transpuesta_3.xlsx,2026-10-07,11:00,Marcos L.,0
cuadriculas/G03_transpuesta_3.xlsx,2026-10-07,11:00,Alba M.,0
cuadriculas/G03_transpuesta_3.xlsx,2026-10-07,11:00,Javier M.,0
cuadriculas/G03_transpuesta_3.xlsx,2026-10-07,19:00,Martina G.,0
cuadriculas/G03_transpuesta_3.xlsx,2026-10-07,19:00,Sergio M.,0
cuadriculas/G03_transpuesta_3.xlsx,2026-10-07,19:00,Marcos F.,0
cuadriculas/G03_transpuesta_3.xlsx,2026-10-08,11:00,Raquel F.,0
cuadriculas/G03_transpuesta_3.xlsx,2026-10-08,11:00,Óscar G.,0
cuadriculas/G03_transpuesta_3.xlsx,2026-10-08,18:00,Álvaro F.,0
cuadriculas/G03_transpuesta_3.xlsx,2026-10-08,19:00,Andrea F.,0
cuadriculas/G03_transpuesta_3.xlsx,2026-10-08,19:00,Martina M.,0
cuadriculas/G04_hoja_por_dia_3.xlsx,2026-10-01,10:00,Víctor L.,0
cuadriculas/G04_hoja_por_dia_3.xlsx,2026-10-01,20:30,Daniel F.,0
cuadriculas/G04_hoja_por_dia_3.xlsx,2026-10-01,10:00,Paula F.,0
cuadriculas/G04_hoja_por_dia_3.xlsx,2026-10-01,19:30,Álvaro G.,1
cuadriculas/G04_hoja_por_dia_3.xlsx,2026-10-01,19:30,Elena L.,0
cuadriculas/G04_hoja_por_dia_3.xlsx,2026-10-01,19:30,Óscar F.,0
cuadriculas/G04_hoja_por_dia_3.xlsx,2026-10-01,20:30,Adrián G.,0
cuadriculas/G04_hoja_por_dia_3.xlsx,2026-10-01,10:00,Irene M.,0
cuadriculas/G04_hoja_por_dia_3.xlsx,2026-10-01,19:30,Cristina M.,0
cuadriculas/G04_hoja_por_dia_3.xlsx,2026-10-01,20:30,Sofía L.,0
cuadriculas/G04_hoja_por_dia_3.xlsx,2026-10-02,18:30,Marcos L.,0
cuadriculas/G04_hoja_por_dia_3.xlsx,2026-10-02,20:30,Marta F.,0
cuadriculas/G04_hoja_por_dia_3.xlsx,2026-10-02,18:30,Elena F.,0
cuadriculas/G04_hoja_por_dia_3.xlsx,2026-10-02,19:30,Iván G.,0
cuadriculas/G04_hoja_por_dia_3.xlsx,2026-10-02,20:30,Óscar F.,0
cuadriculas/G04_hoja_por_dia_3.xlsx,2026-10-02,18:30,Paula F.,0
cuadriculas/G04_hoja_por_dia_3.xlsx,2026-10-02,19:30,Marcos G.,0
cuadriculas/G04_hoja_por_dia_3.xlsx,2026-10-02,20:30,Inés F.,0
cuadriculas/G04_hoja_por_dia_3.xlsx,2026-10-02,18:30,Diego F.,1
cuadriculas/G04_hoja_por_dia_3.xlsx,2026-10-02,18:30,Gonzalo F.,0
cuadriculas/G04_hoja_por_dia_3.xlsx,2026-10-02,20:30,Daniel F.,0
cuadriculas/G04_hoja_por_dia_3.xlsx,2026-10-02,19:30,Inés L.,0
cuadriculas/G04_hoja_por_dia_3.xlsx,2026-10-03,19:30,Óscar G.,0
cuadriculas/G04_hoja_por_dia_3.xlsx,2026-10-03,20:30,Tomás G.,0
cuadriculas/G04_hoja_por_dia_3.xlsx,2026-10-03,18:30,Nerea L.,1
cuadriculas/G04_hoja_por_dia_3.xlsx,2026-10-03,20:30,Andrea G.,0
cuadriculas/G04_hoja_por_dia_3.xlsx,2026-10-03,19:30,Óscar M.,0
cuadriculas/G04_hoja_por_dia_3.xlsx,2026-10-03,18:30,Álvaro L.,0
cuadriculas/G04_hoja_por_dia_3.xlsx,2026-10-03,19:30,Paula G.,0
cuadriculas/G04_hoja_por_dia_3.xlsx,2026-10-03,18:30,Raúl L.,0
cuadriculas/G04_hoja_por_dia_3.xlsx,2026-10-03,19:30,Elena F.,0
cuadriculas/G01_bloques_4.xlsx,2026-09-01,12:00,Irene F.,0
cuadriculas/G01_bloques_4.xlsx,2026-09-01,18:30,Marcos F.,0
cuadriculas/G01_bloques_4.xlsx,2026-09-01,21:00,Inés G.,0
cuadriculas/G01_bloques_4.xlsx,2026-09-01,10:45,Javier F.,0
cuadriculas/G01_bloques_4.xlsx,2026-09-01,18:30,Claudia G.,1
cuadriculas/G01_bloques_4.xlsx,2026-09-01,10:45,Gonzalo F.,0
cuadriculas/G01_bloques_4.xlsx,2026-09-01,12:00,Javier F.,0
cuadriculas/G01_bloques_4.xlsx,2026-09-01,18:30,Rubén L.,0
cuadriculas/G01_bloques_4.xlsx,2026-09-02,10:45,Alba F.,0
cuadriculas/G01_bloques_4.xlsx,2026-09-02,12:00,Iván G.,0
cuadriculas/G01_bloques_4.xlsx,2026-09-02,18:30,Nerea G.,1
cuadriculas/G01_bloques_4.xlsx,2026-09-02,10:45,Alba L.,0
cuadriculas/G01_bloques_4.xlsx,2026-09-02,12:00,Marta F.,0
cuadriculas/G01_bloques_4.xlsx,2026-09-02,21:00,Laura F.,0
cuadriculas/G01_bloques_4.xlsx,2026-09-02,12:00,Laura L.,0
cuadriculas/G01_bloques_4.xlsx,2026-09-02,18:30,Paula G.,0
cuadriculas/G01_bloques_4.xlsx,2026-09-02,12:00,Raúl L.,0
cuadriculas/G01_bloques_4.xlsx,2026-09-02,21:00,Jorge L.,0
cuadriculas/G01_bloques_4.xlsx,2026-09-02,18:30,Óscar L.,1
cuadriculas/G01_bloques_4.xlsx,2026-09-03,12:00,Laura M.,0
cuadriculas/G01_bloques_4.xlsx,2026-09-03,10:45,Gonzalo L.,0
cuadriculas/G01_bloques_4.xlsx,2026-09-03,12:00,Óscar M.,0
cuadriculas/G01_bloques_4.xlsx,2026-09-03,21:00,Tomás L.,0
cuadriculas/G01_bloques_4.xlsx,2026-09-03,10:45,Víctor M.,0
cuadriculas/G01_bloques_4.xlsx,2026-09-03,12:00,Mario M.,0
cuadriculas/G01_bloques_4.xlsx,2026-09-03,10:45,Claudia G.,0
cuadriculas/G01_bloques_4.xlsx,2026-09-03,18:30,Diego L.,0
cuadriculas/G01_bloques_4.xlsx,2026-09-03,10:45,Bruno G.,0
cuadriculas/G01_bloques_4.xlsx,2026-09-03,12:00,Álvaro L.,0
cuadriculas/G01_bloques_4.xlsx,2026-09-03,18:30,Alba G.,0
cuadriculas/G01_bloques_4.xlsx,2026-09-03,21:00,Martina G.,0
cuadriculas/G01_bloques_4.xlsx,2026-09-04,12:00,Noelia G.,0
cuadriculas/G01_bloques_4.xlsx,2026-09-04,10:45,Martina G.,0
cuadriculas/G01_bloques_4.xlsx,2026-09-04,12:00,Andrea L.,0
cuadriculas/G01_bloques_4.xlsx,2026-09-04,18:30,Bruno F.,0
cuadriculas/G01_bloques_4.xlsx,2026-09-04,10:45,Jorge F.,0
cuadriculas/G01_bloques_4.xlsx,2026-09-04,18:30,Marta G.,0
cuadriculas/G01_bloques_4.xlsx,2026-09-04,12:00,Beatriz G.,0
cuadriculas/G01_bloques_4.xlsx,2026-09-04,18:30,Alba F.,0
cuadriculas/G01_bloques_4.xlsx,2026-09-05,10:45,Diego L.,0
cuadriculas/G01_bloques_4.xlsx,2026-09-05,21:00,Sergio G.,0
cuadriculas/G01_bloques_4.xlsx,2026-09-05,10:45,Andrea F.,0
cuadriculas/G01_bloques_4.xlsx,2026-09-05,18:30,Alba F.,0
cuadriculas/G01_bloques_4.xlsx,2026-09-05,21:00,Daniel G.,0
cuadriculas/G01_bloques_4.xlsx,2026-09-05,10:45,Carla M.,0
cuadriculas/G01_bloques_4.xlsx,2026-09-05,21:00,Víctor G.,0
cuadriculas/G01_bloques_4.xlsx,2026-09-05,10:45,Laura L.,1
cuadriculas/G01_bloques_4.xlsx,2026-09-05,12:00,Óscar G.,0
cuadriculas/G01_bloques_4.xlsx,2026-09-05,18:30,Martina F.,0
cuadriculas/G01_bloques_4.xlsx,2026-09-05,21:00,Raúl L.,0
cuadriculas/G01_bloques_4.xlsx,2026-09-05,12:00,Andrea L.,0
cuadriculas/G01_bloques_4.xlsx,2026-09-05,18:30,Cristina G.,1
cuadriculas/G01_bloques_4.xlsx,2026-09-05,21:00,Lucía L.,0
cuadriculas/G01_bloques_4.xlsx,2026-09-07,21:00,Óscar M.,0
cuadriculas/G01_bloques_4.xlsx,2026-09-07,10:45,Raquel G.,0
cuadriculas/G01_bloques_4.xlsx,2026-09-07,18:30,Paula F.,0
cuadriculas/G01_bloques_4.xlsx,2026-09-07,21:00,Diego M.,0
cuadriculas/G01_bloques_4.xlsx,2026-09-08,18:30,Carla L.,0
cuadriculas/G01_bloques_4.xlsx,2026-09-08,10:45,Óscar M.,0
cuadriculas/G01_bloques_4.xlsx,2026-09-08,12:00,Carla G.,1
cuadriculas/G01_bloques_4.xlsx,2026-09-08,18:30,Nerea L.,0
cuadriculas/G01_bloques_4.xlsx,2026-09-08,12:00,Jorge G.,0
cuadriculas/G01_bloques_4.xlsx,2026-09-08,21:00,Lucía L.,1
cuadriculas/G01_bloques_4.xlsx,2026-09-09,10:45,Álvaro L.,0
cuadriculas/G01_bloques_4.xlsx,2026-09-09,18:30,Adrián G.,0
cuadriculas/G01_bloques_4.xlsx,2026-09-09,21:00,Cristina L.,0
cuadriculas/G01_bloques_4.xlsx,2026-09-09,18:30,Lucía G.,0
cuadriculas/G01_bloques_4.xlsx,2026-09-09,21:00,Marcos F.,1
cuadriculas/G02_semana_4.xlsx,2026-09-07,09:00,Bruno F.,0
cuadriculas/G02_semana_4.xlsx,2026-09-07,09:00,Nerea G.,0
cuadriculas/G02_semana_4.xlsx,2026-09-07,09:00,Raúl L.,1
cuadriculas/G02_semana_4.xlsx,2026-09-08,09:00,Noelia L.,0
cuadriculas/G02_semana_4.xlsx,2026-09-08,09:00,Andrea M.,0
cuadriculas/G02_semana_4.xlsx,2026-09-09,09:00,Marta L.,0
cuadriculas/G02_semana_4.xlsx,2026-09-09,09:00,Lucía G.,0
cuadriculas/G02_semana_4.xlsx,2026-09-09,09:00,Tomás M.,0
cuadriculas/G02_semana_4.xlsx,2026-09-09,09:00,Raquel L.,0
cuadriculas/G02_semana_4.xlsx,2026-09-10,09:00,Sofía M.,0
cuadriculas/G02_semana_4.xlsx,2026-09-10,09:00,Marcos G.,0
cuadriculas/G02_semana_4.xlsx,2026-09-11,09:00,Pablo F.,0
cuadriculas/G02_semana_4.xlsx,2026-09-11,09:00,Alba M.,0
cuadriculas/G02_semana_4.xlsx,2026-09-11,09:00,Elena G.,0
cuadriculas/G02_semana_4.xlsx,2026-09-11,09:00,Alba F.,0
cuadriculas/G02_semana_4.xlsx,2026-09-12,09:00,Nerea F.,1
cuadriculas/G02_semana_4.xlsx,2026-09-07,10:00,Mario G.,0
cuadriculas/G02_semana_4.xlsx,2026-09-08,10:00,Gonzalo M.,0
cuadriculas/G02_semana_4.xlsx,2026-09-09,10:00,Sofía F.,0
cuadriculas/G02_semana_4.xlsx,2026-09-09,10:00,Irene M.,0
cuadriculas/G02_semana_4.xlsx,2026-09-10,10:00,Beatriz F.,0
cuadriculas/G02_semana_4.xlsx,2026-09-10,10:00,Inés M.,0
cuadriculas/G02_semana_4.xlsx,2026-09-10,10:00,Álvaro F.,0
cuadriculas/G02_semana_4.xlsx,2026-09-10,10:00,Mario M.,0
cuadriculas/G02_semana_4.xlsx,2026-09-07,19:00,Víctor F.,0
cuadriculas/G02_semana_4.xlsx,2026-09-07,19:00,Óscar F.,0
cuadriculas/G02_semana_4.xlsx,2026-09-08,19:00,Óscar F.,0
cuadriculas/G02_semana_4.xlsx,2026-09-09,19:00,Nerea G.,0
cuadriculas/G02_semana_4.xlsx,2026-09-09,19:00,Bruno M.,0
cuadriculas/G02_semana_4.xlsx,2026-09-09,19:00,Bruno L.,1
cuadriculas/G02_semana_4.xlsx,2026-09-10,19:00,Daniel G.,1
cuadriculas/G02_semana_4.xlsx,2026-09-10,19:00,Raúl M.,0
cuadriculas/G02_semana_4.xlsx,2026-09-10,19:00,Marta L.,0
cuadriculas/G02_semana_4.xlsx,2026-09-11,19:00,Iván M.,0
cuadriculas/G02_semana_4.xlsx,2026-09-11,19:00,Jorge G.,0
cuadriculas/G02_semana_4.xlsx,2026-09-11,19:00,Laura L.,1
cuadriculas/G02_semana_4.xlsx,2026-09-12,19:00,Marta M.,0
cuadriculas/G02_semana_4.xlsx,2026-09-12,19:00,Sergio F.,0
cuadriculas/G02_semana_4.xlsx,2026-09-07,20:00,Laura F.,0
cuadriculas/G02_semana_4.xlsx,2026-09-07,20:00,Noelia F.,0
cuadriculas/G02_semana_4.xlsx,2026-09-07,20:00,Gonzalo G.,0
cuadriculas/G02_semana_4.xlsx,2026-09-07,20:00,Rubén F.,0
cuadriculas/G02_semana_4.xlsx,2026-09-08,20:00,Claudia G.,0
cuadriculas/G02_semana_4.xlsx,2026-09-08,20:00,Inés M.,1
cuadriculas/G02_semana_4.xlsx,2026-09-09,20:00,Raúl L.,0
cuadriculas/G02_semana_4.xlsx,2026-09-09,20:00,Nuria G.,0
cuadriculas/G02_semana_4.xlsx,2026-09-09,20:00,Sofía M.,0
cuadriculas/G02_semana_4.xlsx,2026-09-09,20:00,Daniel F.,0
cuadriculas/G02_semana_4.xlsx,2026-09-10,20:00,Sofía L.,0
cuadriculas/G02_semana_4.xlsx,2026-09-10,20:00,Rubén G.,0
cuadriculas/G02_semana_4.xlsx,2026-09-11,20:00,Sara G.,0
cuadriculas/G02_semana_4.xlsx,2026-09-09,21:00,Raquel G.,0
cuadriculas/G02_semana_4.xlsx,2026-09-09,21:00,Tomás F.,0
cuadriculas/G02_semana_4.xlsx,2026-09-09,21:00,Mario L.,0
cuadriculas/G02_semana_4.xlsx,2026-09-10,21:00,Jorge G.,0
cuadriculas/G02_semana_4.xlsx,2026-09-11,21:00,Carla F.,0
cuadriculas/G02_semana_4.xlsx,2026-09-12,21:00,Irene M.,0
cuadriculas/G02_semana_4.xlsx,2026-09-12,21:00,Adrián F.,0
cuadriculas/G02_semana_4.xlsx,2026-09-12,21:00,Carla L.,0
cuadriculas/G03_transpuesta_4.xlsx,2026-09-01,09:30,Íker L.,0
cuadriculas/G03_transpuesta_4.xlsx,2026-09-01,09:30,Diego L.,0
cuadriculas/G03_transpuesta_4.xlsx,2026-09-01,09:30,Javier F.,0
cuadriculas/G03_transpuesta_4.xlsx,2026-09-01,18:00,Iván L.,0
cuadriculas/G03_transpuesta_4.xlsx,2026-09-02,11:00,Nerea L.,0
cuadriculas/G03_transpuesta_4.xlsx,2026-09-02,11:00,Carla M.,0
cuadriculas/G03_transpuesta_4.xlsx,2026-09-02,18:00,Sofía L.,0
cuadriculas/G03_transpuesta_4.xlsx,2026-09-02,18:00,Bruno F.,0
cuadriculas/G03_transpuesta_4.xlsx,2026-09-02,18:00,Nerea G.,0
cuadriculas/G03_transpuesta_4.xlsx,2026-09-03,11:00,Tomás M.,0
cuadriculas/G03_transpuesta_4.xlsx,2026-09-03,20:00,Irene F.,0
cuadriculas/G03_transpuesta_4.xlsx,2026-09-04,09:30,Cristina G.,0
cuadriculas/G03_transpuesta_4.xlsx,2026-09-04,09:30,Alba M.,0
cuadriculas/G03_transpuesta_4.xlsx,2026-09-04,09:30,Sara M.,0
cuadriculas/G03_transpuesta_4.xlsx,2026-09-04,11:00,Marcos M.,0
cuadriculas/G03_transpuesta_4.xlsx,2026-09-04,11:00,Paula F.,0
cuadriculas/G03_transpuesta_4.xlsx,2026-09-04,18:00,Sara L.,0
cuadriculas/G03_transpuesta_4.xlsx,2026-09-04,20:00,Raúl L.,0
cuadriculas/G03_transpuesta_4.xlsx,2026-09-04,20:00,Sofía M.,0
cuadriculas/G03_transpuesta_4.xlsx,2026-09-05,09:30,Daniel L.,0
cuadriculas/G03_transpuesta_4.xlsx,2026-09-05,11:00,Sergio F.,0
cuadriculas/G03_transpuesta_4.xlsx,2026-09-05,11:00,Lucía L.,0
cuadriculas/G03_transpuesta_4.xlsx,2026-09-05,18:00,Cristina M.,0
cuadriculas/G03_transpuesta_4.xlsx,2026-09-05,18:00,Gonzalo G.,0
cuadriculas/G03_transpuesta_4.xlsx,2026-09-05,18:00,Pablo M.,0
cuadriculas/G03_transpuesta_4.xlsx,2026-09-05,20:00,Raúl F.,0
cuadriculas/G03_transpuesta_4.xlsx,2026-09-05,20:00,Martina M.,0
cuadriculas/G03_transpuesta_4.xlsx,2026-09-06,11:00,Mario L.,0
cuadriculas/G03_transpuesta_4.xlsx,2026-09-06,11:00,Sara M.,0
cuadriculas/G03_transpuesta_4.xlsx,2026-09-06,11:00,Claudia F.,0
cuadriculas/G03_transpuesta_4.xlsx,2026-09-06,18:00,Irene G.,0
cuadriculas/G03_transpuesta_4.xlsx,2026-09-06,18:00,Raúl G.,0
cuadriculas/G03_transpuesta_4.xlsx,2026-09-06,20:00,Tomás L.,0
cuadriculas/G03_transpuesta_4.xlsx,2026-09-07,11:00,Sergio G.,0
cuadriculas/G03_transpuesta_4.xlsx,2026-09-07,20:00,Raúl M.,0
cuadriculas/G04_hoja_por_dia_4.xlsx,2026-09-01,10:00,Lucía G.,1
cuadriculas/G04_hoja_por_dia_4.xlsx,2026-09-01,18:30,Óscar L.,0
cuadriculas/G04_hoja_por_dia_4.xlsx,2026-09-01,18:30,Iván L.,0
cuadriculas/G04_hoja_por_dia_4.xlsx,2026-09-01,10:00,Nuria F.,0
cuadriculas/G04_hoja_por_dia_4.xlsx,2026-09-01,19:30,Iván M.,0
cuadriculas/G04_hoja_por_dia_4.xlsx,2026-09-02,18:30,Paula L.,0
cuadriculas/G04_hoja_por_dia_4.xlsx,2026-09-02,18:30,Íker M.,0
cuadriculas/G04_hoja_por_dia_4.xlsx,2026-09-02,19:30,Hugo G.,0
cuadriculas/G04_hoja_por_dia_4.xlsx,2026-09-02,20:30,Alba L.,0
cuadriculas/G04_hoja_por_dia_4.xlsx,2026-09-02,18:30,Raúl G.,1
cuadriculas/G04_hoja_por_dia_4.xlsx,2026-09-02,19:30,Hugo G.,0
cuadriculas/G04_hoja_por_dia_4.xlsx,2026-09-02,20:30,Sergio F.,0
cuadriculas/G04_hoja_por_dia_4.xlsx,2026-09-02,18:30,Óscar L.,0
cuadriculas/G04_hoja_por_dia_4.xlsx,2026-09-02,19:30,Gonzalo G.,0
cuadriculas/G04_hoja_por_dia_4.xlsx,2026-09-02,20:30,Adrián G.,0
cuadriculas/G04_hoja_por_dia_4.xlsx,2026-09-03,20:30,Paula F.,0
cuadriculas/G04_hoja_por_dia_4.xlsx,2026-09-03,20:30,Paula G.,0
cuadriculas/G04_hoja_por_dia_4.xlsx,2026-09-03,10:00,Jorge F.,0
cuadriculas/G04_hoja_por_dia_4.xlsx,2026-09-03,18:30,Hugo F.,1
cuadriculas/G04_hoja_por_dia_4.xlsx,2026-09-03,10:00,Jorge F.,0
cuadriculas/G04_hoja_por_dia_4.xlsx,2026-09-03,18:30,Bruno L.,0
cuadriculas/G04_hoja_por_dia_4.xlsx,2026-09-04,19:30,Óscar F.,0
cuadriculas/G04_hoja_por_dia_4.xlsx,2026-09-04,18:30,Laura G.,0
cuadriculas/G04_hoja_por_dia_4.xlsx,2026-09-04,19:30,Adrián G.,0
cuadriculas/G04_hoja_por_dia_4.xlsx,2026-09-04,19:30,Pablo M.,0
cuadriculas/G04_hoja_por_dia_4.xlsx,2026-09-04,19:30,Tomás F.,0
cuadriculas/G04_hoja_por_dia_4.xlsx,2026-09-04,10:00,Víctor M.,0
cuadriculas/G04_hoja_por_dia_4.xlsx,2026-09-04,18:30,Laura F.,0
cuadriculas/G04_hoja_por_dia_4.xlsx,2026-09-04,19:30,Beatriz G.,0
cuadriculas/G04_hoja_por_dia_4.xlsx,2026-09-04,18:30,Sergio F.,0
cuadriculas/G04_hoja_por_dia_4.xlsx,2026-09-04,19:30,Tomás F.,0
cuadriculas/G04_hoja_por_dia_4.xlsx,2026-09-04,18:30,Marcos G.,0
cuadriculas/G04_hoja_por_dia_4.xlsx,2026-09-04,19:30,Cristina G.,0
cuadriculas/G04_hoja_por_dia_4.xlsx,2026-09-05,10:00,Iván F.,0
cuadriculas/G04_hoja_por_dia_4.xlsx,2026-09-05,18:30,Sara G.,0
cuadriculas/G04_hoja_por_dia_4.xlsx,2026-09-05,10:00,Sergio L.,1
cuadriculas/G04_hoja_por_dia_4.xlsx,2026-09-05,19:30,Álvaro G.,0
cuadriculas/G04_hoja_por_dia_4.xlsx,2026-09-05,10:00,Paula M.,0
cuadriculas/G04_hoja_por_dia_4.xlsx,2026-09-05,19:30,Claudia G.,0
cuadriculas/G04_hoja_por_dia_4.xlsx,2026-09-05,19:30,Carla G.,0
cuadriculas/G04_hoja_por_dia_4.xlsx,2026-09-06,10:00,Nuria G.,0
cuadriculas/G04_hoja_por_dia_4.xlsx,2026-09-06,18:30,Raquel F.,0
cuadriculas/G04_hoja_por_dia_4.xlsx,2026-09-06,19:30,Sergio G.,1
cuadriculas/G04_hoja_por_dia_4.xlsx,2026-09-06,10:00,Inés L.,0
cuadriculas/G04_hoja_por_dia_4.xlsx,2026-09-06,19:30,Noelia M.,0
cuadriculas/G01_bloques_5.xlsx,2026-09-01,09:30,Raquel F.,0
cuadriculas/G01_bloques_5.xlsx,2026-09-01,10:45,Inés F.,0
cuadriculas/G01_bloques_5.xlsx,2026-09-01,19:45,Cristina F.,0
cuadriculas/G01_bloques_5.xlsx,2026-09-01,10:45,Alba M.,0
cuadriculas/G01_bloques_5.xlsx,2026-09-01,18:30,Iván L.,0
cuadriculas/G01_bloques_5.xlsx,2026-09-01,19:45,Beatriz F.,0
cuadriculas/G01_bloques_5.xlsx,2026-09-02,10:45,Cristina F.,0
cuadriculas/G01_bloques_5.xlsx,2026-09-02,17:15,Laura M.,0
cuadriculas/G01_bloques_5.xlsx,2026-09-02,18:30,Beatriz F.,0
cuadriculas/G01_bloques_5.xlsx,2026-09-02,19:45,Iván F.,0
cuadriculas/G01_bloques_5.xlsx,2026-09-02,10:45,Sergio G.,0
cuadriculas/G01_bloques_5.xlsx,2026-09-02,17:15,Víctor M.,0
cuadriculas/G01_bloques_5.xlsx,2026-09-02,18:30,Marcos L.,0
cuadriculas/G01_bloques_5.xlsx,2026-09-03,09:30,Sofía M.,1
cuadriculas/G01_bloques_5.xlsx,2026-09-03,17:15,Óscar L.,1
cuadriculas/G01_bloques_5.xlsx,2026-09-03,19:45,Irene G.,0
cuadriculas/G01_bloques_5.xlsx,2026-09-03,09:30,Paula G.,0
cuadriculas/G01_bloques_5.xlsx,2026-09-03,10:45,Beatriz F.,1
cuadriculas/G01_bloques_5.xlsx,2026-09-03,18:30,Íker L.,0
cuadriculas/G01_bloques_5.xlsx,2026-09-03,17:15,Hugo F.,0
cuadriculas/G01_bloques_5.xlsx,2026-09-03,18:30,Marta G.,1
cuadriculas/G01_bloques_5.xlsx,2026-09-03,17:15,Laura G.,0
cuadriculas/G01_bloques_5.xlsx,2026-09-03,09:30,Nerea F.,0
cuadriculas/G01_bloques_5.xlsx,2026-09-03,10:45,Mario M.,0
cuadriculas/G01_bloques_5.xlsx,2026-09-03,19:45,Bruno M.,0
cuadriculas/G01_bloques_5.xlsx,2026-09-04,09:30,Íker G.,0
cuadriculas/G01_bloques_5.xlsx,2026-09-04,10:45,Sergio G.,0
cuadriculas/G01_bloques_5.xlsx,2026-09-04,17:15,Iván L.,0
cuadriculas/G01_bloques_5.xlsx,2026-09-04,18:30,Irene F.,0
cuadriculas/G01_bloques_5.xlsx,2026-09-04,19:45,Daniel L.,0
cuadriculas/G01_bloques_5.xlsx,2026-09-04,18:30,Víctor G.,1
cuadriculas/G01_bloques_5.xlsx,2026-09-04,19:45,Carla L.,0
cuadriculas/G01_bloques_5.xlsx,2026-09-04,09:30,Sara L.,0
cuadriculas/G01_bloques_5.xlsx,2026-09-04,10:45,Elena L.,0
cuadriculas/G01_bloques_5.xlsx,2026-09-04,17:15,Adrián M.,0
cuadriculas/G01_bloques_5.xlsx,2026-09-04,19:45,Alba G.,0
cuadriculas/G01_bloques_5.xlsx,2026-09-04,10:45,Andrea M.,0
cuadriculas/G01_bloques_5.xlsx,2026-09-04,17:15,Tomás F.,0
cuadriculas/G01_bloques_5.xlsx,2026-09-04,18:30,Adrián F.,0
cuadriculas/G01_bloques_5.xlsx,2026-09-04,17:15,Carla M.,0
cuadriculas/G01_bloques_5.xlsx,2026-09-04,19:45,Noelia L.,0
cuadriculas/G01_bloques_5.xlsx,2026-09-04,17:15,Tomás L.,0
cuadriculas/G01_bloques_5.xlsx,2026-09-04,18:30,Raquel F.,0
cuadriculas/G01_bloques_5.xlsx,2026-09-04,19:45,Nuria M.,0
cuadriculas/G01_bloques_5.xlsx,2026-09-05,10:45,Nuria M.,0
cuadriculas/G01_bloques_5.xlsx,2026-09-05,18:30,Daniel G.,0
cuadriculas/G01_bloques_5.xlsx,2026-09-05,19:45,Diego G.,1
cuadriculas/G01_bloques_5.xlsx,2026-09-05,18:30,Sergio M.,0
cuadriculas/G01_bloques_5.xlsx,2026-09-05,19:45,Alba G.,0
cuadriculas/G01_bloques_5.xlsx,2026-09-05,09:30,Irene M.,0
cuadriculas/G01_bloques_5.xlsx,2026-09-05,10:45,Marta F.,0
cuadriculas/G01_bloques_5.xlsx,2026-09-05,18:30,Paula F.,0
cuadriculas/G01_bloques_5.xlsx,2026-09-05,19:45,Diego F.,0
cuadriculas/G01_bloques_5.xlsx,2026-09-05,10:45,Tomás G.,1
cuadriculas/G01_bloques_5.xlsx,2026-09-05,17:15,Óscar F.,0
cuadriculas/G01_bloques_5.xlsx,2026-09-05,18:30,Raúl G.,0
cuadriculas/G01_bloques_5.xlsx,2026-09-05,10:45,Tomás M.,0
cuadriculas/G01_bloques_5.xlsx,2026-09-07,09:30,Javier F.,0
cuadriculas/G01_bloques_5.xlsx,2026-09-07,10:45,Andrea G.,0
cuadriculas/G01_bloques_5.xlsx,2026-09-07,18:30,Adrián L.,0
cuadriculas/G01_bloques_5.xlsx,2026-09-07,09:30,Carla M.,0
cuadriculas/G01_bloques_5.xlsx,2026-09-07,10:45,Jorge G.,0
cuadriculas/G01_bloques_5.xlsx,2026-09-07,17:15,Álvaro F.,0
cuadriculas/G01_bloques_5.xlsx,2026-09-07,19:45,Noelia L.,0
cuadriculas/G01_bloques_5.xlsx,2026-09-08,09:30,Carla M.,0
cuadriculas/G01_bloques_5.xlsx,2026-09-08,17:15,Marta F.,0
cuadriculas/G01_bloques_5.xlsx,2026-09-08,18:30,Javier G.,0
cuadriculas/G01_bloques_5.xlsx,2026-09-08,09:30,Cristina G.,0
cuadriculas/G01_bloques_5.xlsx,2026-09-08,17:15,Andrea F.,0
cuadriculas/G01_bloques_5.xlsx,2026-09-08,18:30,Nerea M.,0
cuadriculas/G01_bloques_5.xlsx,2026-09-08,09:30,Daniel M.,0
cuadriculas/G01_bloques_5.xlsx,2026-09-09,17:15,Adrián F.,0
cuadriculas/G01_bloques_5.xlsx,2026-09-10,10:45,Víctor F.,0
cuadriculas/G01_bloques_5.xlsx,2026-09-10,17:15,Martina M.,0
cuadriculas/G01_bloques_5.xlsx,2026-09-10,10:45,Nuria G.,0
cuadriculas/G01_bloques_5.xlsx,2026-09-10,17:15,Sara M.,0
cuadriculas/G01_bloques_5.xlsx,2026-09-10,10:45,Carla G.,0
cuadriculas/G01_bloques_5.xlsx,2026-09-10,18:30,Elena M.,1
cuadriculas/G01_bloques_5.xlsx,2026-09-10,09:30,Laura M.,0
cuadriculas/G01_bloques_5.xlsx,2026-09-10,09:30,Raúl L.,0
cuadriculas/G01_bloques_5.xlsx,2026-09-10,10:45,Nerea M.,0
cuadriculas/G01_bloques_5.xlsx,2026-09-10,18:30,Sergio M.,0
cuadriculas/G01_bloques_5.xlsx,2026-09-11,10:45,Javier F.,0
cuadriculas/G01_bloques_5.xlsx,2026-09-11,17:15,Sara F.,0
cuadriculas/G01_bloques_5.xlsx,2026-09-11,19:45,Sergio G.,0
cuadriculas/G01_bloques_5.xlsx,2026-09-11,09:30,Raúl L.,0
cuadriculas/G01_bloques_5.xlsx,2026-09-11,10:45,Elena G.,0
cuadriculas/G01_bloques_5.xlsx,2026-09-11,19:45,Rubén M.,0
cuadriculas/G01_bloques_5.xlsx,2026-09-11,17:15,Beatriz F.,0
cuadriculas/G01_bloques_5.xlsx,2026-09-11,17:15,Paula L.,0
cuadriculas/G01_bloques_5.xlsx,2026-09-11,19:45,Cristina M.,0
cuadriculas/G01_bloques_5.xlsx,2026-09-11,17:15,Víctor L.,0
cuadriculas/G01_bloques_5.xlsx,2026-09-11,18:30,Bruno F.,0
cuadriculas/G01_bloques_5.xlsx,2026-09-12,09:30,Marcos M.,0
cuadriculas/G01_bloques_5.xlsx,2026-09-12,10:45,Raúl L.,0
cuadriculas/G01_bloques_5.xlsx,2026-09-12,18:30,Gonzalo G.,0
cuadriculas/G01_bloques_5.xlsx,2026-09-12,19:45,Paula F.,1
cuadriculas/G01_bloques_5.xlsx,2026-09-12,17:15,Iván F.,0
cuadriculas/G01_bloques_5.xlsx,2026-09-12,19:45,Alba M.,0
cuadriculas/G01_bloques_5.xlsx,2026-09-12,10:45,Raquel G.,0
cuadriculas/G01_bloques_5.xlsx,2026-09-12,09:30,Paula G.,0
cuadriculas/G01_bloques_5.xlsx,2026-09-12,10:45,Noelia M.,0
cuadriculas/G01_bloques_5.xlsx,2026-09-12,17:15,Pablo F.,0
cuadriculas/G02_semana_5.xlsx,2026-09-07,09:00,Hugo F.,0
cuadriculas/G02_semana_5.xlsx,2026-09-07,09:00,Carla M.,0
cuadriculas/G02_semana_5.xlsx,2026-09-07,09:00,Noelia M.,0
cuadriculas/G02_semana_5.xlsx,2026-09-07,09:00,Inés M.,0
cuadriculas/G02_semana_5.xlsx,2026-09-08,09:00,Raquel G.,0
cuadriculas/G02_semana_5.xlsx,2026-09-08,09:00,Rubén G.,0
cuadriculas/G02_semana_5.xlsx,2026-09-09,09:00,Adrián M.,0
cuadriculas/G02_semana_5.xlsx,2026-09-09,09:00,Mario L.,0
cuadriculas/G02_semana_5.xlsx,2026-09-10,09:00,Íker L.,0
cuadriculas/G02_semana_5.xlsx,2026-09-10,09:00,Sergio G.,0
cuadriculas/G02_semana_5.xlsx,2026-09-10,09:00,Diego L.,0
cuadriculas/G02_semana_5.xlsx,2026-09-11,09:00,Tomás F.,0
cuadriculas/G02_semana_5.xlsx,2026-09-11,09:00,Marcos M.,0
cuadriculas/G02_semana_5.xlsx,2026-09-11,09:00,Sergio M.,0
cuadriculas/G02_semana_5.xlsx,2026-09-12,09:00,Bruno F.,0
cuadriculas/G02_semana_5.xlsx,2026-09-12,09:00,Martina G.,0
cuadriculas/G02_semana_5.xlsx,2026-09-07,10:00,Álvaro M.,0
cuadriculas/G02_semana_5.xlsx,2026-09-07,10:00,Jorge F.,0
cuadriculas/G02_semana_5.xlsx,2026-09-07,10:00,Pablo L.,1
cuadriculas/G02_semana_5.xlsx,2026-09-08,10:00,Martina F.,0
cuadriculas/G02_semana_5.xlsx,2026-09-09,10:00,Rubén M.,1
cuadriculas/G02_semana_5.xlsx,2026-09-11,10:00,Elena G.,0
cuadriculas/G02_semana_5.xlsx,2026-09-11,10:00,Álvaro G.,0
cuadriculas/G02_semana_5.xlsx,2026-09-11,10:00,Sergio G.,1
cuadriculas/G02_semana_5.xlsx,2026-09-11,10:00,Iván G.,0
cuadriculas/G02_semana_5.xlsx,2026-09-12,10:00,Paula L.,0
cuadriculas/G02_semana_5.xlsx,2026-09-07,17:00,Sofía L.,0
cuadriculas/G02_semana_5.xlsx,2026-09-07,17:00,Adrián G.,1
cuadriculas/G02_semana_5.xlsx,2026-09-07,17:00,Pablo G.,0
cuadriculas/G02_semana_5.xlsx,2026-09-07,17:00,Martina L.,0
cuadriculas/G02_semana_5.xlsx,2026-09-08,17:00,Íker L.,0
cuadriculas/G02_semana_5.xlsx,2026-09-10,17:00,Jorge L.,0
cuadriculas/G02_semana_5.xlsx,2026-09-11,17:00,Irene F.,0
cuadriculas/G02_semana_5.xlsx,2026-09-11,17:00,Sergio M.,0
cuadriculas/G02_semana_5.xlsx,2026-09-12,17:00,Hugo F.,0
cuadriculas/G02_semana_5.xlsx,2026-09-12,17:00,Elena G.,1
cuadriculas/G02_semana_5.xlsx,2026-09-08,20:00,Mario M.,0
cuadriculas/G02_semana_5.xlsx,2026-09-09,20:00,Andrea M.,1
cuadriculas/G02_semana_5.xlsx,2026-09-09,20:00,Javier M.,1
cuadriculas/G02_semana_5.xlsx,2026-09-09,20:00,Jorge L.,0
cuadriculas/G02_semana_5.xlsx,2026-09-09,20:00,Laura M.,0
cuadriculas/G02_semana_5.xlsx,2026-09-10,20:00,Bruno M.,0
cuadriculas/G02_semana_5.xlsx,2026-09-10,20:00,Inés F.,0
cuadriculas/G02_semana_5.xlsx,2026-09-12,20:00,Víctor M.,1
cuadriculas/G02_semana_5.xlsx,2026-09-07,21:00,Íker G.,0
cuadriculas/G02_semana_5.xlsx,2026-09-08,21:00,Laura G.,0
cuadriculas/G02_semana_5.xlsx,2026-09-08,21:00,Íker L.,0
cuadriculas/G02_semana_5.xlsx,2026-09-09,21:00,Hugo L.,0
cuadriculas/G02_semana_5.xlsx,2026-09-09,21:00,Rubén L.,0
cuadriculas/G02_semana_5.xlsx,2026-09-09,21:00,Hugo F.,0
cuadriculas/G02_semana_5.xlsx,2026-09-10,21:00,Lucía F.,0
cuadriculas/G02_semana_5.xlsx,2026-09-10,21:00,Carla F.,0
cuadriculas/G02_semana_5.xlsx,2026-09-11,21:00,Noelia F.,0
cuadriculas/G02_semana_5.xlsx,2026-09-12,21:00,Martina F.,0
cuadriculas/G03_transpuesta_5.xlsx,2026-09-01,09:30,Hugo L.,0
cuadriculas/G03_transpuesta_5.xlsx,2026-09-01,09:30,Tomás F.,0
cuadriculas/G03_transpuesta_5.xlsx,2026-09-01,19:00,Íker F.,0
cuadriculas/G03_transpuesta_5.xlsx,2026-09-01,19:00,Nuria M.,0
cuadriculas/G03_transpuesta_5.xlsx,2026-09-01,20:00,Jorge G.,0
cuadriculas/G03_transpuesta_5.xlsx,2026-09-01,20:00,Diego F.,0
cuadriculas/G03_transpuesta_5.xlsx,2026-09-02,09:30,Iván L.,0
cuadriculas/G03_transpuesta_5.xlsx,2026-09-02,11:00,Daniel L.,0
cuadriculas/G03_transpuesta_5.xlsx,2026-09-02,19:00,Paula G.,0
cuadriculas/G03_transpuesta_5.xlsx,2026-09-02,19:00,Gonzalo G.,0
cuadriculas/G03_transpuesta_5.xlsx,2026-09-03,09:30,Alba F.,0
cuadriculas/G03_transpuesta_5.xlsx,2026-09-03,11:00,Daniel F.,0
cuadriculas/G03_transpuesta_5.xlsx,2026-09-03,11:00,Cristina F.,0
cuadriculas/G03_transpuesta_5.xlsx,2026-09-03,19:00,Marcos L.,0
cuadriculas/G03_transpuesta_5.xlsx,2026-09-03,20:00,Pablo L.,0
cuadriculas/G03_transpuesta_5.xlsx,2026-09-04,09:30,Adrián F.,0
cuadriculas/G03_transpuesta_5.xlsx,2026-09-04,09:30,Raúl G.,0
cuadriculas/G03_transpuesta_5.xlsx,2026-09-04,09:30,Íker F.,0
cuadriculas/G03_transpuesta_5.xlsx,2026-09-04,19:00,Marta G.,0
cuadriculas/G03_transpuesta_5.xlsx,2026-09-04,19:00,Marta M.,0
cuadriculas/G03_transpuesta_5.xlsx,2026-09-04,19:00,Andrea L.,0
cuadriculas/G03_transpuesta_5.xlsx,2026-09-04,20:00,Daniel M.,0
cuadriculas/G03_transpuesta_5.xlsx,2026-09-05,09:30,Marta G.,0
cuadriculas/G03_transpuesta_5.xlsx,2026-09-05,09:30,Claudia L.,0
cuadriculas/G03_transpuesta_5.xlsx,2026-09-05,09:30,Álvaro F.,0
cuadriculas/G03_transpuesta_5.xlsx,2026-09-05,11:00,Carla L.,0
cuadriculas/G03_transpuesta_5.xlsx,2026-09-05,19:00,Nerea M.,0
cuadriculas/G03_transpuesta_5.xlsx,2026-09-05,19:00,Sergio L.,0
cuadriculas/G03_transpuesta_5.xlsx,2026-09-05,20:00,Irene G.,0
cuadriculas/G03_transpuesta_5.xlsx,2026-09-05,20:00,Martina L.,0
cuadriculas/G03_transpuesta_5.xlsx,2026-09-06,09:30,Claudia L.,0
cuadriculas/G03_transpuesta_5.xlsx,2026-09-06,09:30,Diego F.,0
cuadriculas/G03_transpuesta_5.xlsx,2026-09-06,11:00,Mario L.,0
cuadriculas/G03_transpuesta_5.xlsx,2026-09-06,19:00,Adrián G.,0
cuadriculas/G03_transpuesta_5.xlsx,2026-09-06,19:00,Raúl F.,0
cuadriculas/G03_transpuesta_5.xlsx,2026-09-06,19:00,Diego L.,0
cuadriculas/G03_transpuesta_5.xlsx,2026-09-06,20:00,Diego F.,0
cuadriculas/G03_transpuesta_5.xlsx,2026-09-06,20:00,Álvaro F.,0
cuadriculas/G03_transpuesta_5.xlsx,2026-09-07,09:30,Daniel M.,0
cuadriculas/G03_transpuesta_5.xlsx,2026-09-07,09:30,Claudia M.,0
cuadriculas/G03_transpuesta_5.xlsx,2026-09-07,11:00,Bruno M.,0
cuadriculas/G03_transpuesta_5.xlsx,2026-09-07,11:00,Carla L.,0
cuadriculas/G03_transpuesta_5.xlsx,2026-09-07,19:00,Beatriz G.,0
cuadriculas/G03_transpuesta_5.xlsx,2026-09-07,19:00,Irene F.,0
cuadriculas/G03_transpuesta_5.xlsx,2026-09-07,19:00,Claudia F.,0
cuadriculas/G03_transpuesta_5.xlsx,2026-09-07,20:00,Diego M.,0
cuadriculas/G03_transpuesta_5.xlsx,2026-09-08,09:30,Raúl L.,0
cuadriculas/G03_transpuesta_5.xlsx,2026-09-08,20:00,Hugo G.,0
cuadriculas/G03_transpuesta_5.xlsx,2026-09-08,20:00,Noelia G.,0
cuadriculas/G03_transpuesta_5.xlsx,2026-09-08,20:00,Marta M.,0
cuadriculas/G03_transpuesta_5.xlsx,2026-09-09,09:30,Marta M.,0
cuadriculas/G03_transpuesta_5.xlsx,2026-09-09,09:30,Jorge G.,0
cuadriculas/G03_transpuesta_5.xlsx,2026-09-09,11:00,Beatriz L.,0
cuadriculas/G03_transpuesta_5.xlsx,2026-09-09,11:00,Sara F.,0
cuadriculas/G03_transpuesta_5.xlsx,2026-09-09,11:00,Diego M.,0
cuadriculas/G03_transpuesta_5.xlsx,2026-09-09,20:00,Diego G.,0
cuadriculas/G03_transpuesta_5.xlsx,2026-09-09,20:00,Jorge F.,0
cuadriculas/G03_transpuesta_5.xlsx,2026-09-10,09:30,Gonzalo G.,0
cuadriculas/G03_transpuesta_5.xlsx,2026-09-10,11:00,Paula L.,0
cuadriculas/G03_transpuesta_5.xlsx,2026-09-10,20:00,Marcos G.,0
cuadriculas/G04_hoja_por_dia_5.xlsx,2026-09-01,10:00,Jorge M.,0
cuadriculas/G04_hoja_por_dia_5.xlsx,2026-09-01,10:00,Rubén F.,0
cuadriculas/G04_hoja_por_dia_5.xlsx,2026-09-01,20:30,Tomás G.,0
cuadriculas/G04_hoja_por_dia_5.xlsx,2026-09-01,10:00,Claudia F.,0
cuadriculas/G04_hoja_por_dia_5.xlsx,2026-09-02,10:00,Jorge G.,0
cuadriculas/G04_hoja_por_dia_5.xlsx,2026-09-02,10:00,Elena F.,0
cuadriculas/G04_hoja_por_dia_5.xlsx,2026-09-02,20:30,Raúl G.,0
cuadriculas/G04_hoja_por_dia_5.xlsx,2026-09-02,20:30,Tomás G.,0
cuadriculas/G04_hoja_por_dia_5.xlsx,2026-09-02,10:00,Claudia M.,0
cuadriculas/G04_hoja_por_dia_5.xlsx,2026-09-02,19:30,Sergio L.,0
cuadriculas/G04_hoja_por_dia_5.xlsx,2026-09-02,10:00,Marcos G.,0
cuadriculas/G04_hoja_por_dia_5.xlsx,2026-09-02,20:30,Alba G.,0
cuadriculas/G04_hoja_por_dia_5.xlsx,2026-09-03,10:00,Raúl G.,0
cuadriculas/G04_hoja_por_dia_5.xlsx,2026-09-03,18:30,Beatriz L.,1
cuadriculas/G04_hoja_por_dia_5.xlsx,2026-09-03,10:00,Adrián G.,0
cuadriculas/G04_hoja_por_dia_5.xlsx,2026-09-03,18:30,Adrián M.,0
cuadriculas/G04_hoja_por_dia_5.xlsx,2026-09-03,19:30,Daniel M.,0
cuadriculas/G04_hoja_por_dia_5.xlsx,2026-09-03,19:30,Bruno L.,1
cuadriculas/G04_hoja_por_dia_5.xlsx,2026-09-03,10:00,Adrián F.,0
cuadriculas/G04_hoja_por_dia_5.xlsx,2026-09-03,10:00,Tomás G.,0
cuadriculas/G04_hoja_por_dia_5.xlsx,2026-09-03,18:30,Bruno M.,0
cuadriculas/G04_hoja_por_dia_5.xlsx,2026-09-03,19:30,Hugo G.,0
cuadriculas/G04_hoja_por_dia_5.xlsx,2026-09-03,10:00,Nerea L.,0
cuadriculas/G04_hoja_por_dia_5.xlsx,2026-09-03,18:30,Rubén M.,0
cuadriculas/G04_hoja_por_dia_5.xlsx,2026-09-03,19:30,Íker L.,0
cuadriculas/G04_hoja_por_dia_5.xlsx,2026-09-03,18:30,Javier M.,0
cuadriculas/G04_hoja_por_dia_5.xlsx,2026-09-03,19:30,Raquel L.,0
cuadriculas/G04_hoja_por_dia_5.xlsx,2026-09-04,20:30,Adrián F.,0
cuadriculas/G04_hoja_por_dia_5.xlsx,2026-09-04,18:30,Irene M.,0
cuadriculas/G04_hoja_por_dia_5.xlsx,2026-09-04,19:30,Marcos M.,0
cuadriculas/G04_hoja_por_dia_5.xlsx,2026-09-04,18:30,Nerea F.,0
cuadriculas/G04_hoja_por_dia_5.xlsx,2026-09-04,19:30,Javier G.,1
cuadriculas/G04_hoja_por_dia_5.xlsx,2026-09-04,20:30,Elena L.,0
cuadriculas/G04_hoja_por_dia_5.xlsx,2026-09-04,18:30,Sofía F.,0
cuadriculas/G04_hoja_por_dia_5.xlsx,2026-09-04,20:30,Beatriz M.,1
cuadriculas/G04_hoja_por_dia_5.xlsx,2026-09-04,18:30,Jorge L.,0
cuadriculas/G04_hoja_por_dia_5.xlsx,2026-09-04,19:30,Diego F.,0
cuadriculas/G04_hoja_por_dia_5.xlsx,2026-09-05,19:30,Rubén L.,0
cuadriculas/G04_hoja_por_dia_5.xlsx,2026-09-05,20:30,Beatriz M.,0
cuadriculas/G04_hoja_por_dia_5.xlsx,2026-09-05,19:30,Nerea G.,0
cuadriculas/G04_hoja_por_dia_5.xlsx,2026-09-05,20:30,Iván L.,0
cuadriculas/G01_bloques_6.xlsx,2026-10-01,10:45,Pablo F.,0
cuadriculas/G01_bloques_6.xlsx,2026-10-01,18:30,Bruno F.,0
cuadriculas/G01_bloques_6.xlsx,2026-10-01,17:15,Javier F.,0
cuadriculas/G01_bloques_6.xlsx,2026-10-01,21:00,Mario M.,0
cuadriculas/G01_bloques_6.xlsx,2026-10-01,10:45,Noelia M.,0
cuadriculas/G01_bloques_6.xlsx,2026-10-01,18:30,Sofía F.,0
cuadriculas/G01_bloques_6.xlsx,2026-10-01,19:45,Sofía G.,0
cuadriculas/G01_bloques_6.xlsx,2026-10-02,10:45,Inés L.,0
cuadriculas/G01_bloques_6.xlsx,2026-10-02,17:15,Inés G.,0
cuadriculas/G01_bloques_6.xlsx,2026-10-02,18:30,Andrea F.,0
cuadriculas/G01_bloques_6.xlsx,2026-10-02,21:00,Elena F.,0
cuadriculas/G01_bloques_6.xlsx,2026-10-02,10:45,Elena M.,0
cuadriculas/G01_bloques_6.xlsx,2026-10-02,19:45,Nerea G.,0
cuadriculas/G01_bloques_6.xlsx,2026-10-02,21:00,Mario M.,0
cuadriculas/G01_bloques_6.xlsx,2026-10-02,10:45,Nerea G.,0
cuadriculas/G01_bloques_6.xlsx,2026-10-02,17:15,Inés G.,1
cuadriculas/G01_bloques_6.xlsx,2026-10-02,17:15,Laura L.,0
cuadriculas/G01_bloques_6.xlsx,2026-10-02,18:30,Íker M.,0
cuadriculas/G01_bloques_6.xlsx,2026-10-02,19:45,Beatriz M.,0
cuadriculas/G01_bloques_6.xlsx,2026-10-02,10:45,Inés G.,0
cuadriculas/G01_bloques_6.xlsx,2026-10-02,18:30,Mario G.,1
cuadriculas/G01_bloques_6.xlsx,2026-10-03,18:30,Paula F.,0
cuadriculas/G01_bloques_6.xlsx,2026-10-03,19:45,Pablo L.,0
cuadriculas/G01_bloques_6.xlsx,2026-10-03,21:00,Rubén G.,0
cuadriculas/G01_bloques_6.xlsx,2026-10-03,10:45,Inés G.,0
cuadriculas/G01_bloques_6.xlsx,2026-10-03,17:15,Inés L.,0
cuadriculas/G01_bloques_6.xlsx,2026-10-03,18:30,Diego G.,0
cuadriculas/G01_bloques_6.xlsx,2026-10-03,19:45,Gonzalo F.,0
cuadriculas/G01_bloques_6.xlsx,2026-10-03,18:30,Bruno M.,0
cuadriculas/G01_bloques_6.xlsx,2026-10-03,19:45,Sergio M.,0
cuadriculas/G01_bloques_6.xlsx,2026-10-03,10:45,Jorge M.,0
cuadriculas/G01_bloques_6.xlsx,2026-10-03,18:30,Javier M.,0
cuadriculas/G01_bloques_6.xlsx,2026-10-03,21:00,Gonzalo L.,0
cuadriculas/G01_bloques_6.xlsx,2026-10-05,19:45,Sofía M.,0
cuadriculas/G01_bloques_6.xlsx,2026-10-05,17:15,Álvaro F.,0
cuadriculas/G01_bloques_6.xlsx,2026-10-05,18:30,Irene F.,0
cuadriculas/G01_bloques_6.xlsx,2026-10-05,21:00,Javier L.,0
cuadriculas/G01_bloques_6.xlsx,2026-10-06,10:45,Raquel M.,0
cuadriculas/G01_bloques_6.xlsx,2026-10-06,19:45,Tomás M.,0
cuadriculas/G01_bloques_6.xlsx,2026-10-06,21:00,Alba L.,0
cuadriculas/G01_bloques_6.xlsx,2026-10-06,17:15,Tomás M.,0
cuadriculas/G01_bloques_6.xlsx,2026-10-06,19:45,Sergio G.,0
cuadriculas/G01_bloques_6.xlsx,2026-10-06,21:00,Víctor F.,1
cuadriculas/G01_bloques_6.xlsx,2026-10-06,10:45,Tomás G.,0
cuadriculas/G01_bloques_6.xlsx,2026-10-06,19:45,Javier L.,1
cuadriculas/G01_bloques_6.xlsx,2026-10-06,10:45,Víctor M.,0
cuadriculas/G01_bloques_6.xlsx,2026-10-06,19:45,Noelia L.,0
cuadriculas/G01_bloques_6.xlsx,2026-10-06,21:00,Rubén M.,0
cuadriculas/G01_bloques_6.xlsx,2026-10-06,17:15,Óscar G.,0
cuadriculas/G01_bloques_6.xlsx,2026-10-06,21:00,Carla F.,0
cuadriculas/G01_bloques_6.xlsx,2026-10-07,10:45,Diego L.,1
cuadriculas/G01_bloques_6.xlsx,2026-10-07,18:30,Hugo F.,0
cuadriculas/G01_bloques_6.xlsx,2026-10-07,19:45,Lucía G.,0
cuadriculas/G01_bloques_6.xlsx,2026-10-07,21:00,Inés M.,0
cuadriculas/G01_bloques_6.xlsx,2026-10-07,10:45,Bruno L.,0
cuadriculas/G01_bloques_6.xlsx,2026-10-07,17:15,Iván L.,0
cuadriculas/G01_bloques_6.xlsx,2026-10-07,21:00,Daniel L.,0
cuadriculas/G01_bloques_6.xlsx,2026-10-07,10:45,Paula F.,0
cuadriculas/G01_bloques_6.xlsx,2026-10-07,21:00,Carla F.,0
cuadriculas/G01_bloques_6.xlsx,2026-10-07,17:15,Álvaro L.,0
cuadriculas/G01_bloques_6.xlsx,2026-10-07,21:00,Tomás G.,0
cuadriculas/G01_bloques_6.xlsx,2026-10-07,18:30,Tomás F.,1
cuadriculas/G01_bloques_6.xlsx,2026-10-07,19:45,Sofía G.,0
cuadriculas/G01_bloques_6.xlsx,2026-10-08,10:45,Claudia G.,0
cuadriculas/G01_bloques_6.xlsx,2026-10-08,17:15,Íker G.,0
cuadriculas/G01_bloques_6.xlsx,2026-10-08,10:45,Marta F.,1
cuadriculas/G01_bloques_6.xlsx,2026-10-08,17:15,Daniel L.,0
cuadriculas/G01_bloques_6.xlsx,2026-10-08,18:30,Laura M.,0
cuadriculas/G01_bloques_6.xlsx,2026-10-08,18:30,Tomás G.,0
cuadriculas/G01_bloques_6.xlsx,2026-10-08,19:45,Carla L.,0
cuadriculas/G01_bloques_6.xlsx,2026-10-08,21:00,Martina L.,0
cuadriculas/G01_bloques_6.xlsx,2026-10-08,17:15,Raquel M.,0
cuadriculas/G01_bloques_6.xlsx,2026-10-08,18:30,Tomás M.,0
cuadriculas/G01_bloques_6.xlsx,2026-10-08,21:00,Gonzalo M.,0
cuadriculas/G01_bloques_6.xlsx,2026-10-08,10:45,Sofía G.,0
cuadriculas/G01_bloques_6.xlsx,2026-10-08,17:15,Daniel L.,0
cuadriculas/G01_bloques_6.xlsx,2026-10-08,18:30,Bruno G.,0
cuadriculas/G01_bloques_6.xlsx,2026-10-08,19:45,Irene G.,0
cuadriculas/G01_bloques_6.xlsx,2026-10-08,21:00,Sara L.,0
cuadriculas/G01_bloques_6.xlsx,2026-10-09,17:15,Irene F.,0
cuadriculas/G01_bloques_6.xlsx,2026-10-09,18:30,Sara F.,0
cuadriculas/G01_bloques_6.xlsx,2026-10-09,17:15,Gonzalo M.,0
cuadriculas/G01_bloques_6.xlsx,2026-10-09,21:00,Nuria F.,0
cuadriculas/G01_bloques_6.xlsx,2026-10-09,17:15,Pablo G.,0
cuadriculas/G01_bloques_6.xlsx,2026-10-09,18:30,Alba L.,0
cuadriculas/G01_bloques_6.xlsx,2026-10-09,21:00,Pablo M.,0
cuadriculas/G01_bloques_6.xlsx,2026-10-09,17:15,Carla M.,0
cuadriculas/G01_bloques_6.xlsx,2026-10-09,10:45,Cristina F.,0
cuadriculas/G01_bloques_6.xlsx,2026-10-09,17:15,Raquel G.,0
cuadriculas/G02_semana_6.xlsx,2026-10-05,09:00,Marcos F.,1
cuadriculas/G02_semana_6.xlsx,2026-10-05,09:00,Inés M.,0
cuadriculas/G02_semana_6.xlsx,2026-10-05,09:00,Jorge F.,0
cuadriculas/G02_semana_6.xlsx,2026-10-06,09:00,Álvaro F.,0
cuadriculas/G02_semana_6.xlsx,2026-10-06,09:00,Gonzalo L.,0
cuadriculas/G02_semana_6.xlsx,2026-10-07,09:00,Marta M.,0
cuadriculas/G02_semana_6.xlsx,2026-10-07,09:00,Marcos M.,0
cuadriculas/G02_semana_6.xlsx,2026-10-08,09:00,Claudia L.,0
cuadriculas/G02_semana_6.xlsx,2026-10-08,09:00,Javier M.,0
cuadriculas/G02_semana_6.xlsx,2026-10-08,09:00,Sofía L.,0
cuadriculas/G02_semana_6.xlsx,2026-10-09,09:00,Víctor G.,0
cuadriculas/G02_semana_6.xlsx,2026-10-09,09:00,Claudia F.,0
cuadriculas/G02_semana_6.xlsx,2026-10-09,09:00,Elena G.,0
cuadriculas/G02_semana_6.xlsx,2026-10-09,09:00,Bruno M.,0
cuadriculas/G02_semana_6.xlsx,2026-10-05,10:00,Irene L.,0
cuadriculas/G02_semana_6.xlsx,2026-10-05,10:00,Raquel M.,0
cuadriculas/G02_semana_6.xlsx,2026-10-06,10:00,Marcos G.,1
cuadriculas/G02_semana_6.xlsx,2026-10-06,10:00,Sara L.,0
cuadriculas/G02_semana_6.xlsx,2026-10-06,10:00,Bruno L.,1
cuadriculas/G02_semana_6.xlsx,2026-10-06,10:00,Pablo L.,1
cuadriculas/G02_semana_6.xlsx,2026-10-08,10:00,Laura L.,0
cuadriculas/G02_semana_6.xlsx,2026-10-08,10:00,Íker F.,1
cuadriculas/G02_semana_6.xlsx,2026-10-09,10:00,Paula F.,0
cuadriculas/G02_semana_6.xlsx,2026-10-09,10:00,Alba M.,0
cuadriculas/G02_semana_6.xlsx,2026-10-10,10:00,Irene M.,0
cuadriculas/G02_semana_6.xlsx,2026-10-10,10:00,Hugo F.,0
cuadriculas/G02_semana_6.xlsx,2026-10-10,10:00,Íker L.,0
cuadriculas/G02_semana_6.xlsx,2026-10-06,18:00,Sergio G.,0
cuadriculas/G02_semana_6.xlsx,2026-10-07,18:00,Marcos M.,0
cuadriculas/G02_semana_6.xlsx,2026-10-07,18:00,Paula G.,1
cuadriculas/G02_semana_6.xlsx,2026-10-07,18:00,Sara L.,0
cuadriculas/G02_semana_6.xlsx,2026-10-08,18:00,Lucía G.,0
cuadriculas/G02_semana_6.xlsx,2026-10-08,18:00,Cristina G.,0
cuadriculas/G02_semana_6.xlsx,2026-10-08,18:00,Carla L.,1
cuadriculas/G02_semana_6.xlsx,2026-10-08,18:00,Laura M.,0
cuadriculas/G02_semana_6.xlsx,2026-10-09,18:00,Nerea F.,1
cuadriculas/G02_semana_6.xlsx,2026-10-10,18:00,Laura L.,0
cuadriculas/G02_semana_6.xlsx,2026-10-10,18:00,Noelia G.,0
cuadriculas/G02_semana_6.xlsx,2026-10-10,18:00,Íker M.,0
cuadriculas/G02_semana_6.xlsx,2026-10-10,18:00,Diego M.,1
cuadriculas/G02_semana_6.xlsx,2026-10-06,19:00,Pablo M.,0
cuadriculas/G02_semana_6.xlsx,2026-10-06,19:00,Javier G.,0
cuadriculas/G02_semana_6.xlsx,2026-10-06,19:00,Raúl M.,0
cuadriculas/G02_semana_6.xlsx,2026-10-06,19:00,Marcos F.,0
cuadriculas/G02_semana_6.xlsx,2026-10-08,19:00,Bruno L.,0
cuadriculas/G02_semana_6.xlsx,2026-10-08,19:00,Nuria G.,0
cuadriculas/G02_semana_6.xlsx,2026-10-08,19:00,Cristina G.,0
cuadriculas/G02_semana_6.xlsx,2026-10-09,19:00,Raúl F.,0
cuadriculas/G02_semana_6.xlsx,2026-10-09,19:00,Raquel G.,0
cuadriculas/G02_semana_6.xlsx,2026-10-10,19:00,Cristina G.,0
cuadriculas/G02_semana_6.xlsx,2026-10-10,19:00,Beatriz M.,0
cuadriculas/G02_semana_6.xlsx,2026-10-10,19:00,Javier F.,0
cuadriculas/G02_semana_6.xlsx,2026-10-05,20:00,Sofía L.,0
cuadriculas/G02_semana_6.xlsx,2026-10-05,20:00,Nuria L.,1
cuadriculas/G02_semana_6.xlsx,2026-10-05,20:00,Paula G.,0
cuadriculas/G02_semana_6.xlsx,2026-10-06,20:00,Mario M.,0
cuadriculas/G02_semana_6.xlsx,2026-10-06,20:00,Elena L.,0
cuadriculas/G02_semana_6.xlsx,2026-10-07,20:00,Nuria L.,0
cuadriculas/G02_semana_6.xlsx,2026-10-07,20:00,Javier L.,0
cuadriculas/G02_semana_6.xlsx,2026-10-08,20:00,Raúl F.,0
cuadriculas/G02_semana_6.xlsx,2026-10-08,20:00,Carla M.,0
cuadriculas/G02_semana_6.xlsx,2026-10-08,20:00,Martina M.,0
cuadriculas/G02_semana_6.xlsx,2026-10-09,20:00,Sofía L.,1
cuadriculas/G02_semana_6.xlsx,2026-10-09,20:00,Sara G.,0
cuadriculas/G02_semana_6.xlsx,2026-10-10,20:00,Carla F.,0
cuadriculas/G02_semana_6.xlsx,2026-10-10,20:00,Tomás F.,0
cuadriculas/G02_semana_6.xlsx,2026-10-10,20:00,Sofía L.,0
cuadriculas/G03_transpuesta_6.xlsx,2026-10-01,09:30,Pablo L.,0
cuadriculas/G03_transpuesta_6.xlsx,2026-10-01,09:30,Íker M.,0
cuadriculas/G03_transpuesta_6.xlsx,2026-10-01,09:30,Víctor G.,0
cuadriculas/G03_transpuesta_6.xlsx,2026-10-01,11:00,Óscar F.,0
cuadriculas/G03_transpuesta_6.xlsx,2026-10-01,11:00,Elena L.,0
cuadriculas/G03_transpuesta_6.xlsx,2026-10-01,18:00,Marcos L.,0
cuadriculas/G03_transpuesta_6.xlsx,2026-10-01,18:00,Sofía L.,0
cuadriculas/G03_transpuesta_6.xlsx,2026-10-01,20:00,Laura G.,0
cuadriculas/G03_transpuesta_6.xlsx,2026-10-01,20:00,Claudia M.,0
cuadriculas/G03_transpuesta_6.xlsx,2026-10-01,20:00,Tomás F.,0
cuadriculas/G03_transpuesta_6.xlsx,2026-10-02,09:30,Hugo L.,0
cuadriculas/G03_transpuesta_6.xlsx,2026-10-02,09:30,Irene G.,0
cuadriculas/G03_transpuesta_6.xlsx,2026-10-02,11:00,Bruno F.,0
cuadriculas/G03_transpuesta_6.xlsx,2026-10-02,18:00,Irene F.,0
cuadriculas/G03_transpuesta_6.xlsx,2026-10-02,18:00,Sergio F.,0
cuadriculas/G03_transpuesta_6.xlsx,2026-10-02,20:00,Víctor G.,0
cuadriculas/G03_transpuesta_6.xlsx,2026-10-02,20:00,Andrea F.,0
cuadriculas/G03_transpuesta_6.xlsx,2026-10-02,20:00,Pablo F.,0
cuadriculas/G03_transpuesta_6.xlsx,2026-10-03,09:30,Íker M.,0
cuadriculas/G03_transpuesta_6.xlsx,2026-10-03,09:30,Raúl L.,0
cuadriculas/G03_transpuesta_6.xlsx,2026-10-03,09:30,Martina M.,0
cuadriculas/G03_transpuesta_6.xlsx,2026-10-03,11:00,Tomás G.,0
cuadriculas/G03_transpuesta_6.xlsx,2026-10-03,11:00,Íker F.,0
cuadriculas/G03_transpuesta_6.xlsx,2026-10-03,20:00,Lucía M.,0
cuadriculas/G03_transpuesta_6.xlsx,2026-10-03,20:00,Cristina G.,0
cuadriculas/G03_transpuesta_6.xlsx,2026-10-03,20:00,Iván M.,0
cuadriculas/G03_transpuesta_6.xlsx,2026-10-04,09:30,Claudia L.,0
cuadriculas/G03_transpuesta_6.xlsx,2026-10-04,09:30,Carla F.,0
cuadriculas/G03_transpuesta_6.xlsx,2026-10-04,09:30,Elena L.,0
cuadriculas/G03_transpuesta_6.xlsx,2026-10-04,11:00,Carla F.,0
cuadriculas/G03_transpuesta_6.xlsx,2026-10-04,11:00,Lucía F.,0
cuadriculas/G03_transpuesta_6.xlsx,2026-10-04,18:00,Daniel F.,0
cuadriculas/G03_transpuesta_6.xlsx,2026-10-05,09:30,Raúl M.,0
cuadriculas/G03_transpuesta_6.xlsx,2026-10-05,18:00,Jorge M.,0
cuadriculas/G03_transpuesta_6.xlsx,2026-10-05,20:00,Mario G.,0
cuadriculas/G03_transpuesta_6.xlsx,2026-10-05,20:00,Javier M.,0
cuadriculas/G03_transpuesta_6.xlsx,2026-10-05,20:00,Iván G.,0
cuadriculas/G03_transpuesta_6.xlsx,2026-10-06,09:30,Noelia L.,0
cuadriculas/G03_transpuesta_6.xlsx,2026-10-06,11:00,Iván F.,0
cuadriculas/G03_transpuesta_6.xlsx,2026-10-06,18:00,Noelia L.,0
cuadriculas/G03_transpuesta_6.xlsx,2026-10-06,18:00,Nuria L.,0
cuadriculas/G03_transpuesta_6.xlsx,2026-10-06,18:00,Jorge M.,0
cuadriculas/G03_transpuesta_6.xlsx,2026-10-06,20:00,Sara F.,0
cuadriculas/G03_transpuesta_6.xlsx,2026-10-06,20:00,Óscar M.,0
cuadriculas/G03_transpuesta_6.xlsx,2026-10-06,20:00,Raquel M.,0
cuadriculas/G03_transpuesta_6.xlsx,2026-10-07,11:00,Irene M.,0
cuadriculas/G03_transpuesta_6.xlsx,2026-10-07,18:00,Elena F.,0
cuadriculas/G03_transpuesta_6.xlsx,2026-10-07,18:00,Marta F.,0
cuadriculas/G03_transpuesta_6.xlsx,2026-10-07,18:00,Nerea F.,0
cuadriculas/G04_hoja_por_dia_6.xlsx,2026-10-01,18:30,Tomás F.,0
cuadriculas/G04_hoja_por_dia_6.xlsx,2026-10-01,20:30,Claudia F.,0
cuadriculas/G04_hoja_por_dia_6.xlsx,2026-10-01,10:00,Sara F.,1
cuadriculas/G04_hoja_por_dia_6.xlsx,2026-10-01,18:30,Hugo L.,0
cuadriculas/G04_hoja_por_dia_6.xlsx,2026-10-01,20:30,Cristina F.,0
cuadriculas/G04_hoja_por_dia_6.xlsx,2026-10-01,18:30,Álvaro L.,0
cuadriculas/G04_hoja_por_dia_6.xlsx,2026-10-01,10:00,Jorge F.,0
cuadriculas/G04_hoja_por_dia_6.xlsx,2026-10-01,18:30,Iván G.,0
cuadriculas/G04_hoja_por_dia_6.xlsx,2026-10-01,18:30,Bruno L.,0
cuadriculas/G04_hoja_por_dia_6.xlsx,2026-10-01,20:30,Raúl L.,0
cuadriculas/G04_hoja_por_dia_6.xlsx,2026-10-02,10:00,Íker L.,0
cuadriculas/G04_hoja_por_dia_6.xlsx,2026-10-02,19:30,Cristina L.,0
cuadriculas/G04_hoja_por_dia_6.xlsx,2026-10-02,20:30,Marta G.,0
cuadriculas/G04_hoja_por_dia_6.xlsx,2026-10-02,10:00,Álvaro L.,0
cuadriculas/G04_hoja_por_dia_6.xlsx,2026-10-02,19:30,Mario G.,0
cuadriculas/G04_hoja_por_dia_6.xlsx,2026-10-02,20:30,Marcos G.,0
cuadriculas/G04_hoja_por_dia_6.xlsx,2026-10-02,10:00,Raúl F.,0
cuadriculas/G04_hoja_por_dia_6.xlsx,2026-10-02,19:30,Elena G.,0
cuadriculas/G04_hoja_por_dia_6.xlsx,2026-10-02,20:30,Íker F.,0
cuadriculas/G04_hoja_por_dia_6.xlsx,2026-10-02,19:30,Paula F.,0
cuadriculas/G04_hoja_por_dia_6.xlsx,2026-10-02,19:30,Adrián F.,0
cuadriculas/G04_hoja_por_dia_6.xlsx,2026-10-02,10:00,Gonzalo M.,0
cuadriculas/G04_hoja_por_dia_6.xlsx,2026-10-02,19:30,Sara F.,0
cuadriculas/G04_hoja_por_dia_6.xlsx,2026-10-03,10:00,Diego G.,0
cuadriculas/G04_hoja_por_dia_6.xlsx,2026-10-03,18:30,Claudia M.,0
cuadriculas/G04_hoja_por_dia_6.xlsx,2026-10-03,20:30,Javier F.,0
cuadriculas/G04_hoja_por_dia_6.xlsx,2026-10-03,20:30,Sofía G.,0
cuadriculas/G04_hoja_por_dia_6.xlsx,2026-10-03,20:30,Laura G.,0
cuadriculas/G04_hoja_por_dia_6.xlsx,2026-10-03,20:30,Lucía M.,0
cuadriculas/G04_hoja_por_dia_6.xlsx,2026-10-03,10:00,Óscar L.,0
cuadriculas/G04_hoja_por_dia_6.xlsx,2026-10-03,18:30,Beatriz G.,0
cuadriculas/G04_hoja_por_dia_6.xlsx,2026-10-04,10:00,Tomás L.,1
cuadriculas/G04_hoja_por_dia_6.xlsx,2026-10-04,10:00,Víctor F.,0
cuadriculas/G04_hoja_por_dia_6.xlsx,2026-10-04,10:00,Marta G.,0
cuadriculas/G04_hoja_por_dia_6.xlsx,2026-10-04,18:30,Irene F.,0
cuadriculas/G04_hoja_por_dia_6.xlsx,2026-10-04,20:30,Carla M.,0
cuadriculas/G04_hoja_por_dia_6.xlsx,2026-10-04,10:00,Cristina G.,0
cuadriculas/G04_hoja_por_dia_6.xlsx,2026-10-04,20:30,Sofía L.,0
cuadriculas/G04_hoja_por_dia_6.xlsx,2026-10-05,10:00,Beatriz M.,0
cuadriculas/G04_hoja_por_dia_6.xlsx,2026-10-05,20:30,Nerea G.,0
cuadriculas/G04_hoja_por_dia_6.xlsx,2026-10-05,20:30,Marta M.,0
cuadriculas/G04_hoja_por_dia_6.xlsx,2026-10-05,10:00,Irene F.,0
cuadriculas/G04_hoja_por_dia_6.xlsx,2026-10-05,19:30,Carla M.,1
cuadriculas/G04_hoja_por_dia_6.xlsx,2026-10-05,20:30,Javier G.,0
cuadriculas/G04_hoja_por_dia_6.xlsx,2026-10-05,10:00,Tomás M.,0
cuadriculas/G04_hoja_por_dia_6.xlsx,2026-10-05,19:30,Pablo L.,0
cuadriculas/G04_hoja_por_dia_6.xlsx,2026-10-05,20:30,Laura G.,0
cuadriculas/G04_hoja_por_dia_6.xlsx,2026-10-05,10:00,Sofía G.,0
cuadriculas/G04_hoja_por_dia_6.xlsx,2026-10-05,20:30,Jorge F.,0
cuadriculas/G04_hoja_por_dia_6.xlsx,2026-10-05,19:30,Víctor F.,0
cuadriculas/G04_hoja_por_dia_6.xlsx,2026-10-05,20:30,Tomás M.,0
cuadriculas/G04_hoja_por_dia_6.xlsx,2026-10-05,19:30,Hugo M.,0
cuadriculas/G04_hoja_por_dia_6.xlsx,2026-10-05,20:30,Bruno L.,0
cuadriculas/G01_bloques_7.xlsx,2026-09-01,18:30,Óscar L.,0
cuadriculas/G01_bloques_7.xlsx,2026-09-01,12:00,Hugo F.,0
cuadriculas/G01_bloques_7.xlsx,2026-09-01,17:15,Beatriz L.,0
cuadriculas/G01_bloques_7.xlsx,2026-09-01,17:15,Elena F.,0
cuadriculas/G01_bloques_7.xlsx,2026-09-01,18:30,Inés L.,0
cuadriculas/G01_bloques_7.xlsx,2026-09-01,10:45,Raquel F.,0
cuadriculas/G01_bloques_7.xlsx,2026-09-01,12:00,Íker G.,0
cuadriculas/G01_bloques_7.xlsx,2026-09-01,18:30,Raquel G.,1
cuadriculas/G01_bloques_7.xlsx,2026-09-01,10:45,Alba M.,0
cuadriculas/G01_bloques_7.xlsx,2026-09-01,12:00,Nerea L.,0
cuadriculas/G01_bloques_7.xlsx,2026-09-02,10:45,Raquel M.,0
cuadriculas/G01_bloques_7.xlsx,2026-09-02,17:15,Sara L.,1
cuadriculas/G01_bloques_7.xlsx,2026-09-02,18:30,Laura G.,0
cuadriculas/G01_bloques_7.xlsx,2026-09-03,10:45,Raúl M.,0
cuadriculas/G01_bloques_7.xlsx,2026-09-03,12:00,Óscar G.,1
cuadriculas/G01_bloques_7.xlsx,2026-09-03,18:30,Víctor L.,0
cuadriculas/G01_bloques_7.xlsx,2026-09-03,12:00,Rubén L.,0
cuadriculas/G01_bloques_7.xlsx,2026-09-03,17:15,Tomás M.,0
cuadriculas/G01_bloques_7.xlsx,2026-09-03,12:00,Alba G.,0
cuadriculas/G01_bloques_7.xlsx,2026-09-03,18:30,Marcos F.,0
cuadriculas/G01_bloques_7.xlsx,2026-09-03,12:00,Diego F.,0
cuadriculas/G01_bloques_7.xlsx,2026-09-03,17:15,Pablo M.,0
cuadriculas/G01_bloques_7.xlsx,2026-09-03,18:30,Carla G.,0
cuadriculas/G01_bloques_7.xlsx,2026-09-03,10:45,Gonzalo M.,0
cuadriculas/G01_bloques_7.xlsx,2026-09-04,12:00,Hugo L.,0
cuadriculas/G01_bloques_7.xlsx,2026-09-04,18:30,Álvaro M.,0
cuadriculas/G01_bloques_7.xlsx,2026-09-04,12:00,Noelia G.,0
cuadriculas/G01_bloques_7.xlsx,2026-09-04,18:30,Diego L.,1
cuadriculas/G01_bloques_7.xlsx,2026-09-04,12:00,Hugo F.,0
cuadriculas/G01_bloques_7.xlsx,2026-09-04,17:15,Sergio G.,0
cuadriculas/G01_bloques_7.xlsx,2026-09-04,18:30,Mario L.,0
cuadriculas/G01_bloques_7.xlsx,2026-09-04,12:00,Cristina M.,0
cuadriculas/G01_bloques_7.xlsx,2026-09-04,18:30,Irene G.,1
cuadriculas/G01_bloques_7.xlsx,2026-09-05,18:30,Javier F.,0
cuadriculas/G01_bloques_7.xlsx,2026-09-05,12:00,Tomás L.,0
cuadriculas/G01_bloques_7.xlsx,2026-09-05,17:15,Bruno L.,1
cuadriculas/G01_bloques_7.xlsx,2026-09-05,18:30,Marcos M.,0
cuadriculas/G01_bloques_7.xlsx,2026-09-05,12:00,Nuria M.,0
cuadriculas/G01_bloques_7.xlsx,2026-09-05,17:15,Lucía F.,0
cuadriculas/G01_bloques_7.xlsx,2026-09-05,18:30,Raquel L.,0
cuadriculas/G01_bloques_7.xlsx,2026-09-05,12:00,Jorge F.,1
cuadriculas/G01_bloques_7.xlsx,2026-09-05,17:15,Inés L.,0
cuadriculas/G01_bloques_7.xlsx,2026-09-05,18:30,Noelia G.,0
cuadriculas/G01_bloques_7.xlsx,2026-09-05,10:45,Hugo M.,0
cuadriculas/G01_bloques_7.xlsx,2026-09-05,17:15,Javier G.,0
cuadriculas/G01_bloques_7.xlsx,2026-09-07,17:15,Paula L.,0
cuadriculas/G01_bloques_7.xlsx,2026-09-07,10:45,Marcos M.,0
cuadriculas/G01_bloques_7.xlsx,2026-09-07,12:00,Sergio F.,0
cuadriculas/G01_bloques_7.xlsx,2026-09-07,12:00,Bruno L.,0
cuadriculas/G01_bloques_7.xlsx,2026-09-07,18:30,Adrián M.,0
cuadriculas/G01_bloques_7.xlsx,2026-09-07,18:30,Daniel L.,0
cuadriculas/G01_bloques_7.xlsx,2026-09-08,10:45,Álvaro L.,0
cuadriculas/G01_bloques_7.xlsx,2026-09-08,12:00,Nuria G.,0
cuadriculas/G01_bloques_7.xlsx,2026-09-08,10:45,Laura L.,1
cuadriculas/G01_bloques_7.xlsx,2026-09-08,12:00,Laura M.,0
cuadriculas/G01_bloques_7.xlsx,2026-09-08,17:15,Rubén G.,0
cuadriculas/G01_bloques_7.xlsx,2026-09-08,10:45,Noelia G.,0
cuadriculas/G01_bloques_7.xlsx,2026-09-08,12:00,Cristina G.,0
cuadriculas/G01_bloques_7.xlsx,2026-09-08,12:00,Jorge L.,0
cuadriculas/G01_bloques_7.xlsx,2026-09-08,10:45,Rubén G.,0
cuadriculas/G01_bloques_7.xlsx,2026-09-08,12:00,Álvaro G.,0
cuadriculas/G01_bloques_7.xlsx,2026-09-09,17:15,Inés M.,0
cuadriculas/G01_bloques_7.xlsx,2026-09-09,10:45,Raquel M.,0
cuadriculas/G01_bloques_7.xlsx,2026-09-09,12:00,Nuria M.,0
cuadriculas/G01_bloques_7.xlsx,2026-09-09,17:15,Raquel M.,0
cuadriculas/G01_bloques_7.xlsx,2026-09-09,18:30,Laura G.,0
cuadriculas/G01_bloques_7.xlsx,2026-09-09,10:45,Inés L.,0
cuadriculas/G01_bloques_7.xlsx,2026-09-09,12:00,Óscar M.,0
cuadriculas/G01_bloques_7.xlsx,2026-09-09,17:15,Gonzalo M.,0
cuadriculas/G01_bloques_7.xlsx,2026-09-09,18:30,Bruno F.,0
cuadriculas/G01_bloques_7.xlsx,2026-09-09,12:00,Paula G.,0
cuadriculas/G01_bloques_7.xlsx,2026-09-09,18:30,Jorge F.,0
cuadriculas/G01_bloques_7.xlsx,2026-09-09,10:45,Gonzalo L.,0
cuadriculas/G01_bloques_7.xlsx,2026-09-09,12:00,Diego G.,0
cuadriculas/G01_bloques_7.xlsx,2026-09-09,18:30,Claudia G.,1
cuadriculas/G01_bloques_7.xlsx,2026-09-10,10:45,Pablo G.,0
cuadriculas/G01_bloques_7.xlsx,2026-09-10,18:30,Hugo F.,0
cuadriculas/G01_bloques_7.xlsx,2026-09-10,12:00,Víctor L.,0
cuadriculas/G01_bloques_7.xlsx,2026-09-10,17:15,Cristina L.,0
cuadriculas/G01_bloques_7.xlsx,2026-09-10,18:30,Noelia G.,1
cuadriculas/G01_bloques_7.xlsx,2026-09-10,17:15,Nuria G.,0
cuadriculas/G01_bloques_7.xlsx,2026-09-10,18:30,Hugo F.,0
cuadriculas/G01_bloques_7.xlsx,2026-09-11,10:45,Hugo L.,1
cuadriculas/G01_bloques_7.xlsx,2026-09-11,17:15,Óscar L.,0
cuadriculas/G01_bloques_7.xlsx,2026-09-11,18:30,Alba G.,0
cuadriculas/G01_bloques_7.xlsx,2026-09-11,12:00,Jorge M.,0
cuadriculas/G01_bloques_7.xlsx,2026-09-11,17:15,Andrea F.,0
cuadriculas/G01_bloques_7.xlsx,2026-09-12,17:15,Álvaro F.,0
cuadriculas/G01_bloques_7.xlsx,2026-09-12,18:30,Javier G.,0
cuadriculas/G01_bloques_7.xlsx,2026-09-12,18:30,Elena L.,0
cuadriculas/G01_bloques_7.xlsx,2026-09-12,12:00,Óscar L.,0
cuadriculas/G01_bloques_7.xlsx,2026-09-12,17:15,Raquel M.,0
cuadriculas/G02_semana_7.xlsx,2026-09-08,10:00,Claudia G.,0
cuadriculas/G02_semana_7.xlsx,2026-09-08,10:00,Íker M.,0
cuadriculas/G02_semana_7.xlsx,2026-09-09,10:00,Andrea M.,0
cuadriculas/G02_semana_7.xlsx,2026-09-09,10:00,Sergio L.,0
cuadriculas/G02_semana_7.xlsx,2026-09-09,10:00,Jorge G.,0
cuadriculas/G02_semana_7.xlsx,2026-09-09,10:00,Tomás G.,0
cuadriculas/G02_semana_7.xlsx,2026-09-10,10:00,Martina M.,0
cuadriculas/G02_semana_7.xlsx,2026-09-10,10:00,Bruno L.,0
cuadriculas/G02_semana_7.xlsx,2026-09-11,10:00,Martina F.,0
cuadriculas/G02_semana_7.xlsx,2026-09-11,10:00,Víctor M.,0
cuadriculas/G02_semana_7.xlsx,2026-09-11,10:00,Tomás F.,0
cuadriculas/G02_semana_7.xlsx,2026-09-07,18:00,Rubén L.,1
cuadriculas/G02_semana_7.xlsx,2026-09-08,18:00,Nuria L.,0
cuadriculas/G02_semana_7.xlsx,2026-09-08,18:00,Sofía G.,0
cuadriculas/G02_semana_7.xlsx,2026-09-08,18:00,Cristina L.,0
cuadriculas/G02_semana_7.xlsx,2026-09-09,18:00,Bruno G.,0
cuadriculas/G02_semana_7.xlsx,2026-09-10,18:00,Nerea L.,0
cuadriculas/G02_semana_7.xlsx,2026-09-12,18:00,Álvaro F.,0
cuadriculas/G02_semana_7.xlsx,2026-09-12,18:00,Tomás F.,0
cuadriculas/G02_semana_7.xlsx,2026-09-07,19:00,Daniel F.,0
cuadriculas/G02_semana_7.xlsx,2026-09-07,19:00,Iván L.,0
cuadriculas/G02_semana_7.xlsx,2026-09-08,19:00,Hugo F.,0
cuadriculas/G02_semana_7.xlsx,2026-09-08,19:00,Paula G.,0
cuadriculas/G02_semana_7.xlsx,2026-09-08,19:00,Cristina L.,0
cuadriculas/G02_semana_7.xlsx,2026-09-10,19:00,Pablo L.,0
cuadriculas/G02_semana_7.xlsx,2026-09-10,19:00,Noelia L.,0
cuadriculas/G02_semana_7.xlsx,2026-09-12,19:00,Óscar F.,1
cuadriculas/G02_semana_7.xlsx,2026-09-12,19:00,Alba M.,0
cuadriculas/G02_semana_7.xlsx,2026-09-07,20:00,Nerea F.,0
cuadriculas/G02_semana_7.xlsx,2026-09-07,20:00,Carla G.,0
cuadriculas/G02_semana_7.xlsx,2026-09-07,20:00,Irene M.,0
cuadriculas/G02_semana_7.xlsx,2026-09-07,20:00,Rubén L.,0
cuadriculas/G02_semana_7.xlsx,2026-09-08,20:00,Lucía M.,0
cuadriculas/G02_semana_7.xlsx,2026-09-08,20:00,Noelia G.,0
cuadriculas/G02_semana_7.xlsx,2026-09-09,20:00,Marta L.,0
cuadriculas/G02_semana_7.xlsx,2026-09-09,20:00,Jorge F.,0
cuadriculas/G02_semana_7.xlsx,2026-09-09,20:00,Jorge L.,1
cuadriculas/G02_semana_7.xlsx,2026-09-10,20:00,Nuria G.,0
cuadriculas/G02_semana_7.xlsx,2026-09-11,20:00,Martina G.,0
cuadriculas/G02_semana_7.xlsx,2026-09-11,20:00,Cristina M.,0
cuadriculas/G02_semana_7.xlsx,2026-09-12,20:00,Irene G.,0
cuadriculas/G02_semana_7.xlsx,2026-09-12,20:00,Paula L.,0
cuadriculas/G02_semana_7.xlsx,2026-09-12,20:00,Marta M.,0
cuadriculas/G02_semana_7.xlsx,2026-09-12,20:00,Íker L.,0
cuadriculas/G02_semana_7.xlsx,2026-09-07,21:00,Tomás G.,0
cuadriculas/G02_semana_7.xlsx,2026-09-07,21:00,Paula M.,0
cuadriculas/G02_semana_7.xlsx,2026-09-07,21:00,Mario M.,0
cuadriculas/G02_semana_7.xlsx,2026-09-07,21:00,Noelia L.,0
cuadriculas/G02_semana_7.xlsx,2026-09-08,21:00,Nerea M.,0
cuadriculas/G02_semana_7.xlsx,2026-09-08,21:00,Sergio F.,0
cuadriculas/G02_semana_7.xlsx,2026-09-08,21:00,Pablo G.,0
cuadriculas/G02_semana_7.xlsx,2026-09-08,21:00,Javier G.,0
cuadriculas/G02_semana_7.xlsx,2026-09-09,21:00,Pablo L.,0
cuadriculas/G02_semana_7.xlsx,2026-09-09,21:00,Noelia L.,1
cuadriculas/G02_semana_7.xlsx,2026-09-09,21:00,Alba L.,0
cuadriculas/G02_semana_7.xlsx,2026-09-10,21:00,Beatriz F.,0
cuadriculas/G02_semana_7.xlsx,2026-09-10,21:00,Martina L.,0
cuadriculas/G02_semana_7.xlsx,2026-09-10,21:00,Rubén L.,0
cuadriculas/G02_semana_7.xlsx,2026-09-11,21:00,Martina L.,1
cuadriculas/G02_semana_7.xlsx,2026-09-11,21:00,Diego F.,0
cuadriculas/G02_semana_7.xlsx,2026-09-11,21:00,Raúl G.,0
cuadriculas/G02_semana_7.xlsx,2026-09-11,21:00,Sergio F.,0
cuadriculas/G02_semana_7.xlsx,2026-09-12,21:00,Raúl M.,0
cuadriculas/G02_semana_7.xlsx,2026-09-12,21:00,Sergio G.,0
cuadriculas/G02_semana_7.xlsx,2026-09-12,21:00,Víctor F.,0
cuadriculas/G02_semana_7.xlsx,2026-09-12,21:00,Diego M.,0
cuadriculas/G03_transpuesta_7.xlsx,2026-09-01,09:30,Sergio G.,0
cuadriculas/G03_transpuesta_7.xlsx,2026-09-01,09:30,Marcos M.,0
cuadriculas/G03_transpuesta_7.xlsx,2026-09-01,11:00,Víctor F.,0
cuadriculas/G03_transpuesta_7.xlsx,2026-09-01,18:00,Beatriz M.,0
cuadriculas/G03_transpuesta_7.xlsx,2026-09-01,20:00,Hugo G.,0
cuadriculas/G03_transpuesta_7.xlsx,2026-09-01,20:00,Marcos L.,0
cuadriculas/G03_transpuesta_7.xlsx,2026-09-02,20:00,Álvaro M.,0
cuadriculas/G03_transpuesta_7.xlsx,2026-09-03,09:30,Beatriz M.,0
cuadriculas/G03_transpuesta_7.xlsx,2026-09-03,09:30,Nerea M.,0
cuadriculas/G03_transpuesta_7.xlsx,2026-09-03,09:30,Elena L.,0
cuadriculas/G03_transpuesta_7.xlsx,2026-09-03,18:00,Daniel G.,0
cuadriculas/G03_transpuesta_7.xlsx,2026-09-03,18:00,Nuria G.,0
cuadriculas/G03_transpuesta_7.xlsx,2026-09-03,18:00,Víctor M.,0
cuadriculas/G03_transpuesta_7.xlsx,2026-09-04,09:30,Marta L.,0
cuadriculas/G03_transpuesta_7.xlsx,2026-09-04,09:30,Iván G.,0
cuadriculas/G03_transpuesta_7.xlsx,2026-09-04,11:00,Andrea G.,0
cuadriculas/G03_transpuesta_7.xlsx,2026-09-04,11:00,Beatriz L.,0
cuadriculas/G03_transpuesta_7.xlsx,2026-09-04,20:00,Claudia F.,0
cuadriculas/G03_transpuesta_7.xlsx,2026-09-04,20:00,Tomás G.,0
cuadriculas/G03_transpuesta_7.xlsx,2026-09-05,09:30,Laura G.,0
cuadriculas/G03_transpuesta_7.xlsx,2026-09-05,09:30,Bruno G.,0
cuadriculas/G03_transpuesta_7.xlsx,2026-09-05,09:30,Andrea L.,0
cuadriculas/G03_transpuesta_7.xlsx,2026-09-05,11:00,Sergio G.,0
cuadriculas/G03_transpuesta_7.xlsx,2026-09-05,11:00,Irene F.,0
cuadriculas/G03_transpuesta_7.xlsx,2026-09-05,11:00,Diego L.,0
cuadriculas/G03_transpuesta_7.xlsx,2026-09-05,20:00,Martina F.,0
cuadriculas/G03_transpuesta_7.xlsx,2026-09-05,20:00,Cristina G.,0
cuadriculas/G03_transpuesta_7.xlsx,2026-09-06,09:30,Diego F.,0
cuadriculas/G03_transpuesta_7.xlsx,2026-09-06,11:00,Adrián G.,0
cuadriculas/G03_transpuesta_7.xlsx,2026-09-06,11:00,Raquel M.,0
cuadriculas/G03_transpuesta_7.xlsx,2026-09-06,18:00,Laura G.,0
cuadriculas/G03_transpuesta_7.xlsx,2026-09-06,18:00,Marta F.,0
cuadriculas/G03_transpuesta_7.xlsx,2026-09-06,20:00,Laura M.,0
cuadriculas/G03_transpuesta_7.xlsx,2026-09-06,20:00,Hugo L.,0
cuadriculas/G03_transpuesta_7.xlsx,2026-09-06,20:00,Alba F.,0
cuadriculas/G03_transpuesta_7.xlsx,2026-09-07,09:30,Pablo F.,0
cuadriculas/G03_transpuesta_7.xlsx,2026-09-07,09:30,Martina G.,0
cuadriculas/G03_transpuesta_7.xlsx,2026-09-07,18:00,Carla L.,0
cuadriculas/G03_transpuesta_7.xlsx,2026-09-07,20:00,Elena F.,0
cuadriculas/G03_transpuesta_7.xlsx,2026-09-07,20:00,Sofía M.,0
cuadriculas/G03_transpuesta_7.xlsx,2026-09-08,09:30,Martina F.,0
cuadriculas/G03_transpuesta_7.xlsx,2026-09-08,09:30,Pablo F.,0
cuadriculas/G03_transpuesta_7.xlsx,2026-09-08,09:30,Tomás M.,0
cuadriculas/G03_transpuesta_7.xlsx,2026-09-08,11:00,Íker G.,0
cuadriculas/G03_transpuesta_7.xlsx,2026-09-08,18:00,Adrián G.,0
cuadriculas/G03_transpuesta_7.xlsx,2026-09-08,18:00,Irene F.,0
cuadriculas/G03_transpuesta_7.xlsx,2026-09-08,20:00,Tomás G.,0
cuadriculas/G04_hoja_por_dia_7.xlsx,2026-09-01,19:30,Carla G.,0
cuadriculas/G04_hoja_por_dia_7.xlsx,2026-09-01,20:30,Elena M.,0
cuadriculas/G04_hoja_por_dia_7.xlsx,2026-09-01,10:00,Tomás L.,0
cuadriculas/G04_hoja_por_dia_7.xlsx,2026-09-01,19:30,Gonzalo G.,1
cuadriculas/G04_hoja_por_dia_7.xlsx,2026-09-01,10:00,Gonzalo F.,0
cuadriculas/G04_hoja_por_dia_7.xlsx,2026-09-01,19:30,Raquel F.,0
cuadriculas/G04_hoja_por_dia_7.xlsx,2026-09-01,20:30,Andrea G.,0
cuadriculas/G04_hoja_por_dia_7.xlsx,2026-09-01,19:30,Víctor F.,0
cuadriculas/G04_hoja_por_dia_7.xlsx,2026-09-01,20:30,Marta G.,0
cuadriculas/G04_hoja_por_dia_7.xlsx,2026-09-01,10:00,Sergio F.,0
cuadriculas/G04_hoja_por_dia_7.xlsx,2026-09-01,19:30,Marcos L.,0
cuadriculas/G04_hoja_por_dia_7.xlsx,2026-09-01,10:00,Daniel F.,1
cuadriculas/G04_hoja_por_dia_7.xlsx,2026-09-01,19:30,Hugo F.,0
cuadriculas/G04_hoja_por_dia_7.xlsx,2026-09-02,19:30,Sergio M.,1
cuadriculas/G04_hoja_por_dia_7.xlsx,2026-09-02,20:30,Sergio M.,0
cuadriculas/G04_hoja_por_dia_7.xlsx,2026-09-02,19:30,Raquel L.,0
cuadriculas/G04_hoja_por_dia_7.xlsx,2026-09-02,10:00,Víctor G.,0
cuadriculas/G04_hoja_por_dia_7.xlsx,2026-09-02,19:30,Raquel G.,0
cuadriculas/G04_hoja_por_dia_7.xlsx,2026-09-02,20:30,Javier M.,0
cuadriculas/G04_hoja_por_dia_7.xlsx,2026-09-02,10:00,Sergio L.,0
cuadriculas/G04_hoja_por_dia_7.xlsx,2026-09-02,20:30,Rubén F.,0
cuadriculas/G04_hoja_por_dia_7.xlsx,2026-09-02,10:00,Nuria G.,0
cuadriculas/G04_hoja_por_dia_7.xlsx,2026-09-02,19:30,Sara M.,0
cuadriculas/G04_hoja_por_dia_7.xlsx,2026-09-02,10:00,Martina L.,0
cuadriculas/G04_hoja_por_dia_7.xlsx,2026-09-02,19:30,Gonzalo M.,0
cuadriculas/G04_hoja_por_dia_7.xlsx,2026-09-03,19:30,Laura G.,0
cuadriculas/G04_hoja_por_dia_7.xlsx,2026-09-03,20:30,Alba F.,0
cuadriculas/G04_hoja_por_dia_7.xlsx,2026-09-03,10:00,Hugo M.,0
cuadriculas/G04_hoja_por_dia_7.xlsx,2026-09-03,19:30,Andrea L.,1
cuadriculas/G04_hoja_por_dia_7.xlsx,2026-09-03,20:30,Irene L.,0
cuadriculas/G04_hoja_por_dia_7.xlsx,2026-09-03,20:30,Nuria M.,0
cuadriculas/G04_hoja_por_dia_7.xlsx,2026-09-03,20:30,Rubén F.,0
cuadriculas/G04_hoja_por_dia_7.xlsx,2026-09-03,10:00,Óscar F.,0
cuadriculas/G04_hoja_por_dia_7.xlsx,2026-09-03,20:30,Javier M.,0
cuadriculas/G04_hoja_por_dia_7.xlsx,2026-09-03,10:00,Rubén F.,0
cuadriculas/G04_hoja_por_dia_7.xlsx,2026-09-03,19:30,Sergio L.,0
cuadriculas/G04_hoja_por_dia_7.xlsx,2026-09-03,20:30,Hugo M.,0
cuadriculas/G04_hoja_por_dia_7.xlsx,2026-09-03,10:00,Paula F.,0
cuadriculas/G04_hoja_por_dia_7.xlsx,2026-09-03,19:30,Sara F.,0
cuadriculas/G04_hoja_por_dia_7.xlsx,2026-09-03,20:30,Cristina L.,0
cuadriculas/G04_hoja_por_dia_7.xlsx,2026-09-04,10:00,Rubén G.,0
cuadriculas/G04_hoja_por_dia_7.xlsx,2026-09-04,19:30,Jorge L.,0
cuadriculas/G04_hoja_por_dia_7.xlsx,2026-09-04,10:00,Inés L.,0
cuadriculas/G04_hoja_por_dia_7.xlsx,2026-09-04,19:30,Sara G.,0
cuadriculas/G04_hoja_por_dia_7.xlsx,2026-09-04,20:30,Paula F.,0
cuadriculas/G04_hoja_por_dia_7.xlsx,2026-09-04,10:00,Beatriz M.,0
cuadriculas/G04_hoja_por_dia_7.xlsx,2026-09-04,19:30,Lucía M.,0
cuadriculas/G04_hoja_por_dia_7.xlsx,2026-09-05,18:30,Hugo G.,0
cuadriculas/G04_hoja_por_dia_7.xlsx,2026-09-05,20:30,Diego G.,0
cuadriculas/G04_hoja_por_dia_7.xlsx,2026-09-05,19:30,Martina M.,0
cuadriculas/G04_hoja_por_dia_7.xlsx,2026-09-05,20:30,Pablo G.,0
cuadriculas/G04_hoja_por_dia_7.xlsx,2026-09-05,18:30,Víctor L.,0
cuadriculas/G04_hoja_por_dia_7.xlsx,2026-09-05,20:30,Cristina M.,0
cuadriculas/G04_hoja_por_dia_7.xlsx,2026-09-05,19:30,Lucía L.,0
cuadriculas/G04_hoja_por_dia_7.xlsx,2026-09-05,20:30,Sofía M.,0
cuadriculas/G04_hoja_por_dia_7.xlsx,2026-09-05,18:30,Íker F.,0
cuadriculas/G04_hoja_por_dia_7.xlsx,2026-09-05,20:30,Claudia M.,0
cuadriculas/G04_hoja_por_dia_7.xlsx,2026-09-05,18:30,Bruno L.,0
cuadriculas/G04_hoja_por_dia_7.xlsx,2026-09-05,19:30,Pablo F.,0
cuadriculas/G04_hoja_por_dia_7.xlsx,2026-09-06,10:00,Sara L.,0
cuadriculas/G04_hoja_por_dia_7.xlsx,2026-09-06,18:30,Rubén F.,0
cuadriculas/G04_hoja_por_dia_7.xlsx,2026-09-06,19:30,Raquel F.,0
cuadriculas/G04_hoja_por_dia_7.xlsx,2026-09-06,10:00,Lucía L.,0
cuadriculas/G04_hoja_por_dia_7.xlsx,2026-09-06,18:30,Bruno M.,0
cuadriculas/G04_hoja_por_dia_7.xlsx,2026-09-06,19:30,Javier L.,0
cuadriculas/G04_hoja_por_dia_7.xlsx,2026-09-06,10:00,Elena M.,0
cuadriculas/G04_hoja_por_dia_7.xlsx,2026-09-06,18:30,Inés L.,0
cuadriculas/G04_hoja_por_dia_7.xlsx,2026-09-06,19:30,Laura F.,0
cuadriculas/G04_hoja_por_dia_7.xlsx,2026-09-06,18:30,Óscar F.,0
cuadriculas/G04_hoja_por_dia_7.xlsx,2026-09-06,19:30,Raúl G.,0
cuadriculas/G04_hoja_por_dia_7.xlsx,2026-09-06,18:30,Jorge F.,0
cuadriculas/G04_hoja_por_dia_7.xlsx,2026-09-06,19:30,Jorge L.,0
cuadriculas/G04_hoja_por_dia_7.xlsx,2026-09-06,18:30,Marta G.,0
cuadriculas/G04_hoja_por_dia_7.xlsx,2026-09-06,19:30,Paula M.,0
cuadriculas/G01_bloques_8.xlsx,2026-09-01,21:00,Jorge F.,0
cuadriculas/G01_bloques_8.xlsx,2026-09-01,18:30,Sara G.,0
cuadriculas/G01_bloques_8.xlsx,2026-09-01,21:00,Marcos G.,0
cuadriculas/G01_bloques_8.xlsx,2026-09-01,18:30,Marcos M.,1
cuadriculas/G01_bloques_8.xlsx,2026-09-01,21:00,Nuria M.,0
cuadriculas/G01_bloques_8.xlsx,2026-09-02,12:00,Alba M.,0
cuadriculas/G01_bloques_8.xlsx,2026-09-02,18:30,Óscar G.,0
cuadriculas/G01_bloques_8.xlsx,2026-09-02,21:00,Laura G.,0
cuadriculas/G01_bloques_8.xlsx,2026-09-02,12:00,Beatriz G.,0
cuadriculas/G01_bloques_8.xlsx,2026-09-02,12:00,Óscar L.,0
cuadriculas/G01_bloques_8.xlsx,2026-09-02,18:30,Carla F.,0
cuadriculas/G01_bloques_8.xlsx,2026-09-02,12:00,Laura L.,0
cuadriculas/G01_bloques_8.xlsx,2026-09-03,12:00,Gonzalo M.,0
cuadriculas/G01_bloques_8.xlsx,2026-09-03,18:30,Marcos M.,0
cuadriculas/G01_bloques_8.xlsx,2026-09-03,21:00,Daniel G.,0
cuadriculas/G01_bloques_8.xlsx,2026-09-03,18:30,Carla M.,0
cuadriculas/G01_bloques_8.xlsx,2026-09-03,12:00,Marta F.,0
cuadriculas/G01_bloques_8.xlsx,2026-09-03,21:00,Noelia M.,0
cuadriculas/G01_bloques_8.xlsx,2026-09-03,18:30,Adrián M.,0
cuadriculas/G01_bloques_8.xlsx,2026-09-04,12:00,Noelia M.,1
cuadriculas/G01_bloques_8.xlsx,2026-09-04,21:00,Martina G.,0
cuadriculas/G01_bloques_8.xlsx,2026-09-04,21:00,Marta G.,0
cuadriculas/G01_bloques_8.xlsx,2026-09-04,12:00,Sergio M.,0
cuadriculas/G01_bloques_8.xlsx,2026-09-05,12:00,Irene L.,0
cuadriculas/G01_bloques_8.xlsx,2026-09-05,18:30,Marcos F.,0
cuadriculas/G01_bloques_8.xlsx,2026-09-05,12:00,Sergio G.,1
cuadriculas/G01_bloques_8.xlsx,2026-09-05,21:00,Alba F.,0
cuadriculas/G01_bloques_8.xlsx,2026-09-05,18:30,Bruno F.,0
cuadriculas/G01_bloques_8.xlsx,2026-09-05,18:30,Marcos M.,0
cuadriculas/G01_bloques_8.xlsx,2026-09-05,21:00,Íker M.,0
cuadriculas/G01_bloques_8.xlsx,2026-09-07,12:00,Paula F.,0
cuadriculas/G01_bloques_8.xlsx,2026-09-07,21:00,Gonzalo G.,0
cuadriculas/G01_bloques_8.xlsx,2026-09-07,12:00,Paula G.,0
cuadriculas/G01_bloques_8.xlsx,2026-09-07,21:00,Noelia M.,0
cuadriculas/G01_bloques_8.xlsx,2026-09-08,12:00,Sofía L.,0
cuadriculas/G01_bloques_8.xlsx,2026-09-08,21:00,Laura F.,0
cuadriculas/G01_bloques_8.xlsx,2026-09-08,12:00,Noelia M.,0
cuadriculas/G01_bloques_8.xlsx,2026-09-09,18:30,Nuria M.,0
cuadriculas/G01_bloques_8.xlsx,2026-09-09,21:00,Sara L.,0
cuadriculas/G01_bloques_8.xlsx,2026-09-09,21:00,Adrián L.,1
cuadriculas/G01_bloques_8.xlsx,2026-09-10,12:00,Marta F.,0
cuadriculas/G01_bloques_8.xlsx,2026-09-10,18:30,Raúl G.,0
cuadriculas/G01_bloques_8.xlsx,2026-09-10,12:00,Elena G.,0
cuadriculas/G01_bloques_8.xlsx,2026-09-10,21:00,Cristina M.,0
cuadriculas/G01_bloques_8.xlsx,2026-09-10,21:00,Alba M.,1
cuadriculas/G01_bloques_8.xlsx,2026-09-11,21:00,Raquel G.,0
cuadriculas/G01_bloques_8.xlsx,2026-09-11,12:00,Diego L.,1
cuadriculas/G01_bloques_8.xlsx,2026-09-11,21:00,Nerea F.,0
cuadriculas/G01_bloques_8.xlsx,2026-09-12,12:00,Javier G.,0
cuadriculas/G01_bloques_8.xlsx,2026-09-12,21:00,Laura G.,1
cuadriculas/G01_bloques_8.xlsx,2026-09-12,12:00,Pablo F.,0
cuadriculas/G01_bloques_8.xlsx,2026-09-12,21:00,Gonzalo G.,0
cuadriculas/G01_bloques_8.xlsx,2026-09-12,21:00,Martina L.,0
cuadriculas/G01_bloques_8.xlsx,2026-09-12,12:00,Sofía F.,0
cuadriculas/G01_bloques_8.xlsx,2026-09-12,21:00,Bruno L.,0
cuadriculas/G01_bloques_8.xlsx,2026-09-12,12:00,Martina M.,0
cuadriculas/G02_semana_8.xlsx,2026-09-08,09:00,Cristina G.,0
cuadriculas/G02_semana_8.xlsx,2026-09-08,09:00,Paula M.,0
cuadriculas/G02_semana_8.xlsx,2026-09-08,09:00,Hugo F.,0
cuadriculas/G02_semana_8.xlsx,2026-09-09,09:00,Jorge L.,0
cuadriculas/G02_semana_8.xlsx,2026-09-11,09:00,Irene F.,0
cuadriculas/G02_semana_8.xlsx,2026-09-12,09:00,Rubén F.,0
cuadriculas/G02_semana_8.xlsx,2026-09-07,18:00,Raúl F.,0
cuadriculas/G02_semana_8.xlsx,2026-09-07,18:00,Víctor G.,0
cuadriculas/G02_semana_8.xlsx,2026-09-07,18:00,Óscar G.,0
cuadriculas/G02_semana_8.xlsx,2026-09-07,18:00,Nuria M.,0
cuadriculas/G02_semana_8.xlsx,2026-09-10,18:00,Paula F.,0
cuadriculas/G02_semana_8.xlsx,2026-09-11,18:00,Víctor M.,0
cuadriculas/G02_semana_8.xlsx,2026-09-11,18:00,Jorge L.,0
cuadriculas/G02_semana_8.xlsx,2026-09-09,19:00,Noelia M.,0
cuadriculas/G02_semana_8.xlsx,2026-09-09,19:00,Claudia G.,0
cuadriculas/G02_semana_8.xlsx,2026-09-09,19:00,Elena L.,0
cuadriculas/G02_semana_8.xlsx,2026-09-09,19:00,Irene G.,0
cuadriculas/G02_semana_8.xlsx,2026-09-10,19:00,Carla G.,0
cuadriculas/G02_semana_8.xlsx,2026-09-12,19:00,Lucía M.,0
cuadriculas/G02_semana_8.xlsx,2026-09-12,19:00,Adrián L.,0
cuadriculas/G02_semana_8.xlsx,2026-09-12,19:00,Tomás L.,0
cuadriculas/G02_semana_8.xlsx,2026-09-12,19:00,Pablo F.,0
cuadriculas/G02_semana_8.xlsx,2026-09-07,20:00,Raúl G.,0
cuadriculas/G02_semana_8.xlsx,2026-09-07,20:00,Alba G.,0
cuadriculas/G02_semana_8.xlsx,2026-09-07,20:00,Tomás L.,0
cuadriculas/G02_semana_8.xlsx,2026-09-07,20:00,Lucía G.,0
cuadriculas/G02_semana_8.xlsx,2026-09-08,20:00,Nuria F.,0
cuadriculas/G02_semana_8.xlsx,2026-09-09,20:00,Martina F.,0
cuadriculas/G02_semana_8.xlsx,2026-09-10,20:00,Paula L.,0
cuadriculas/G02_semana_8.xlsx,2026-09-10,20:00,Javier F.,0
cuadriculas/G02_semana_8.xlsx,2026-09-10,20:00,Elena L.,0
cuadriculas/G02_semana_8.xlsx,2026-09-11,20:00,Diego M.,0
cuadriculas/G02_semana_8.xlsx,2026-09-11,20:00,Javier G.,0
cuadriculas/G02_semana_8.xlsx,2026-09-11,20:00,Jorge G.,0
cuadriculas/G02_semana_8.xlsx,2026-09-11,20:00,Gonzalo G.,0
cuadriculas/G02_semana_8.xlsx,2026-09-12,20:00,Marcos M.,0
cuadriculas/G02_semana_8.xlsx,2026-09-12,20:00,Íker L.,0
cuadriculas/G02_semana_8.xlsx,2026-09-08,21:00,Íker M.,0
cuadriculas/G02_semana_8.xlsx,2026-09-08,21:00,Inés M.,0
cuadriculas/G02_semana_8.xlsx,2026-09-08,21:00,Martina L.,0
cuadriculas/G02_semana_8.xlsx,2026-09-08,21:00,Iván F.,0
cuadriculas/G02_semana_8.xlsx,2026-09-09,21:00,Beatriz G.,0
cuadriculas/G02_semana_8.xlsx,2026-09-10,21:00,Marta L.,0
cuadriculas/G02_semana_8.xlsx,2026-09-10,21:00,Nuria G.,0
cuadriculas/G02_semana_8.xlsx,2026-09-10,21:00,Hugo L.,0
cuadriculas/G02_semana_8.xlsx,2026-09-10,21:00,Rubén L.,0
cuadriculas/G02_semana_8.xlsx,2026-09-11,21:00,Iván M.,0
cuadriculas/G02_semana_8.xlsx,2026-09-12,21:00,Javier F.,0
cuadriculas/G02_semana_8.xlsx,2026-09-12,21:00,Iván G.,0
cuadriculas/G02_semana_8.xlsx,2026-09-12,21:00,Iván L.,0
cuadriculas/G02_semana_8.xlsx,2026-09-12,21:00,Irene G.,0
cuadriculas/G03_transpuesta_8.xlsx,2026-09-01,18:00,Íker L.,0
cuadriculas/G03_transpuesta_8.xlsx,2026-09-01,20:00,Cristina M.,0
cuadriculas/G03_transpuesta_8.xlsx,2026-09-01,20:00,Gonzalo G.,0
cuadriculas/G03_transpuesta_8.xlsx,2026-09-02,09:30,Nerea G.,0
cuadriculas/G03_transpuesta_8.xlsx,2026-09-02,18:00,Pablo G.,0
cuadriculas/G03_transpuesta_8.xlsx,2026-09-02,18:00,Diego L.,0
cuadriculas/G03_transpuesta_8.xlsx,2026-09-03,18:00,Noelia M.,0
cuadriculas/G03_transpuesta_8.xlsx,2026-09-03,20:00,Nuria F.,0
cuadriculas/G03_transpuesta_8.xlsx,2026-09-03,20:00,Pablo F.,0
cuadriculas/G03_transpuesta_8.xlsx,2026-09-04,18:00,Alba L.,0
cuadriculas/G03_transpuesta_8.xlsx,2026-09-04,20:00,Elena M.,0
cuadriculas/G03_transpuesta_8.xlsx,2026-09-04,20:00,Pablo M.,0
cuadriculas/G03_transpuesta_8.xlsx,2026-09-04,20:00,Rubén G.,0
cuadriculas/G03_transpuesta_8.xlsx,2026-09-05,11:00,Álvaro L.,0
cuadriculas/G03_transpuesta_8.xlsx,2026-09-05,11:00,Iván L.,0
cuadriculas/G03_transpuesta_8.xlsx,2026-09-05,11:00,Pablo L.,0
cuadriculas/G03_transpuesta_8.xlsx,2026-09-05,18:00,Laura F.,0
cuadriculas/G03_transpuesta_8.xlsx,2026-09-05,18:00,Rubén F.,0
cuadriculas/G03_transpuesta_8.xlsx,2026-09-05,18:00,Sergio M.,0
cuadriculas/G03_transpuesta_8.xlsx,2026-09-05,20:00,Rubén L.,0
cuadriculas/G03_transpuesta_8.xlsx,2026-09-06,09:30,Sofía M.,0
cuadriculas/G03_transpuesta_8.xlsx,2026-09-06,09:30,Noelia L.,0
cuadriculas/G03_transpuesta_8.xlsx,2026-09-06,09:30,Noelia G.,0
cuadriculas/G03_transpuesta_8.xlsx,2026-09-06,11:00,Alba G.,0
cuadriculas/G03_transpuesta_8.xlsx,2026-09-06,18:00,Andrea G.,0
cuadriculas/G03_transpuesta_8.xlsx,2026-09-07,09:30,Raquel M.,0
cuadriculas/G03_transpuesta_8.xlsx,2026-09-07,09:30,Óscar L.,0
cuadriculas/G03_transpuesta_8.xlsx,2026-09-07,18:00,Íker G.,0
cuadriculas/G03_transpuesta_8.xlsx,2026-09-07,20:00,Hugo L.,0
cuadriculas/G03_transpuesta_8.xlsx,2026-09-07,20:00,Carla G.,0
cuadriculas/G03_transpuesta_8.xlsx,2026-09-07,20:00,Gonzalo F.,0
cuadriculas/G03_transpuesta_8.xlsx,2026-09-08,11:00,Raquel G.,0
cuadriculas/G03_transpuesta_8.xlsx,2026-09-08,18:00,Beatriz M.,0
cuadriculas/G03_transpuesta_8.xlsx,2026-09-08,18:00,Javier F.,0
cuadriculas/G03_transpuesta_8.xlsx,2026-09-08,20:00,Raúl F.,0
cuadriculas/G03_transpuesta_8.xlsx,2026-09-08,20:00,Claudia F.,0
cuadriculas/G03_transpuesta_8.xlsx,2026-09-08,20:00,Andrea L.,0
cuadriculas/G03_transpuesta_8.xlsx,2026-09-09,09:30,Inés G.,0
cuadriculas/G03_transpuesta_8.xlsx,2026-09-09,09:30,Víctor G.,0
cuadriculas/G03_transpuesta_8.xlsx,2026-09-09,11:00,Tomás G.,0
cuadriculas/G03_transpuesta_8.xlsx,2026-09-09,11:00,Sara G.,0
cuadriculas/G03_transpuesta_8.xlsx,2026-09-09,11:00,Sergio L.,0
cuadriculas/G03_transpuesta_8.xlsx,2026-09-09,18:00,Marta M.,0
cuadriculas/G04_hoja_por_dia_8.xlsx,2026-09-01,19:30,Marcos F.,0
cuadriculas/G04_hoja_por_dia_8.xlsx,2026-09-01,20:30,Diego M.,0
cuadriculas/G04_hoja_por_dia_8.xlsx,2026-09-01,10:00,Rubén M.,0
cuadriculas/G04_hoja_por_dia_8.xlsx,2026-09-01,19:30,Álvaro F.,0
cuadriculas/G04_hoja_por_dia_8.xlsx,2026-09-01,20:30,Laura M.,0
cuadriculas/G04_hoja_por_dia_8.xlsx,2026-09-01,19:30,Sara M.,0
cuadriculas/G04_hoja_por_dia_8.xlsx,2026-09-01,20:30,Adrián G.,0
cuadriculas/G04_hoja_por_dia_8.xlsx,2026-09-01,19:30,Inés F.,0
cuadriculas/G04_hoja_por_dia_8.xlsx,2026-09-01,20:30,Adrián G.,0
cuadriculas/G04_hoja_por_dia_8.xlsx,2026-09-01,10:00,Alba G.,0
cuadriculas/G04_hoja_por_dia_8.xlsx,2026-09-01,19:30,Raquel L.,0
cuadriculas/G04_hoja_por_dia_8.xlsx,2026-09-02,10:00,Noelia G.,0
cuadriculas/G04_hoja_por_dia_8.xlsx,2026-09-02,19:30,Bruno F.,1
cuadriculas/G04_hoja_por_dia_8.xlsx,2026-09-02,10:00,Bruno M.,0
cuadriculas/G04_hoja_por_dia_8.xlsx,2026-09-02,18:30,Hugo L.,0
cuadriculas/G04_hoja_por_dia_8.xlsx,2026-09-02,19:30,Rubén M.,0
cuadriculas/G04_hoja_por_dia_8.xlsx,2026-09-02,10:00,Paula G.,1
cuadriculas/G04_hoja_por_dia_8.xlsx,2026-09-02,19:30,Nerea F.,0
cuadriculas/G04_hoja_por_dia_8.xlsx,2026-09-02,19:30,Rubén F.,0
cuadriculas/G04_hoja_por_dia_8.xlsx,2026-09-02,10:00,Javier M.,0
cuadriculas/G04_hoja_por_dia_8.xlsx,2026-09-02,10:00,Nuria L.,0
cuadriculas/G04_hoja_por_dia_8.xlsx,2026-09-02,19:30,Diego M.,0
cuadriculas/G04_hoja_por_dia_8.xlsx,2026-09-03,10:00,Noelia M.,1
cuadriculas/G04_hoja_por_dia_8.xlsx,2026-09-03,20:30,Claudia M.,0
cuadriculas/G04_hoja_por_dia_8.xlsx,2026-09-03,20:30,Gonzalo L.,0
cuadriculas/G04_hoja_por_dia_8.xlsx,2026-09-03,10:00,Álvaro F.,0
cuadriculas/G04_hoja_por_dia_8.xlsx,2026-09-03,19:30,Diego F.,0
cuadriculas/G04_hoja_por_dia_8.xlsx,2026-09-03,20:30,Beatriz G.,0
cuadriculas/G04_hoja_por_dia_8.xlsx,2026-09-03,10:00,Lucía G.,0
cuadriculas/G04_hoja_por_dia_8.xlsx,2026-09-03,19:30,Martina M.,0
cuadriculas/G04_hoja_por_dia_8.xlsx,2026-09-03,20:30,Álvaro L.,0
cuadriculas/G04_hoja_por_dia_8.xlsx,2026-09-03,10:00,Elena M.,0
cuadriculas/G04_hoja_por_dia_8.xlsx,2026-09-03,20:30,Andrea M.,0
cuadriculas/G04_hoja_por_dia_8.xlsx,2026-09-03,10:00,Nuria G.,0
cuadriculas/G04_hoja_por_dia_8.xlsx,2026-09-03,19:30,Sofía M.,0
cuadriculas/G04_hoja_por_dia_8.xlsx,2026-09-03,20:30,Marta M.,0
cuadriculas/G04_hoja_por_dia_8.xlsx,2026-09-03,10:00,Nerea M.,0
cuadriculas/G04_hoja_por_dia_8.xlsx,2026-09-03,20:30,Sergio F.,0
cuadriculas/G01_bloques_9.xlsx,2026-10-01,09:30,Gonzalo G.,1
cuadriculas/G01_bloques_9.xlsx,2026-10-01,17:15,Iván L.,0
cuadriculas/G01_bloques_9.xlsx,2026-10-01,21:00,Tomás F.,0
cuadriculas/G01_bloques_9.xlsx,2026-10-01,18:30,Noelia M.,0
cuadriculas/G01_bloques_9.xlsx,2026-10-01,21:00,Beatriz L.,0
cuadriculas/G01_bloques_9.xlsx,2026-10-01,18:30,Óscar L.,0
cuadriculas/G01_bloques_9.xlsx,2026-10-01,18:30,Óscar G.,0
cuadriculas/G01_bloques_9.xlsx,2026-10-01,21:00,Paula G.,0
cuadriculas/G01_bloques_9.xlsx,2026-10-01,09:30,Laura L.,0
cuadriculas/G01_bloques_9.xlsx,2026-10-01,21:00,Irene M.,0
cuadriculas/G01_bloques_9.xlsx,2026-10-02,09:30,Gonzalo M.,0
cuadriculas/G01_bloques_9.xlsx,2026-10-02,17:15,Tomás G.,0
cuadriculas/G01_bloques_9.xlsx,2026-10-02,18:30,Carla M.,0
cuadriculas/G01_bloques_9.xlsx,2026-10-02,09:30,Claudia G.,1
cuadriculas/G01_bloques_9.xlsx,2026-10-03,17:15,Claudia F.,0
cuadriculas/G01_bloques_9.xlsx,2026-10-03,09:30,Sofía G.,0
cuadriculas/G01_bloques_9.xlsx,2026-10-05,09:30,Claudia F.,0
cuadriculas/G01_bloques_9.xlsx,2026-10-05,21:00,Pablo M.,0
cuadriculas/G01_bloques_9.xlsx,2026-10-05,09:30,Alba M.,0
cuadriculas/G01_bloques_9.xlsx,2026-10-05,21:00,Marcos L.,0
cuadriculas/G01_bloques_9.xlsx,2026-10-05,18:30,Diego G.,0
cuadriculas/G01_bloques_9.xlsx,2026-10-06,09:30,Tomás L.,0
cuadriculas/G01_bloques_9.xlsx,2026-10-06,18:30,Sergio M.,1
cuadriculas/G01_bloques_9.xlsx,2026-10-06,21:00,Lucía L.,0
cuadriculas/G01_bloques_9.xlsx,2026-10-06,21:00,Carla F.,0
cuadriculas/G01_bloques_9.xlsx,2026-10-06,21:00,Nerea F.,0
cuadriculas/G01_bloques_9.xlsx,2026-10-06,21:00,Diego G.,0
cuadriculas/G01_bloques_9.xlsx,2026-10-07,09:30,Pablo F.,0
cuadriculas/G01_bloques_9.xlsx,2026-10-07,17:15,Mario G.,0
cuadriculas/G01_bloques_9.xlsx,2026-10-07,18:30,Nuria L.,1
cuadriculas/G01_bloques_9.xlsx,2026-10-07,21:00,Paula G.,0
cuadriculas/G01_bloques_9.xlsx,2026-10-07,17:15,Alba G.,0
cuadriculas/G01_bloques_9.xlsx,2026-10-07,21:00,Víctor F.,0
cuadriculas/G01_bloques_9.xlsx,2026-10-08,17:15,Beatriz G.,0
cuadriculas/G01_bloques_9.xlsx,2026-10-08,18:30,Tomás L.,0
cuadriculas/G01_bloques_9.xlsx,2026-10-08,21:00,Raúl M.,0
cuadriculas/G01_bloques_9.xlsx,2026-10-08,09:30,Iván L.,0
cuadriculas/G01_bloques_9.xlsx,2026-10-08,17:15,Daniel L.,1
cuadriculas/G01_bloques_9.xlsx,2026-10-08,18:30,Pablo M.,0
cuadriculas/G01_bloques_9.xlsx,2026-10-08,21:00,Diego G.,0
cuadriculas/G01_bloques_9.xlsx,2026-10-08,17:15,Diego G.,0
cuadriculas/G01_bloques_9.xlsx,2026-10-08,18:30,Sara F.,0
cuadriculas/G01_bloques_9.xlsx,2026-10-08,21:00,Nerea F.,0
cuadriculas/G01_bloques_9.xlsx,2026-10-08,18:30,Óscar G.,0
cuadriculas/G01_bloques_9.xlsx,2026-10-08,21:00,Inés L.,0
cuadriculas/G02_semana_9.xlsx,2026-10-06,09:00,Inés G.,0
cuadriculas/G02_semana_9.xlsx,2026-10-06,09:00,Paula F.,0
cuadriculas/G02_semana_9.xlsx,2026-10-06,09:00,Laura F.,0
cuadriculas/G02_semana_9.xlsx,2026-10-08,09:00,Bruno G.,0
cuadriculas/G02_semana_9.xlsx,2026-10-08,09:00,Andrea M.,0
cuadriculas/G02_semana_9.xlsx,2026-10-08,09:00,Sara G.,0
cuadriculas/G02_semana_9.xlsx,2026-10-08,09:00,Diego L.,0
cuadriculas/G02_semana_9.xlsx,2026-10-09,09:00,Sergio L.,0
cuadriculas/G02_semana_9.xlsx,2026-10-09,09:00,Marta M.,0
cuadriculas/G02_semana_9.xlsx,2026-10-09,09:00,Martina F.,0
cuadriculas/G02_semana_9.xlsx,2026-10-09,09:00,Alba L.,1
cuadriculas/G02_semana_9.xlsx,2026-10-10,09:00,Raúl F.,0
cuadriculas/G02_semana_9.xlsx,2026-10-10,09:00,Cristina G.,0
cuadriculas/G02_semana_9.xlsx,2026-10-10,09:00,Raquel L.,0
cuadriculas/G02_semana_9.xlsx,2026-10-10,09:00,Marta F.,0
cuadriculas/G02_semana_9.xlsx,2026-10-05,10:00,Íker L.,0
cuadriculas/G02_semana_9.xlsx,2026-10-05,10:00,Elena G.,0
cuadriculas/G02_semana_9.xlsx,2026-10-05,10:00,Íker G.,0
cuadriculas/G02_semana_9.xlsx,2026-10-06,10:00,Javier F.,0
cuadriculas/G02_semana_9.xlsx,2026-10-06,10:00,Víctor F.,1
cuadriculas/G02_semana_9.xlsx,2026-10-07,10:00,Diego M.,0
cuadriculas/G02_semana_9.xlsx,2026-10-08,10:00,Íker F.,0
cuadriculas/G02_semana_9.xlsx,2026-10-09,10:00,Tomás M.,0
cuadriculas/G02_semana_9.xlsx,2026-10-09,10:00,Carla M.,0
cuadriculas/G02_semana_9.xlsx,2026-10-09,10:00,Claudia G.,0
cuadriculas/G02_semana_9.xlsx,2026-10-09,10:00,Jorge L.,0
cuadriculas/G02_semana_9.xlsx,2026-10-10,10:00,Iván F.,0
cuadriculas/G02_semana_9.xlsx,2026-10-10,10:00,Iván L.,0
cuadriculas/G02_semana_9.xlsx,2026-10-10,10:00,Daniel M.,0
cuadriculas/G02_semana_9.xlsx,2026-10-10,10:00,Íker G.,0
cuadriculas/G02_semana_9.xlsx,2026-10-05,17:00,Marta M.,0
cuadriculas/G02_semana_9.xlsx,2026-10-05,17:00,Víctor M.,1
cuadriculas/G02_semana_9.xlsx,2026-10-05,17:00,Hugo F.,0
cuadriculas/G02_semana_9.xlsx,2026-10-06,17:00,Noelia M.,0
cuadriculas/G02_semana_9.xlsx,2026-10-06,17:00,Cristina G.,0
cuadriculas/G02_semana_9.xlsx,2026-10-07,17:00,Raquel F.,0
cuadriculas/G02_semana_9.xlsx,2026-10-08,17:00,Laura G.,0
cuadriculas/G02_semana_9.xlsx,2026-10-08,17:00,Nuria F.,0
cuadriculas/G02_semana_9.xlsx,2026-10-09,17:00,Hugo M.,0
cuadriculas/G02_semana_9.xlsx,2026-10-09,17:00,Claudia M.,0
cuadriculas/G02_semana_9.xlsx,2026-10-09,17:00,Martina M.,0
cuadriculas/G02_semana_9.xlsx,2026-10-09,17:00,Mario M.,0
cuadriculas/G02_semana_9.xlsx,2026-10-10,17:00,Andrea M.,0
cuadriculas/G02_semana_9.xlsx,2026-10-10,17:00,Noelia F.,0
cuadriculas/G02_semana_9.xlsx,2026-10-10,17:00,Lucía G.,0
cuadriculas/G02_semana_9.xlsx,2026-10-10,17:00,Cristina G.,0
cuadriculas/G02_semana_9.xlsx,2026-10-05,18:00,Inés L.,0
cuadriculas/G02_semana_9.xlsx,2026-10-05,18:00,Diego L.,0
cuadriculas/G02_semana_9.xlsx,2026-10-05,18:00,Sara F.,0
cuadriculas/G02_semana_9.xlsx,2026-10-05,18:00,Nuria L.,0
cuadriculas/G02_semana_9.xlsx,2026-10-06,18:00,Sara M.,0
cuadriculas/G02_semana_9.xlsx,2026-10-06,18:00,Diego G.,0
cuadriculas/G02_semana_9.xlsx,2026-10-06,18:00,Rubén M.,1
cuadriculas/G02_semana_9.xlsx,2026-10-07,18:00,Inés M.,0
cuadriculas/G02_semana_9.xlsx,2026-10-07,18:00,Andrea M.,0
cuadriculas/G02_semana_9.xlsx,2026-10-08,18:00,Beatriz M.,0
cuadriculas/G02_semana_9.xlsx,2026-10-09,18:00,Irene L.,0
cuadriculas/G02_semana_9.xlsx,2026-10-09,18:00,Tomás M.,0
cuadriculas/G02_semana_9.xlsx,2026-10-10,18:00,Víctor F.,0
cuadriculas/G02_semana_9.xlsx,2026-10-10,18:00,Marcos M.,0
cuadriculas/G02_semana_9.xlsx,2026-10-10,18:00,Alba F.,0
cuadriculas/G02_semana_9.xlsx,2026-10-10,18:00,Nuria L.,0
cuadriculas/G02_semana_9.xlsx,2026-10-05,20:00,Hugo G.,0
cuadriculas/G02_semana_9.xlsx,2026-10-05,20:00,Nuria L.,0
cuadriculas/G02_semana_9.xlsx,2026-10-06,20:00,Tomás M.,0
cuadriculas/G02_semana_9.xlsx,2026-10-06,20:00,Inés G.,0
cuadriculas/G02_semana_9.xlsx,2026-10-06,20:00,Jorge L.,0
cuadriculas/G02_semana_9.xlsx,2026-10-07,20:00,Bruno L.,0
cuadriculas/G02_semana_9.xlsx,2026-10-08,20:00,Daniel F.,1
cuadriculas/G02_semana_9.xlsx,2026-10-08,20:00,Nerea F.,0
cuadriculas/G02_semana_9.xlsx,2026-10-08,20:00,Laura G.,1
cuadriculas/G02_semana_9.xlsx,2026-10-09,20:00,Mario F.,0
cuadriculas/G02_semana_9.xlsx,2026-10-09,20:00,Marta F.,0
cuadriculas/G02_semana_9.xlsx,2026-10-09,20:00,Inés G.,0
cuadriculas/G02_semana_9.xlsx,2026-10-10,20:00,Hugo L.,0
cuadriculas/G02_semana_9.xlsx,2026-10-10,20:00,Marcos M.,0
cuadriculas/G02_semana_9.xlsx,2026-10-10,20:00,Laura F.,0
cuadriculas/G03_transpuesta_9.xlsx,2026-10-01,09:30,Daniel G.,0
cuadriculas/G03_transpuesta_9.xlsx,2026-10-01,09:30,Sara G.,0
cuadriculas/G03_transpuesta_9.xlsx,2026-10-01,18:00,Víctor M.,0
cuadriculas/G03_transpuesta_9.xlsx,2026-10-01,18:00,Marcos G.,0
cuadriculas/G03_transpuesta_9.xlsx,2026-10-01,18:00,Hugo M.,0
cuadriculas/G03_transpuesta_9.xlsx,2026-10-02,09:30,Álvaro F.,0
cuadriculas/G03_transpuesta_9.xlsx,2026-10-02,09:30,Carla F.,0
cuadriculas/G03_transpuesta_9.xlsx,2026-10-02,18:00,Lucía M.,0
cuadriculas/G03_transpuesta_9.xlsx,2026-10-02,18:00,Víctor M.,0
cuadriculas/G03_transpuesta_9.xlsx,2026-10-02,18:00,Raúl F.,0
cuadriculas/G03_transpuesta_9.xlsx,2026-10-02,20:00,Víctor M.,0
cuadriculas/G03_transpuesta_9.xlsx,2026-10-02,20:00,Inés F.,0
cuadriculas/G03_transpuesta_9.xlsx,2026-10-02,20:00,Tomás L.,0
cuadriculas/G03_transpuesta_9.xlsx,2026-10-03,09:30,Elena G.,0
cuadriculas/G03_transpuesta_9.xlsx,2026-10-03,09:30,Rubén G.,0
cuadriculas/G03_transpuesta_9.xlsx,2026-10-03,09:30,Álvaro F.,0
cuadriculas/G03_transpuesta_9.xlsx,2026-10-03,18:00,Víctor G.,0
cuadriculas/G03_transpuesta_9.xlsx,2026-10-03,18:00,Laura L.,0
cuadriculas/G03_transpuesta_9.xlsx,2026-10-03,18:00,Cristina G.,0
cuadriculas/G03_transpuesta_9.xlsx,2026-10-03,19:00,Laura M.,0
cuadriculas/G03_transpuesta_9.xlsx,2026-10-03,20:00,Nuria M.,0
cuadriculas/G03_transpuesta_9.xlsx,2026-10-04,09:30,Víctor L.,0
cuadriculas/G03_transpuesta_9.xlsx,2026-10-04,09:30,Nerea L.,0
cuadriculas/G03_transpuesta_9.xlsx,2026-10-04,19:00,Tomás G.,0
cuadriculas/G03_transpuesta_9.xlsx,2026-10-04,19:00,Noelia F.,0
cuadriculas/G03_transpuesta_9.xlsx,2026-10-04,19:00,Paula F.,0
cuadriculas/G03_transpuesta_9.xlsx,2026-10-05,09:30,Paula F.,0
cuadriculas/G03_transpuesta_9.xlsx,2026-10-05,09:30,Marta G.,0
cuadriculas/G03_transpuesta_9.xlsx,2026-10-05,18:00,Inés G.,0
cuadriculas/G03_transpuesta_9.xlsx,2026-10-05,18:00,Marcos M.,0
cuadriculas/G03_transpuesta_9.xlsx,2026-10-05,18:00,Daniel L.,0
cuadriculas/G03_transpuesta_9.xlsx,2026-10-05,19:00,Rubén G.,0
cuadriculas/G03_transpuesta_9.xlsx,2026-10-05,20:00,Carla F.,0
cuadriculas/G03_transpuesta_9.xlsx,2026-10-05,20:00,Jorge F.,0
cuadriculas/G03_transpuesta_9.xlsx,2026-10-05,20:00,Carla L.,0
cuadriculas/G04_hoja_por_dia_9.xlsx,2026-10-01,18:30,Diego G.,0
cuadriculas/G04_hoja_por_dia_9.xlsx,2026-10-01,18:30,Rubén G.,0
cuadriculas/G04_hoja_por_dia_9.xlsx,2026-10-01,19:30,Andrea L.,0
cuadriculas/G04_hoja_por_dia_9.xlsx,2026-10-01,20:30,Sofía G.,1
cuadriculas/G04_hoja_por_dia_9.xlsx,2026-10-01,18:30,Inés M.,0
cuadriculas/G04_hoja_por_dia_9.xlsx,2026-10-01,20:30,Javier G.,0
cuadriculas/G04_hoja_por_dia_9.xlsx,2026-10-02,10:00,Cristina G.,0
cuadriculas/G04_hoja_por_dia_9.xlsx,2026-10-02,18:30,Óscar F.,0
cuadriculas/G04_hoja_por_dia_9.xlsx,2026-10-02,10:00,Diego F.,0
cuadriculas/G04_hoja_por_dia_9.xlsx,2026-10-02,20:30,Hugo G.,0
cuadriculas/G04_hoja_por_dia_9.xlsx,2026-10-02,10:00,Víctor L.,1
cuadriculas/G04_hoja_por_dia_9.xlsx,2026-10-02,18:30,Iván F.,0
cuadriculas/G04_hoja_por_dia_9.xlsx,2026-10-02,10:00,Iván G.,0
cuadriculas/G04_hoja_por_dia_9.xlsx,2026-10-02,18:30,Beatriz M.,0
cuadriculas/G04_hoja_por_dia_9.xlsx,2026-10-02,20:30,Íker M.,0
cuadriculas/G04_hoja_por_dia_9.xlsx,2026-10-02,10:00,Raquel G.,0
cuadriculas/G04_hoja_por_dia_9.xlsx,2026-10-02,18:30,Carla M.,0
cuadriculas/G04_hoja_por_dia_9.xlsx,2026-10-02,20:30,Nuria F.,0
cuadriculas/G04_hoja_por_dia_9.xlsx,2026-10-03,10:00,Adrián M.,0
cuadriculas/G04_hoja_por_dia_9.xlsx,2026-10-03,18:30,Javier F.,0
cuadriculas/G04_hoja_por_dia_9.xlsx,2026-10-03,10:00,Sara L.,0
cuadriculas/G04_hoja_por_dia_9.xlsx,2026-10-03,18:30,Hugo M.,0
cuadriculas/G04_hoja_por_dia_9.xlsx,2026-10-03,19:30,Óscar M.,1
cuadriculas/G04_hoja_por_dia_9.xlsx,2026-10-03,10:00,Diego L.,0
cuadriculas/G04_hoja_por_dia_9.xlsx,2026-10-03,18:30,Lucía G.,0
cuadriculas/G04_hoja_por_dia_9.xlsx,2026-10-03,19:30,Óscar M.,0
cuadriculas/G04_hoja_por_dia_9.xlsx,2026-10-03,10:00,Adrián F.,0
cuadriculas/G04_hoja_por_dia_9.xlsx,2026-10-03,18:30,Raúl F.,0
cuadriculas/G04_hoja_por_dia_9.xlsx,2026-10-03,19:30,Rubén G.,0
cuadriculas/G04_hoja_por_dia_9.xlsx,2026-10-03,18:30,Martina L.,0
cuadriculas/G04_hoja_por_dia_9.xlsx,2026-10-03,19:30,Adrián M.,0
cuadriculas/G04_hoja_por_dia_9.xlsx,2026-10-03,10:00,Pablo F.,0
cuadriculas/G04_hoja_por_dia_9.xlsx,2026-10-03,10:00,Adrián G.,0
cuadriculas/G04_hoja_por_dia_9.xlsx,2026-10-03,18:30,Nerea G.,0
cuadriculas/G04_hoja_por_dia_9.xlsx,2026-10-03,19:30,Sara L.,0
cuadriculas/G04_hoja_por_dia_9.xlsx,2026-10-04,18:30,Óscar L.,0
cuadriculas/G04_hoja_por_dia_9.xlsx,2026-10-04,20:30,Inés F.,0
cuadriculas/G04_hoja_por_dia_9.xlsx,2026-10-04,18:30,Laura G.,1
cuadriculas/G04_hoja_por_dia_9.xlsx,2026-10-04,20:30,Nuria L.,0
cuadriculas/G04_hoja_por_dia_9.xlsx,2026-10-04,10:00,Nuria M.,0
cuadriculas/G04_hoja_por_dia_9.xlsx,2026-10-04,20:30,Íker L.,0
cuadriculas/G04_hoja_por_dia_9.xlsx,2026-10-04,10:00,Iván L.,0
cuadriculas/G04_hoja_por_dia_9.xlsx,2026-10-04,18:30,Marta G.,0
cuadriculas/G04_hoja_por_dia_9.xlsx,2026-10-04,20:30,Andrea F.,0
cuadriculas/G04_hoja_por_dia_9.xlsx,2026-10-04,18:30,Bruno G.,0
cuadriculas/G04_hoja_por_dia_9.xlsx,2026-10-04,20:30,Álvaro M.,0
cuadriculas/G04_hoja_por_dia_9.xlsx,2026-10-04,18:30,Nuria G.,0
cuadriculas/G04_hoja_por_dia_9.xlsx,2026-10-04,18:30,Íker M.,0
cuadriculas/G04_hoja_por_dia_9.xlsx,2026-10-04,20:30,Paula G.,0
cuadriculas/G04_hoja_por_dia_9.xlsx,2026-10-05,18:30,Álvaro G.,0
cuadriculas/G04_hoja_por_dia_9.xlsx,2026-10-05,10:00,Noelia G.,0
cuadriculas/G04_hoja_por_dia_9.xlsx,2026-10-05,18:30,Sofía L.,0
cuadriculas/G01_bloques_10.xlsx,2026-09-01,09:30,Víctor G.,0
cuadriculas/G01_bloques_10.xlsx,2026-09-01,12:00,Sara G.,0
cuadriculas/G01_bloques_10.xlsx,2026-09-02,10:45,Marta L.,0
cuadriculas/G01_bloques_10.xlsx,2026-09-02,18:30,Óscar F.,0
cuadriculas/G01_bloques_10.xlsx,2026-09-02,09:30,Sara M.,0
cuadriculas/G01_bloques_10.xlsx,2026-09-02,18:30,Álvaro F.,0
cuadriculas/G01_bloques_10.xlsx,2026-09-03,09:30,Iván F.,0
cuadriculas/G01_bloques_10.xlsx,2026-09-03,10:45,Andrea M.,0
cuadriculas/G01_bloques_10.xlsx,2026-09-03,12:00,Iván M.,0
cuadriculas/G01_bloques_10.xlsx,2026-09-03,18:30,Irene M.,0
cuadriculas/G01_bloques_10.xlsx,2026-09-03,10:45,Elena G.,0
cuadriculas/G01_bloques_10.xlsx,2026-09-03,12:00,Marta M.,0
cuadriculas/G01_bloques_10.xlsx,2026-09-04,10:45,Nerea F.,0
cuadriculas/G01_bloques_10.xlsx,2026-09-04,18:30,Hugo G.,0
cuadriculas/G01_bloques_10.xlsx,2026-09-04,09:30,Pablo F.,0
cuadriculas/G01_bloques_10.xlsx,2026-09-04,12:00,Íker L.,0
cuadriculas/G01_bloques_10.xlsx,2026-09-04,18:30,Jorge M.,1
cuadriculas/G01_bloques_10.xlsx,2026-09-04,10:45,Marta G.,0
cuadriculas/G01_bloques_10.xlsx,2026-09-04,18:30,Iván G.,0
cuadriculas/G01_bloques_10.xlsx,2026-09-04,10:45,Marta M.,0
cuadriculas/G01_bloques_10.xlsx,2026-09-04,12:00,Cristina L.,0
cuadriculas/G01_bloques_10.xlsx,2026-09-05,09:30,Marcos G.,0
cuadriculas/G01_bloques_10.xlsx,2026-09-05,18:30,Noelia L.,0
cuadriculas/G01_bloques_10.xlsx,2026-09-05,18:30,Álvaro F.,1
cuadriculas/G01_bloques_10.xlsx,2026-09-05,12:00,Noelia G.,0
cuadriculas/G01_bloques_10.xlsx,2026-09-05,18:30,Raquel L.,0
cuadriculas/G01_bloques_10.xlsx,2026-09-07,09:30,Pablo G.,0
cuadriculas/G01_bloques_10.xlsx,2026-09-07,09:30,Claudia F.,0
cuadriculas/G01_bloques_10.xlsx,2026-09-07,10:45,Laura M.,0
cuadriculas/G01_bloques_10.xlsx,2026-09-07,12:00,Marta M.,0
cuadriculas/G01_bloques_10.xlsx,2026-09-07,09:30,Rubén L.,0
cuadriculas/G01_bloques_10.xlsx,2026-09-07,09:30,Diego L.,0
cuadriculas/G01_bloques_10.xlsx,2026-09-07,10:45,Nuria F.,0
cuadriculas/G01_bloques_10.xlsx,2026-09-07,18:30,Raquel F.,0
cuadriculas/G01_bloques_10.xlsx,2026-09-07,10:45,Marcos L.,0
cuadriculas/G01_bloques_10.xlsx,2026-09-07,12:00,Elena F.,0
cuadriculas/G01_bloques_10.xlsx,2026-09-07,18:30,Laura L.,0
cuadriculas/G01_bloques_10.xlsx,2026-09-08,09:30,Álvaro F.,0
cuadriculas/G01_bloques_10.xlsx,2026-09-08,12:00,Claudia F.,0
cuadriculas/G01_bloques_10.xlsx,2026-09-08,18:30,Nerea F.,0
cuadriculas/G01_bloques_10.xlsx,2026-09-08,09:30,Raúl F.,0
cuadriculas/G01_bloques_10.xlsx,2026-09-08,10:45,Nerea G.,0
cuadriculas/G01_bloques_10.xlsx,2026-09-08,09:30,Rubén L.,0
cuadriculas/G01_bloques_10.xlsx,2026-09-08,12:00,Tomás F.,0
cuadriculas/G01_bloques_10.xlsx,2026-09-08,18:30,Mario L.,1
cuadriculas/G01_bloques_10.xlsx,2026-09-08,09:30,Hugo F.,0
cuadriculas/G02_semana_10.xlsx,2026-09-07,09:00,Noelia F.,0
cuadriculas/G02_semana_10.xlsx,2026-09-07,09:00,Alba M.,0
cuadriculas/G02_semana_10.xlsx,2026-09-07,09:00,Javier L.,0
cuadriculas/G02_semana_10.xlsx,2026-09-07,09:00,Pablo L.,1
cuadriculas/G02_semana_10.xlsx,2026-09-08,09:00,Íker G.,1
cuadriculas/G02_semana_10.xlsx,2026-09-08,09:00,Adrián F.,0
cuadriculas/G02_semana_10.xlsx,2026-09-08,09:00,Rubén M.,0
cuadriculas/G02_semana_10.xlsx,2026-09-08,09:00,Daniel G.,0
cuadriculas/G02_semana_10.xlsx,2026-09-10,09:00,Carla M.,0
cuadriculas/G02_semana_10.xlsx,2026-09-10,09:00,Bruno L.,1
cuadriculas/G02_semana_10.xlsx,2026-09-10,09:00,Raúl F.,0
cuadriculas/G02_semana_10.xlsx,2026-09-10,09:00,Andrea F.,1
cuadriculas/G02_semana_10.xlsx,2026-09-11,09:00,Óscar L.,0
cuadriculas/G02_semana_10.xlsx,2026-09-11,09:00,Andrea G.,0
cuadriculas/G02_semana_10.xlsx,2026-09-11,09:00,Rubén F.,1
cuadriculas/G02_semana_10.xlsx,2026-09-07,10:00,Tomás G.,0
cuadriculas/G02_semana_10.xlsx,2026-09-07,10:00,Adrián G.,0
cuadriculas/G02_semana_10.xlsx,2026-09-08,10:00,Pablo G.,0
cuadriculas/G02_semana_10.xlsx,2026-09-08,10:00,Paula F.,0
cuadriculas/G02_semana_10.xlsx,2026-09-08,10:00,Laura L.,0
cuadriculas/G02_semana_10.xlsx,2026-09-09,10:00,Cristina M.,1
cuadriculas/G02_semana_10.xlsx,2026-09-09,10:00,Jorge F.,0
cuadriculas/G02_semana_10.xlsx,2026-09-09,10:00,Adrián F.,0
cuadriculas/G02_semana_10.xlsx,2026-09-10,10:00,Nuria F.,0
cuadriculas/G02_semana_10.xlsx,2026-09-10,10:00,Jorge F.,0
cuadriculas/G02_semana_10.xlsx,2026-09-10,10:00,Tomás G.,0
cuadriculas/G02_semana_10.xlsx,2026-09-11,10:00,Daniel F.,0
cuadriculas/G02_semana_10.xlsx,2026-09-07,17:00,Hugo M.,0
cuadriculas/G02_semana_10.xlsx,2026-09-07,17:00,Irene G.,0
cuadriculas/G02_semana_10.xlsx,2026-09-09,17:00,Nerea F.,0
cuadriculas/G02_semana_10.xlsx,2026-09-09,17:00,Laura G.,0
cuadriculas/G02_semana_10.xlsx,2026-09-11,17:00,Laura G.,0
cuadriculas/G02_semana_10.xlsx,2026-09-07,19:00,Marcos G.,0
cuadriculas/G02_semana_10.xlsx,2026-09-08,19:00,Diego F.,0
cuadriculas/G02_semana_10.xlsx,2026-09-08,19:00,Raúl L.,0
cuadriculas/G02_semana_10.xlsx,2026-09-09,19:00,Raquel G.,0
cuadriculas/G02_semana_10.xlsx,2026-09-10,19:00,Laura F.,0
cuadriculas/G02_semana_10.xlsx,2026-09-11,19:00,Adrián F.,0
cuadriculas/G02_semana_10.xlsx,2026-09-07,21:00,Sofía G.,0
cuadriculas/G02_semana_10.xlsx,2026-09-07,21:00,Mario G.,0
cuadriculas/G02_semana_10.xlsx,2026-09-08,21:00,Lucía F.,0
cuadriculas/G02_semana_10.xlsx,2026-09-08,21:00,Nuria L.,0
cuadriculas/G02_semana_10.xlsx,2026-09-10,21:00,Hugo M.,0
cuadriculas/G02_semana_10.xlsx,2026-09-10,21:00,Marta G.,0
cuadriculas/G02_semana_10.xlsx,2026-09-11,21:00,Álvaro L.,0
cuadriculas/G02_semana_10.xlsx,2026-09-11,21:00,Iván M.,0
cuadriculas/G02_semana_10.xlsx,2026-09-11,21:00,Raquel G.,0
cuadriculas/G02_semana_10.xlsx,2026-09-11,21:00,Óscar M.,0
cuadriculas/G03_transpuesta_10.xlsx,2026-09-01,11:00,Inés G.,0
cuadriculas/G03_transpuesta_10.xlsx,2026-09-01,11:00,Adrián G.,0
cuadriculas/G03_transpuesta_10.xlsx,2026-09-01,18:00,Nerea G.,0
cuadriculas/G03_transpuesta_10.xlsx,2026-09-01,18:00,Andrea L.,0
cuadriculas/G03_transpuesta_10.xlsx,2026-09-01,20:00,Pablo L.,0
cuadriculas/G03_transpuesta_10.xlsx,2026-09-01,20:00,Sara L.,0
cuadriculas/G03_transpuesta_10.xlsx,2026-09-02,09:30,Óscar G.,0
cuadriculas/G03_transpuesta_10.xlsx,2026-09-02,09:30,Daniel M.,0
cuadriculas/G03_transpuesta_10.xlsx,2026-09-02,11:00,Daniel G.,0
cuadriculas/G03_transpuesta_10.xlsx,2026-09-02,11:00,Claudia F.,0
cuadriculas/G03_transpuesta_10.xlsx,2026-09-02,20:00,Raúl L.,0
cuadriculas/G03_transpuesta_10.xlsx,2026-09-02,20:00,Rubén F.,0
cuadriculas/G03_transpuesta_10.xlsx,2026-09-03,09:30,Lucía F.,0
cuadriculas/G03_transpuesta_10.xlsx,2026-09-03,09:30,Noelia L.,0
cuadriculas/G03_transpuesta_10.xlsx,2026-09-03,09:30,Álvaro M.,0
cuadriculas/G03_transpuesta_10.xlsx,2026-09-03,11:00,Raúl L.,0
cuadriculas/G03_transpuesta_10.xlsx,2026-09-04,09:30,Nerea L.,0
cuadriculas/G03_transpuesta_10.xlsx,2026-09-04,18:00,Claudia G.,0
cuadriculas/G03_transpuesta_10.xlsx,2026-09-04,18:00,Gonzalo L.,0
cuadriculas/G03_transpuesta_10.xlsx,2026-09-04,20:00,Marcos M.,0
cuadriculas/G03_transpuesta_10.xlsx,2026-09-04,20:00,Alba M.,0
cuadriculas/G03_transpuesta_10.xlsx,2026-09-04,20:00,Inés M.,0
cuadriculas/G03_transpuesta_10.xlsx,2026-09-05,09:30,Iván L.,0
cuadriculas/G03_transpuesta_10.xlsx,2026-09-05,09:30,Daniel M.,0
cuadriculas/G03_transpuesta_10.xlsx,2026-09-05,11:00,Carla M.,0
cuadriculas/G03_transpuesta_10.xlsx,2026-09-05,20:00,Rubén F.,0
cuadriculas/G03_transpuesta_10.xlsx,2026-09-05,20:00,Rubén L.,0
cuadriculas/G03_transpuesta_10.xlsx,2026-09-06,09:30,Laura F.,0
cuadriculas/G03_transpuesta_10.xlsx,2026-09-06,09:30,Jorge G.,0
cuadriculas/G03_transpuesta_10.xlsx,2026-09-06,11:00,Jorge L.,0
cuadriculas/G03_transpuesta_10.xlsx,2026-09-06,11:00,Cristina F.,0
cuadriculas/G03_transpuesta_10.xlsx,2026-09-06,11:00,Nuria G.,0
cuadriculas/G03_transpuesta_10.xlsx,2026-09-06,18:00,Adrián L.,0
cuadriculas/G03_transpuesta_10.xlsx,2026-09-06,18:00,Nuria G.,0
cuadriculas/G03_transpuesta_10.xlsx,2026-09-06,20:00,Mario M.,0
cuadriculas/G03_transpuesta_10.xlsx,2026-09-06,20:00,Noelia F.,0
cuadriculas/G03_transpuesta_10.xlsx,2026-09-07,11:00,Marcos G.,0
cuadriculas/G03_transpuesta_10.xlsx,2026-09-07,11:00,Hugo F.,0
cuadriculas/G03_transpuesta_10.xlsx,2026-09-07,18:00,Nerea M.,0
cuadriculas/G03_transpuesta_10.xlsx,2026-09-07,18:00,Tomás F.,0
cuadriculas/G04_hoja_por_dia_10.xlsx,2026-09-01,19:30,Alba F.,1
cuadriculas/G04_hoja_por_dia_10.xlsx,2026-09-01,20:30,Víctor F.,0
cuadriculas/G04_hoja_por_dia_10.xlsx,2026-09-01,18:30,Víctor G.,0
cuadriculas/G04_hoja_por_dia_10.xlsx,2026-09-01,19:30,Noelia M.,0
cuadriculas/G04_hoja_por_dia_10.xlsx,2026-09-01,20:30,Sergio G.,0
cuadriculas/G04_hoja_por_dia_10.xlsx,2026-09-01,18:30,Inés G.,0
cuadriculas/G04_hoja_por_dia_10.xlsx,2026-09-01,19:30,Noelia F.,0
cuadriculas/G04_hoja_por_dia_10.xlsx,2026-09-01,20:30,Claudia M.,0
cuadriculas/G04_hoja_por_dia_10.xlsx,2026-09-01,18:30,Alba M.,0
cuadriculas/G04_hoja_por_dia_10.xlsx,2026-09-01,20:30,Tomás M.,0
cuadriculas/G04_hoja_por_dia_10.xlsx,2026-09-01,18:30,Víctor M.,0
cuadriculas/G04_hoja_por_dia_10.xlsx,2026-09-01,20:30,Elena F.,1
cuadriculas/G04_hoja_por_dia_10.xlsx,2026-09-01,18:30,Sara M.,0
cuadriculas/G04_hoja_por_dia_10.xlsx,2026-09-01,20:30,Alba G.,0
cuadriculas/G04_hoja_por_dia_10.xlsx,2026-09-01,18:30,Marcos F.,0
cuadriculas/G04_hoja_por_dia_10.xlsx,2026-09-01,19:30,Javier G.,0
cuadriculas/G04_hoja_por_dia_10.xlsx,2026-09-02,18:30,Hugo F.,0
cuadriculas/G04_hoja_por_dia_10.xlsx,2026-09-02,20:30,Sara L.,1
cuadriculas/G04_hoja_por_dia_10.xlsx,2026-09-02,18:30,Daniel G.,0
cuadriculas/G04_hoja_por_dia_10.xlsx,2026-09-02,19:30,Íker F.,0
cuadriculas/G04_hoja_por_dia_10.xlsx,2026-09-02,19:30,Lucía L.,0
cuadriculas/G04_hoja_por_dia_10.xlsx,2026-09-02,20:30,Marta M.,0
cuadriculas/G04_hoja_por_dia_10.xlsx,2026-09-02,19:30,Irene L.,0
cuadriculas/G04_hoja_por_dia_10.xlsx,2026-09-02,20:30,Íker M.,1
cuadriculas/G04_hoja_por_dia_10.xlsx,2026-09-02,19:30,Diego F.,0
cuadriculas/G04_hoja_por_dia_10.xlsx,2026-09-02,18:30,Adrián G.,0
cuadriculas/G04_hoja_por_dia_10.xlsx,2026-09-02,18:30,Elena M.,0
cuadriculas/G04_hoja_por_dia_10.xlsx,2026-09-02,19:30,Pablo L.,0
cuadriculas/G04_hoja_por_dia_10.xlsx,2026-09-03,10:00,Alba L.,0
cuadriculas/G04_hoja_por_dia_10.xlsx,2026-09-03,10:00,Laura F.,0
cuadriculas/G04_hoja_por_dia_10.xlsx,2026-09-03,20:30,Bruno F.,0
cuadriculas/G04_hoja_por_dia_10.xlsx,2026-09-03,10:00,Hugo L.,0
cuadriculas/G04_hoja_por_dia_10.xlsx,2026-09-03,20:30,Alba G.,0
cuadriculas/G04_hoja_por_dia_10.xlsx,2026-09-03,10:00,Marcos L.,0
cuadriculas/G04_hoja_por_dia_10.xlsx,2026-09-03,10:00,Irene M.,0
cuadriculas/G04_hoja_por_dia_10.xlsx,2026-09-03,19:30,Álvaro L.,0
cuadriculas/G04_hoja_por_dia_10.xlsx,2026-09-03,20:30,Claudia F.,0
cuadriculas/G04_hoja_por_dia_10.xlsx,2026-09-03,20:30,Laura F.,0
cuadriculas/G04_hoja_por_dia_10.xlsx,2026-09-03,20:30,Martina L.,0
cuadriculas/G04_hoja_por_dia_10.xlsx,2026-09-04,18:30,Andrea M.,0
cuadriculas/G04_hoja_por_dia_10.xlsx,2026-09-04,20:30,Sara G.,0
cuadriculas/G04_hoja_por_dia_10.xlsx,2026-09-04,19:30,Martina G.,0
cuadriculas/G04_hoja_por_dia_10.xlsx,2026-09-04,20:30,Álvaro F.,0
cuadriculas/G04_hoja_por_dia_10.xlsx,2026-09-04,18:30,Bruno F.,1
cuadriculas/G04_hoja_por_dia_10.xlsx,2026-09-04,19:30,Sara M.,1
cuadriculas/G04_hoja_por_dia_10.xlsx,2026-09-04,20:30,Beatriz G.,0
cuadriculas/G04_hoja_por_dia_10.xlsx,2026-09-04,18:30,Óscar F.,0
cuadriculas/G04_hoja_por_dia_10.xlsx,2026-09-04,20:30,Iván L.,0
cuadriculas/G04_hoja_por_dia_10.xlsx,2026-09-04,18:30,Beatriz M.,0
cuadriculas/G04_hoja_por_dia_10.xlsx,2026-09-04,20:30,Paula F.,0
cuadriculas/G04_hoja_por_dia_10.xlsx,2026-09-04,20:30,Nuria L.,0
cuadriculas/G04_hoja_por_dia_10.xlsx,2026-09-04,20:30,Rubén M.,0
cuadriculas/G04_hoja_por_dia_10.xlsx,2026-09-05,10:00,Hugo M.,0
cuadriculas/G04_hoja_por_dia_10.xlsx,2026-09-05,10:00,Tomás M.,0
cuadriculas/G04_hoja_por_dia_10.xlsx,2026-09-05,18:30,Tomás F.,0
cuadriculas/G04_hoja_por_dia_10.xlsx,2026-09-05,10:00,Iván F.,0
cuadriculas/G04_hoja_por_dia_10.xlsx,2026-09-05,18:30,Gonzalo G.,0
cuadriculas/G04_hoja_por_dia_10.xlsx,2026-09-05,20:30,Óscar G.,0
cuadriculas/G04_hoja_por_dia_10.xlsx,2026-09-05,10:00,Tomás L.,0
cuadriculas/G04_hoja_por_dia_10.xlsx,2026-09-05,18:30,Víctor F.,0
cuadriculas/G04_hoja_por_dia_10.xlsx,2026-09-05,20:30,Sergio G.,0
cuadriculas/G04_hoja_por_dia_10.xlsx,2026-09-06,18:30,Irene L.,0
cuadriculas/G04_hoja_por_dia_10.xlsx,2026-09-06,20:30,Alba G.,0
cuadriculas/G04_hoja_por_dia_10.xlsx,2026-09-06,19:30,Mario F.,0
cuadriculas/G04_hoja_por_dia_10.xlsx,2026-09-06,20:30,Bruno G.,0
cuadriculas/G04_hoja_por_dia_10.xlsx,2026-09-06,20:30,Inés G.,0
cuadriculas/G04_hoja_por_dia_10.xlsx,2026-09-06,19:30,Raquel F.,0
cuadriculas/G04_hoja_por_dia_10.xlsx,2026-09-06,18:30,Nerea M.,0
cuadriculas/G04_hoja_por_dia_10.xlsx,2026-09-06,19:30,Inés L.,0
cuadriculas/G04_hoja_por_dia_10.xlsx,2026-09-06,20:30,Raquel F.,0
cuadriculas/G04_hoja_por_dia_10.xlsx,2026-09-06,18:30,Javier L.,0
cuadriculas/G04_hoja_por_dia_10.xlsx,2026-09-06,19:30,Diego M.,0
