archivo,nombre_completo,telefono,email,fecha_alta,cuota,pagado_mes,estado
listas/L01_socios_limpio_1.xlsx,Sara Alonso Alonso,639986987,sara.alonso76@outlook.es,2026-03-03,35,1,activo
listas/L01_socios_limpio_1.xlsx,Daniel Ruiz Blanco,670753645,,2026-08-26,45,0,activo
listas/L01_socios_limpio_1.xlsx,Andrea Domínguez López,718844729,andrea.dominguez91@yahoo.es,2026-04-04,50,1,activo
listas/L01_socios_limpio_1.xlsx,Óscar Castro Navarro,716897684,,2026-05-25,50,1,activo
listas/L01_socios_limpio_1.xlsx,Hugo Navarro Martín,608196727,,2026-08-06,35,1,activo
listas/L01_socios_limpio_1.xlsx,Bruno Vázquez Romero,786488766,bruno.vazquez35@gmail.com,2026-01-09,40,1,activo
listas/L01_socios_limpio_1.xlsx,Beatriz Álvarez Serrano,753477876,beatriz.alvarez5@yahoo.es,2026-03-23,50,0,activo
listas/L01_socios_limpio_1.xlsx,Carla Álvarez Ramos,772671475,carla.alvarez96@outlook.es,2026-02-07,50,0,activo
listas/L01_socios_limpio_1.xlsx,Álvaro García Álvarez,693319084,alvaro.garcia82@yahoo.es,2026-02-09,35,1,activo
listas/L01_socios_limpio_1.xlsx,Gonzalo Navarro Ramírez,728379298,gonzalo.navarro54@hotmail.com,2026-08-28,40,0,activo
listas/L01_socios_limpio_1.xlsx,Gonzalo Ruiz Alonso,762836016,,2026-01-14,65,1,activo
listas/L01_socios_limpio_1.xlsx,Alba Ortiz Ramírez,608754751,alba.ortiz60@hotmail.com,2026-02-09,55,1,activo
listas/L01_socios_limpio_1.xlsx,Diego Torres Hernández,793186032,diego.torres70@gmail.com,2026-04-26,65,0,activo
listas/L01_socios_limpio_1.xlsx,Nerea Romero Ramos,628382226,nerea.romero69@outlook.es,2026-08-11,35,1,activo
listas/L01_socios_limpio_1.xlsx,Sergio Díaz Pérez,777647258,sergio.diaz16@yahoo.es,2026-07-28,35,0,activo
listas/L02_titulo_arriba_1.xlsx,Lucía López Castro,756820525,lucia.lopez74@hotmail.com,2026-01-29,55,0,activo
listas/L02_titulo_arriba_1.xlsx,Íker Ramírez Navarro,694948214,iker.ramirez56@hotmail.com,2026-01-28,60,1,activo
listas/L02_titulo_arriba_1.xlsx,Alba Gil Serrano,618549145,alba.gil33@gmail.com,2026-01-04,50,0,activo
listas/L02_titulo_arriba_1.xlsx,Elena Muñoz García,613041189,,2026-08-08,45,1,activo
listas/L02_titulo_arriba_1.xlsx,Bruno Torres Domínguez,665939761,bruno.torres65@yahoo.es,2026-04-10,45,0,activo
listas/L02_titulo_arriba_1.xlsx,Alba Fernández Gil,704541465,alba.fernandez3@yahoo.es,2026-02-20,55,1,activo
listas/L02_titulo_arriba_1.xlsx,Daniel Pérez Torres,610285940,daniel.perez17@yahoo.es,2026-04-17,50,1,activo
listas/L02_titulo_arriba_1.xlsx,Raquel Vázquez Martín,628088642,raquel.vazquez3@yahoo.es,2026-05-19,50,1,activo
listas/L02_titulo_arriba_1.xlsx,Sara Sánchez Domínguez,628084585,sara.sanchez2@hotmail.com,2026-05-01,35,0,activo
listas/L02_titulo_arriba_1.xlsx,Andrea Molina Sánchez,753845355,andrea.molina59@outlook.es,2026-08-18,65,1,activo
listas/L02_titulo_arriba_1.xlsx,Iván Gómez Pérez,727058602,ivan.gomez48@yahoo.es,2026-02-05,60,0,activo
listas/L02_titulo_arriba_1.xlsx,Hugo Gutiérrez Gómez,790668828,hugo.gutierrez19@outlook.es,2026-03-27,55,1,activo
listas/L02_titulo_arriba_1.xlsx,Martina Gil Navarro,624484526,martina.gil96@gmail.com,2026-08-05,55,1,activo
listas/L02_titulo_arriba_1.xlsx,Diego Díaz Serrano,680258220,,2026-05-12,60,0,activo
listas/L02_titulo_arriba_1.xlsx,Lucía Blanco Díaz,654382993,lucia.blanco42@outlook.es,2026-01-28,65,0,activo
listas/L02_titulo_arriba_1.xlsx,Sofía Moreno Jiménez,715771883,,2026-06-24,65,1,activo
listas/L02_titulo_arriba_1.xlsx,Gonzalo Díaz López,617443256,gonzalo.diaz43@yahoo.es,2026-08-21,60,1,activo
listas/L02_titulo_arriba_1.xlsx,Jorge Moreno Hernández,637355696,jorge.moreno57@hotmail.com,2026-04-21,45,1,activo
listas/L02_titulo_arriba_1.xlsx,Daniel Hernández Jiménez,742843528,daniel.hernandez35@yahoo.es,2026-05-28,50,1,activo
listas/L03_csv_puntoycoma_1.csv,Martina Pérez Gutiérrez,675555974,martina.perez42@yahoo.es,2026-01-10,60,1,activo
listas/L03_csv_puntoycoma_1.csv,Hugo Romero Serrano,747354864,hugo.romero7@outlook.es,2026-08-09,35,0,activo
listas/L03_csv_puntoycoma_1.csv,Andrea Vázquez Gutiérrez,779188957,andrea.vazquez44@yahoo.es,2026-02-16,35,0,activo
listas/L03_csv_puntoycoma_1.csv,Sergio Ramírez Jiménez,719307336,sergio.ramirez68@hotmail.com,2026-05-12,40,0,activo
listas/L03_csv_puntoycoma_1.csv,Rubén Ramírez Molina,728556898,ruben.ramirez78@hotmail.com,2026-07-06,40,1,activo
listas/L03_csv_puntoycoma_1.csv,Nuria Fernández Serrano,644224852,nuria.fernandez24@gmail.com,2026-07-12,40,1,activo
listas/L03_csv_puntoycoma_1.csv,Raquel Domínguez Torres,780438581,raquel.dominguez96@outlook.es,2026-02-09,45,1,activo
listas/L03_csv_puntoycoma_1.csv,Andrea Fernández Romero,601594502,andrea.fernandez12@outlook.es,2026-06-19,50,1,activo
listas/L03_csv_puntoycoma_1.csv,Irene Martín Martín,735286675,irene.martin40@outlook.es,2026-08-28,55,1,activo
listas/L03_csv_puntoycoma_1.csv,Álvaro Castro Castro,631159212,alvaro.castro56@hotmail.com,2026-08-19,50,1,activo
listas/L03_csv_puntoycoma_1.csv,Javier Domínguez Castro,745607874,,2026-05-05,40,1,activo
listas/L03_csv_puntoycoma_1.csv,Javier Gutiérrez Martín,776990854,,2026-01-21,50,1,activo
listas/L03_csv_puntoycoma_1.csv,Cristina Blanco Serrano,644019018,,2026-05-25,35,1,activo
listas/L03_csv_puntoycoma_1.csv,Nuria Álvarez Torres,780252016,nuria.alvarez69@yahoo.es,2026-01-05,35,0,activo
listas/L03_csv_puntoycoma_1.csv,Sofía Ramírez Torres,652473573,sofia.ramirez66@yahoo.es,2026-04-18,35,1,activo
listas/L03_csv_puntoycoma_1.csv,Beatriz Pérez Álvarez,619796780,beatriz.perez28@outlook.es,2026-07-06,35,1,activo
listas/L03_csv_puntoycoma_1.csv,Paula Ruiz Martín,746905982,,2026-02-01,55,1,activo
listas/L03_csv_puntoycoma_1.csv,Adrián Navarro López,676116603,adrian.navarro34@hotmail.com,2026-05-15,45,0,activo
listas/L03_csv_puntoycoma_1.csv,Álvaro Jiménez Pérez,638178057,,2026-05-12,60,0,activo
listas/L03_csv_puntoycoma_1.csv,Nerea Domínguez Domínguez,704121430,nerea.dominguez83@gmail.com,2026-05-01,45,1,activo
listas/L03_csv_puntoycoma_1.csv,Cristina Pérez Gutiérrez,670853867,cristina.perez5@gmail.com,2026-04-16,50,1,activo
listas/L03_csv_puntoycoma_1.csv,Inés Vázquez Torres,623283856,ines.vazquez83@hotmail.com,2026-04-30,35,1,activo
listas/L03_csv_puntoycoma_1.csv,Sofía Gil Ramírez,698372527,sofia.gil18@gmail.com,2026-07-28,50,1,activo
listas/L03_csv_puntoycoma_1.csv,Jorge Domínguez Muñoz,785190431,jorge.dominguez32@yahoo.es,2026-06-02,60,1,activo
listas/L03_csv_puntoycoma_1.csv,Nuria Pérez Ruiz,605279137,nuria.perez21@outlook.es,2026-01-29,35,1,activo
listas/L04_csv_ingles_1.csv,Iván Sánchez Muñoz,707942607,ivan.sanchez13@hotmail.com,2026-08-01,45,1,activo
listas/L04_csv_ingles_1.csv,Sofía Molina Moreno,777447967,sofia.molina41@hotmail.com,2026-01-27,55,1,activo
listas/L04_csv_ingles_1.csv,Adrián Gómez Ramos,763521362,adrian.gomez83@outlook.es,2026-02-23,55,1,activo
listas/L04_csv_ingles_1.csv,Cristina Gutiérrez Moreno,757328409,,2026-03-18,40,0,activo
listas/L04_csv_ingles_1.csv,Gonzalo Sánchez Álvarez,770940985,gonzalo.sanchez53@hotmail.com,2026-06-26,60,0,activo
listas/L04_csv_ingles_1.csv,Andrea Ruiz Serrano,756830686,andrea.ruiz47@hotmail.com,2026-05-24,55,1,activo
listas/L04_csv_ingles_1.csv,Hugo Martínez Martín,627967268,hugo.martinez4@gmail.com,2026-01-26,35,1,activo
listas/L04_csv_ingles_1.csv,Daniel Álvarez Torres,781635401,,2026-07-15,45,1,activo
listas/L04_csv_ingles_1.csv,Bruno Domínguez Muñoz,613875921,bruno.dominguez31@hotmail.com,2026-04-24,50,0,activo
listas/L04_csv_ingles_1.csv,Carla Ortiz Gutiérrez,721076177,carla.ortiz61@yahoo.es,2026-07-11,35,0,activo
listas/L04_csv_ingles_1.csv,Raquel Pérez Muñoz,648836152,raquel.perez19@yahoo.es,2026-03-08,65,0,activo
listas/L04_csv_ingles_1.csv,Carla Ramos Martín,716199456,,2026-08-10,55,1,activo
listas/L04_csv_ingles_1.csv,Beatriz Alonso Pérez,740894874,beatriz.alonso34@hotmail.com,2026-07-01,65,0,activo
listas/L04_csv_ingles_1.csv,Inés Pérez Díaz,744193039,ines.perez90@yahoo.es,2026-07-06,60,1,activo
listas/L04_csv_ingles_1.csv,Mario Moreno Domínguez,797961567,mario.moreno73@outlook.es,2026-04-02,35,0,activo
listas/L04_csv_ingles_1.csv,Claudia Gil Díaz,770567090,,2026-03-17,55,0,activo
listas/L04_csv_ingles_1.csv,Pablo Martínez Ramírez,764644033,pablo.martinez30@hotmail.com,2026-01-13,60,1,activo
listas/L04_csv_ingles_1.csv,Tomás Gutiérrez Álvarez,698890421,,2026-02-28,35,1,activo
listas/L04_csv_ingles_1.csv,Sofía Ortiz Martínez,696027804,sofia.ortiz48@outlook.es,2026-02-18,35,1,activo
listas/L04_csv_ingles_1.csv,Javier Jiménez Domínguez,696017967,javier.jimenez82@hotmail.com,2026-07-20,35,1,activo
listas/L04_csv_ingles_1.csv,Carla Serrano Sánchez,734789235,carla.serrano89@yahoo.es,2026-01-08,35,1,activo
listas/L04_csv_ingles_1.csv,Claudia López Díaz,710591483,claudia.lopez33@gmail.com,2026-03-19,55,1,activo
listas/L04_csv_ingles_1.csv,Cristina López Ramos,678522238,cristina.lopez16@outlook.es,2026-03-06,55,1,activo
listas/L04_csv_ingles_1.csv,Víctor Gómez Gómez,657192948,victor.gomez72@yahoo.es,2026-08-05,40,0,activo
listas/L04_csv_ingles_1.csv,Marta Domínguez Ortiz,642476134,marta.dominguez87@outlook.es,2026-01-19,50,1,activo
listas/L04_csv_ingles_1.csv,Iván Sánchez Ramos,614613380,ivan.sanchez41@hotmail.com,2026-01-08,60,0,activo
listas/L04_csv_ingles_1.csv,Carla Jiménez Romero,758930597,,2026-05-06,60,1,activo
listas/L04_csv_ingles_1.csv,Mario Molina Díaz,684885681,mario.molina98@gmail.com,2026-04-21,50,0,activo
listas/L05_sucio_1.xlsx,Beatriz Ruiz Pérez,764668631,beatriz.ruiz48@hotmail.com,2026-06-05,55,0,activo
listas/L05_sucio_1.xlsx,Nuria Ramírez Ramos,745358134,nuria.ramirez59@hotmail.com,2026-02-26,60,0,activo
listas/L05_sucio_1.xlsx,Iván Torres Muñoz,770441047,ivan.torres9@outlook.es,2026-08-16,55,1,activo
listas/L05_sucio_1.xlsx,Sara Muñoz López,641082359,,2026-08-31,40,1,activo
listas/L05_sucio_1.xlsx,Rubén García Vázquez,729474781,ruben.garcia17@yahoo.es,2026-07-25,45,1,activo
listas/L05_sucio_1.xlsx,Sergio Moreno López,768080100,,2026-01-11,60,1,activo
listas/L05_sucio_1.xlsx,Paula García García,700917039,paula.garcia26@hotmail.com,2026-01-10,45,1,activo
listas/L05_sucio_1.xlsx,Nerea Fernández Ruiz,778166114,nerea.fernandez46@gmail.com,2026-01-21,35,1,activo
listas/L05_sucio_1.xlsx,Marcos Alonso Martín,604030042,marcos.alonso97@outlook.es,2026-09-04,35,0,activo
listas/L05_sucio_1.xlsx,Jorge Martínez Hernández,729301267,jorge.martinez91@gmail.com,2026-07-20,40,0,activo
listas/L05_sucio_1.xlsx,Inés Romero García,779299239,,2026-01-18,60,0,activo
listas/L05_sucio_1.xlsx,Nerea Gómez Romero,627186158,,2026-02-04,65,1,activo
listas/L05_sucio_1.xlsx,Beatriz Torres Martínez,770675548,,2026-01-15,50,1,activo
listas/L05_sucio_1.xlsx,Laura Blanco Hernández,667682597,laura.blanco71@gmail.com,2026-02-05,45,1,activo
listas/L05_sucio_1.xlsx,Irene Moreno Jiménez,666282909,irene.moreno23@gmail.com,2026-05-16,60,0,activo
listas/L05_sucio_1.xlsx,Paula Ramos Gil,722042628,paula.ramos60@gmail.com,2026-07-20,60,0,activo
listas/L05_sucio_1.xlsx,Víctor Fernández Moreno,618898704,victor.fernandez16@outlook.es,2026-08-21,55,1,activo
listas/L05_sucio_1.xlsx,Carla Martín Martín,652695637,carla.martin18@outlook.es,2026-04-12,60,1,activo
listas/L08_activos_y_bajas_1.xlsx,Paula Muñoz Jiménez,752743680,paula.munoz16@gmail.com,2026-03-16,60,1,activo
listas/L08_activos_y_bajas_1.xlsx,Jorge Pérez Moreno,642251521,jorge.perez83@yahoo.es,2026-05-04,50,1,activo
listas/L08_activos_y_bajas_1.xlsx,Alba Vázquez Serrano,660581885,alba.vazquez74@hotmail.com,2026-05-13,40,0,activo
listas/L08_activos_y_bajas_1.xlsx,Gonzalo Torres Gil,677091317,gonzalo.torres4@outlook.es,2026-01-13,35,1,activo
listas/L08_activos_y_bajas_1.xlsx,Claudia Castro Romero,744797837,claudia.castro75@gmail.com,2026-04-30,60,1,activo
listas/L08_activos_y_bajas_1.xlsx,Diego Ramos Fernández,642365966,diego.ramos56@hotmail.com,2026-08-28,50,1,activo
listas/L08_activos_y_bajas_1.xlsx,Bruno Jiménez Martínez,747733374,bruno.jimenez97@hotmail.com,2026-04-19,60,1,activo
listas/L08_activos_y_bajas_1.xlsx,Nerea García Blanco,746181183,nerea.garcia61@hotmail.com,2026-08-20,35,1,activo
listas/L08_activos_y_bajas_1.xlsx,Lucía Vázquez Gil,791532168,lucia.vazquez60@yahoo.es,2026-03-09,60,0,activo
listas/L08_activos_y_bajas_1.xlsx,Nerea Blanco Domínguez,673675127,nerea.blanco48@yahoo.es,2026-06-11,45,0,activo
listas/L08_activos_y_bajas_1.xlsx,Diego Hernández Martínez,747260012,diego.hernandez23@outlook.es,2026-04-10,40,1,activo
listas/L08_activos_y_bajas_1.xlsx,Bruno Gómez Muñoz,766697169,bruno.gomez98@hotmail.com,2026-01-19,50,1,activo
listas/L08_activos_y_bajas_1.xlsx,Nuria Serrano Martínez,709937974,nuria.serrano21@hotmail.com,2026-03-19,45,0,activo
listas/L08_activos_y_bajas_1.xlsx,Beatriz Díaz Díaz,643974402,,2026-01-12,50,0,baja
listas/L08_activos_y_bajas_1.xlsx,Marcos Gutiérrez Ortiz,753519047,,2026-07-30,35,0,baja
listas/L08_activos_y_bajas_1.xlsx,Marta Hernández Fernández,799791622,,2026-06-29,40,0,baja
listas/L08_activos_y_bajas_1.xlsx,Sergio Martínez Vázquez,707887454,,2026-06-27,45,0,baja
listas/L08_activos_y_bajas_1.xlsx,Irene Domínguez Hernández,643519760,,2026-05-22,35,0,baja
listas/L09_cabecera_doble_1.xlsx,Tomás Serrano Hernández,781621048,tomas.serrano31@yahoo.es,2026-07-28,40,1,activo
listas/L09_cabecera_doble_1.xlsx,Andrea Álvarez Díaz,600502977,,2026-04-06,50,1,activo
listas/L09_cabecera_doble_1.xlsx,Cristina Romero Gutiérrez,601081023,cristina.romero79@hotmail.com,2026-01-16,50,1,activo
listas/L09_cabecera_doble_1.xlsx,Rubén Ortiz Romero,712376287,,2026-08-25,65,1,activo
listas/L09_cabecera_doble_1.xlsx,Rubén Díaz Molina,631618814,ruben.diaz40@hotmail.com,2026-02-18,50,1,activo
listas/L09_cabecera_doble_1.xlsx,Hugo Fernández López,612066612,,2026-06-15,45,0,activo
listas/L09_cabecera_doble_1.xlsx,Nuria Domínguez Ramírez,628250701,nuria.dominguez47@outlook.es,2026-04-17,35,1,activo
listas/L09_cabecera_doble_1.xlsx,Diego Díaz Ramos,649138114,diego.diaz91@outlook.es,2026-06-18,65,0,activo
listas/L09_cabecera_doble_1.xlsx,Martina Gómez Pérez,788327163,martina.gomez75@hotmail.com,2026-05-18,45,1,activo
listas/L09_cabecera_doble_1.xlsx,Pablo Pérez Navarro,792442143,pablo.perez30@yahoo.es,2026-08-29,50,0,activo
listas/L09_cabecera_doble_1.xlsx,Javier Martínez García,657999619,,2026-03-25,40,1,activo
listas/L09_cabecera_doble_1.xlsx,Mario Díaz Sánchez,611168728,mario.diaz34@gmail.com,2026-01-28,60,1,activo
listas/L09_cabecera_doble_1.xlsx,Raquel Álvarez Pérez,661121168,raquel.alvarez45@yahoo.es,2026-05-22,60,0,activo
listas/L09_cabecera_doble_1.xlsx,Elena Domínguez López,770834098,elena.dominguez76@yahoo.es,2026-02-26,60,0,activo
listas/L09_cabecera_doble_1.xlsx,Iván Ortiz Torres,619070147,ivan.ortiz76@hotmail.com,2026-01-09,65,1,activo
listas/L09_cabecera_doble_1.xlsx,Hugo Ramírez Ruiz,680535019,hugo.ramirez75@outlook.es,2026-03-22,40,1,activo
listas/L09_cabecera_doble_1.xlsx,Marcos Domínguez Ruiz,784203407,marcos.dominguez13@yahoo.es,2026-02-02,45,1,activo
listas/L09_cabecera_doble_1.xlsx,Bruno García Hernández,636562001,,2026-01-06,55,0,activo
listas/L09_cabecera_doble_1.xlsx,Sara Martín Fernández,700153791,sara.martin58@hotmail.com,2026-08-18,50,1,activo
listas/L09_cabecera_doble_1.xlsx,Bruno Pérez Sánchez,759949045,bruno.perez92@hotmail.com,2026-06-17,35,0,activo
listas/L09_cabecera_doble_1.xlsx,Álvaro Gómez Navarro,602644081,alvaro.gomez78@yahoo.es,2026-06-11,40,1,activo
listas/L10_csv_tabulador_1.csv,Óscar Ramírez Martínez,624965679,oscar.ramirez81@gmail.com,2026-04-28,55,1,activo
listas/L10_csv_tabulador_1.csv,Noelia Martín Ortiz,610772575,noelia.martin88@gmail.com,2026-06-03,35,1,activo
listas/L10_csv_tabulador_1.csv,Íker Martín Fernández,645493529,,2026-04-25,45,1,activo
listas/L10_csv_tabulador_1.csv,Bruno Álvarez Gómez,740514381,bruno.alvarez52@yahoo.es,2026-08-31,60,0,activo
listas/L10_csv_tabulador_1.csv,Martina Gómez Gil,707512280,martina.gomez44@outlook.es,2026-06-10,60,1,activo
listas/L10_csv_tabulador_1.csv,Pablo Martín Molina,734546268,,2026-03-28,60,0,activo
listas/L10_csv_tabulador_1.csv,Bruno Sánchez Martínez,605161676,,2026-01-02,45,0,activo
listas/L10_csv_tabulador_1.csv,Raquel Hernández Ortiz,670336996,raquel.hernandez67@outlook.es,2026-03-21,55,1,activo
listas/L10_csv_tabulador_1.csv,Marta Muñoz Alonso,783427556,marta.munoz88@hotmail.com,2026-07-17,65,1,activo
listas/L10_csv_tabulador_1.csv,Raquel Molina Molina,623729613,raquel.molina69@yahoo.es,2026-06-12,50,1,activo
listas/L10_csv_tabulador_1.csv,Martina Castro Jiménez,649188478,martina.castro83@hotmail.com,2026-07-25,65,0,activo
listas/L10_csv_tabulador_1.csv,Paula Ramírez Alonso,739598932,paula.ramirez49@hotmail.com,2026-01-27,35,1,activo
listas/L10_csv_tabulador_1.csv,Carla Vázquez López,790277521,,2026-02-11,35,1,activo
listas/L10_csv_tabulador_1.csv,Elena Gil Muñoz,634399995,elena.gil49@yahoo.es,2026-09-08,45,0,activo
listas/L10_csv_tabulador_1.csv,Raquel Sánchez Ortiz,655489586,raquel.sanchez19@hotmail.com,2026-02-26,60,0,activo
listas/L10_csv_tabulador_1.csv,Claudia Martínez Muñoz,658966495,claudia.martinez59@gmail.com,2026-02-22,45,1,activo
listas/L10_csv_tabulador_1.csv,Iván Navarro Serrano,668636780,ivan.navarro40@gmail.com,2026-04-29,40,1,activo
listas/L10_csv_tabulador_1.csv,Alba Navarro Muñoz,785268188,alba.navarro18@gmail.com,2026-08-28,50,1,activo
listas/L10_csv_tabulador_1.csv,Sofía Torres Romero,610052490,sofia.torres42@gmail.com,2026-03-08,60,0,activo
listas/L10_csv_tabulador_1.csv,Beatriz Martín García,641080405,beatriz.martin37@yahoo.es,2026-03-14,60,0,activo
listas/L10_csv_tabulador_1.csv,Claudia García Romero,696467831,claudia.garcia36@yahoo.es,2026-03-05,60,1,activo
listas/L10_csv_tabulador_1.csv,Carla Jiménez Hernández,602544121,carla.jimenez61@yahoo.es,2026-01-04,45,1,activo
listas/L10_csv_tabulador_1.csv,Mario Gutiérrez Navarro,604204687,,2026-06-11,35,1,activo
listas/L10_csv_tabulador_1.csv,Daniel Sánchez Hernández,657897948,daniel.sanchez34@gmail.com,2026-02-15,65,1,activo
listas/L01_socios_limpio_2.xlsx,Jorge Gómez Serrano,781327853,jorge.gomez22@outlook.es,2026-08-20,40,1,activo
listas/L01_socios_limpio_2.xlsx,Óscar Domínguez Torres,704014861,,2026-02-16,45,0,activo
listas/L01_socios_limpio_2.xlsx,Sofía Díaz Ramírez,743890327,sofia.diaz80@hotmail.com,2026-03-10,65,1,activo
listas/L01_socios_limpio_2.xlsx,Martina Martín Gil,671927243,,2026-02-13,55,0,activo
listas/L01_socios_limpio_2.xlsx,Tomás Moreno Blanco,770364270,tomas.moreno41@yahoo.es,2026-03-12,35,1,activo
listas/L01_socios_limpio_2.xlsx,Tomás Ramos Hernández,673929239,tomas.ramos27@gmail.com,2026-05-08,65,1,activo
listas/L01_socios_limpio_2.xlsx,Beatriz Fernández Molina,774719668,beatriz.fernandez35@yahoo.es,2026-01-01,55,0,activo
listas/L01_socios_limpio_2.xlsx,Adrián Jiménez Vázquez,630405418,adrian.jimenez91@hotmail.com,2026-04-02,55,1,activo
listas/L01_socios_limpio_2.xlsx,Noelia Muñoz Gómez,621277926,noelia.munoz7@gmail.com,2026-01-22,50,1,activo
listas/L01_socios_limpio_2.xlsx,Rubén Jiménez Muñoz,712292579,ruben.jimenez11@outlook.es,2026-02-27,65,1,activo
listas/L01_socios_limpio_2.xlsx,Álvaro Alonso Jiménez,655486080,alvaro.alonso86@hotmail.com,2026-07-08,40,0,activo
listas/L01_socios_limpio_2.xlsx,Irene Gómez Pérez,756505434,irene.gomez42@hotmail.com,2026-01-25,65,0,activo
listas/L01_socios_limpio_2.xlsx,Lucía Martínez Ramos,712943214,lucia.martinez51@yahoo.es,2026-02-19,65,1,activo
listas/L01_socios_limpio_2.xlsx,Raúl Ortiz Sánchez,628377485,raul.ortiz11@hotmail.com,2026-02-15,55,1,activo
listas/L01_socios_limpio_2.xlsx,Irene Molina Alonso,798073046,irene.molina42@hotmail.com,2026-02-28,55,1,activo
listas/L01_socios_limpio_2.xlsx,Nerea Hernández Navarro,685547908,nerea.hernandez33@hotmail.com,2026-02-24,55,1,activo
listas/L01_socios_limpio_2.xlsx,Beatriz Navarro Serrano,684164413,,2026-01-04,50,1,activo
listas/L01_socios_limpio_2.xlsx,Marcos Moreno Jiménez,704889617,,2026-03-09,35,0,activo
listas/L01_socios_limpio_2.xlsx,Rubén Castro López,760654268,ruben.castro64@hotmail.com,2026-03-31,40,1,activo
listas/L01_socios_limpio_2.xlsx,Claudia Ramírez Martínez,759115060,claudia.ramirez29@hotmail.com,2026-01-26,35,1,activo
listas/L01_socios_limpio_2.xlsx,Elena Díaz Jiménez,759971816,elena.diaz27@hotmail.com,2026-01-03,65,1,activo
listas/L01_socios_limpio_2.xlsx,Tomás Castro Jiménez,629844465,tomas.castro31@outlook.es,2026-01-02,45,1,activo
listas/L01_socios_limpio_2.xlsx,Claudia Sánchez Molina,613914123,claudia.sanchez45@gmail.com,2026-01-19,60,0,activo
listas/L02_titulo_arriba_2.xlsx,Raúl Martín Domínguez,663368764,,2026-07-19,65,1,activo
listas/L02_titulo_arriba_2.xlsx,Óscar Gil Castro,634207794,oscar.gil49@yahoo.es,2026-03-24,50,1,activo
listas/L02_titulo_arriba_2.xlsx,Alba Jiménez Romero,767763448,alba.jimenez4@hotmail.com,2026-07-11,40,1,activo
listas/L02_titulo_arriba_2.xlsx,Laura Díaz Ramírez,686354464,laura.diaz26@hotmail.com,2026-02-14,55,1,activo
listas/L02_titulo_arriba_2.xlsx,Laura Gil García,604941735,,2026-07-31,60,1,activo
listas/L02_titulo_arriba_2.xlsx,Lucía Ortiz Romero,601362703,lucia.ortiz90@yahoo.es,2026-04-08,65,0,activo
listas/L02_titulo_arriba_2.xlsx,Sofía Gil Ramírez,769415536,sofia.gil95@hotmail.com,2026-03-28,45,1,activo
listas/L02_titulo_arriba_2.xlsx,Diego Ruiz Fernández,721547712,diego.ruiz87@yahoo.es,2026-04-11,65,1,activo
listas/L02_titulo_arriba_2.xlsx,Daniel Fernández Pérez,698588895,daniel.fernandez67@hotmail.com,2026-05-21,40,1,activo
listas/L02_titulo_arriba_2.xlsx,Sara Serrano Navarro,789354914,sara.serrano48@hotmail.com,2026-03-26,55,1,activo
listas/L02_titulo_arriba_2.xlsx,Elena Ramírez Martín,731847684,elena.ramirez76@gmail.com,2026-03-27,65,1,activo
listas/L02_titulo_arriba_2.xlsx,Raúl Ramos López,690637711,raul.ramos80@yahoo.es,2026-02-07,45,1,activo
listas/L02_titulo_arriba_2.xlsx,Elena Ortiz Torres,635455620,elena.ortiz60@hotmail.com,2026-08-05,40,1,activo
listas/L02_titulo_arriba_2.xlsx,Sara Blanco Torres,660293258,sara.blanco43@gmail.com,2026-08-15,65,1,activo
listas/L02_titulo_arriba_2.xlsx,Elena Castro Gutiérrez,686464289,,2026-02-16,55,0,activo
listas/L02_titulo_arriba_2.xlsx,Cristina Castro Molina,733836620,,2026-02-06,55,1,activo
listas/L02_titulo_arriba_2.xlsx,Martina Fernández Vázquez,699781547,martina.fernandez7@yahoo.es,2026-02-12,35,0,activo
listas/L02_titulo_arriba_2.xlsx,Nerea Álvarez Álvarez,797392710,nerea.alvarez6@gmail.com,2026-06-18,50,1,activo
listas/L02_titulo_arriba_2.xlsx,Mario Castro Gutiérrez,768350406,mario.castro68@outlook.es,2026-02-07,45,1,activo
listas/L02_titulo_arriba_2.xlsx,Hugo Muñoz Ramos,730374845,hugo.munoz11@gmail.com,2026-04-04,55,1,activo
listas/L02_titulo_arriba_2.xlsx,Álvaro Gómez Ruiz,670313624,alvaro.gomez30@hotmail.com,2026-05-05,55,1,activo
listas/L02_titulo_arriba_2.xlsx,Hugo Gómez Fernández,776337557,hugo.gomez75@outlook.es,2026-01-01,40,1,activo
listas/L02_titulo_arriba_2.xlsx,Javier Jiménez Gil,632483407,javier.jimenez25@yahoo.es,2026-08-27,65,1,activo
listas/L02_titulo_arriba_2.xlsx,Carla Díaz Ramírez,768278255,carla.diaz48@hotmail.com,2026-04-24,40,1,activo
listas/L02_titulo_arriba_2.xlsx,Elena García Vázquez,624094407,elena.garcia12@hotmail.com,2026-05-29,50,0,activo
listas/L02_titulo_arriba_2.xlsx,Sofía Hernández Ramírez,650171417,sofia.hernandez91@gmail.com,2026-07-28,35,1,activo
listas/L02_titulo_arriba_2.xlsx,Nuria Ruiz Pérez,752694168,,2026-07-11,50,1,activo
listas/L03_csv_puntoycoma_2.csv,Noelia Álvarez Ramos,625672187,noelia.alvarez64@gmail.com,2026-01-18,40,0,activo
listas/L03_csv_puntoycoma_2.csv,Pablo Sánchez Molina,635177687,pablo.sanchez90@outlook.es,2026-03-26,65,1,activo
listas/L03_csv_puntoycoma_2.csv,Hugo Fernández López,739769981,hugo.fernandez15@gmail.com,2026-06-11,35,0,activo
listas/L03_csv_puntoycoma_2.csv,Bruno Torres Navarro,615311305,,2026-01-28,50,1,activo
listas/L03_csv_puntoycoma_2.csv,Víctor Domínguez Gil,710066233,,2026-03-22,45,1,activo
listas/L03_csv_puntoycoma_2.csv,Sergio Vázquez Álvarez,603023257,sergio.vazquez58@yahoo.es,2026-01-05,50,1,activo
listas/L03_csv_puntoycoma_2.csv,Inés Gutiérrez Ramos,728285723,ines.gutierrez27@hotmail.com,2026-01-22,40,1,activo
listas/L03_csv_puntoycoma_2.csv,Óscar Ortiz García,634045765,oscar.ortiz66@yahoo.es,2026-03-10,60,1,activo
listas/L03_csv_puntoycoma_2.csv,Claudia Romero Álvarez,657641800,claudia.romero77@outlook.es,2026-08-24,50,0,activo
listas/L03_csv_puntoycoma_2.csv,Paula Gil Díaz,791517507,,2026-04-24,40,1,activo
listas/L03_csv_puntoycoma_2.csv,Javier Castro Ruiz,666745370,javier.castro55@outlook.es,2026-02-14,55,1,activo
listas/L03_csv_puntoycoma_2.csv,Iván Romero Pérez,677603997,ivan.romero82@outlook.es,2026-02-20,50,0,activo
listas/L03_csv_puntoycoma_2.csv,Marta Martín Álvarez,730427720,marta.martin24@hotmail.com,2026-07-27,50,0,activo
listas/L03_csv_puntoycoma_2.csv,Carla Molina García,651704355,carla.molina31@hotmail.com,2026-01-05,55,1,activo
listas/L03_csv_puntoycoma_2.csv,Álvaro Ramos Ortiz,650065308,alvaro.ramos1@outlook.es,2026-03-17,40,1,activo
listas/L03_csv_puntoycoma_2.csv,Víctor Sánchez Moreno,652318069,,2026-03-11,35,1,activo
listas/L03_csv_puntoycoma_2.csv,Jorge Jiménez Sánchez,661766752,jorge.jimenez89@yahoo.es,2026-05-25,35,1,activo
listas/L03_csv_puntoycoma_2.csv,Jorge Vázquez Moreno,711577631,,2026-07-21,45,1,activo
listas/L03_csv_puntoycoma_2.csv,Carla Sánchez Molina,729465338,carla.sanchez78@yahoo.es,2026-02-03,40,1,activo
listas/L03_csv_puntoycoma_2.csv,Lucía Castro Romero,777288420,lucia.castro5@yahoo.es,2026-03-05,45,1,activo
listas/L03_csv_puntoycoma_2.csv,Rubén Álvarez Martínez,611257360,ruben.alvarez26@yahoo.es,2026-03-18,65,1,activo
listas/L03_csv_puntoycoma_2.csv,Javier García Alonso,683332319,javier.garcia98@outlook.es,2026-01-10,50,1,activo
listas/L03_csv_puntoycoma_2.csv,Elena Serrano Fernández,687859702,,2026-06-03,60,0,activo
listas/L04_csv_ingles_2.csv,Hugo Domínguez Torres,792389987,,2026-04-22,50,1,activo
listas/L04_csv_ingles_2.csv,Noelia Fernández Muñoz,616487287,noelia.fernandez7@yahoo.es,2026-06-05,40,0,activo
listas/L04_csv_ingles_2.csv,Diego Hernández Álvarez,685295415,diego.hernandez83@outlook.es,2026-03-09,35,0,activo
listas/L04_csv_ingles_2.csv,Marcos Romero López,623932071,,2026-04-21,50,1,activo
listas/L04_csv_ingles_2.csv,Elena Álvarez Pérez,760394060,elena.alvarez2@yahoo.es,2026-06-13,60,1,activo
listas/L04_csv_ingles_2.csv,Nuria Martín Sánchez,782758147,nuria.martin67@hotmail.com,2026-09-08,60,0,activo
listas/L04_csv_ingles_2.csv,Noelia Sánchez Ramírez,767769593,noelia.sanchez87@yahoo.es,2026-01-12,60,1,activo
listas/L04_csv_ingles_2.csv,Alba Ramos López,710895878,alba.ramos14@yahoo.es,2026-05-16,45,0,activo
listas/L04_csv_ingles_2.csv,Martina Díaz Pérez,652704026,martina.diaz85@yahoo.es,2026-03-07,55,0,activo
listas/L04_csv_ingles_2.csv,Iván Molina Ramírez,649505493,ivan.molina25@gmail.com,2026-07-05,65,1,activo
listas/L04_csv_ingles_2.csv,Irene Castro Alonso,626697579,irene.castro31@outlook.es,2026-06-03,60,1,activo
listas/L04_csv_ingles_2.csv,Paula Gómez Gil,721706564,paula.gomez75@yahoo.es,2026-05-26,35,0,activo
listas/L04_csv_ingles_2.csv,Andrea Castro Molina,791589375,andrea.castro71@hotmail.com,2026-07-02,65,1,activo
listas/L05_sucio_2.xlsx,Daniel Martínez Ruiz,642361644,daniel.martinez59@gmail.com,2026-03-29,40,1,activo
listas/L05_sucio_2.xlsx,Javier Álvarez Navarro,774457860,javier.alvarez33@outlook.es,2026-08-15,65,1,activo
listas/L05_sucio_2.xlsx,Bruno Pérez Martínez,738615086,bruno.perez18@gmail.com,2026-03-14,60,1,activo
listas/L05_sucio_2.xlsx,Víctor Ruiz Fernández,792112591,victor.ruiz71@gmail.com,2026-07-01,35,1,activo
listas/L05_sucio_2.xlsx,Irene Hernández Gutiérrez,648851085,,2026-02-11,55,1,activo
listas/L05_sucio_2.xlsx,Jorge Serrano Ramos,621197496,,2026-06-14,40,0,activo
listas/L05_sucio_2.xlsx,Sara Díaz Díaz,758464025,sara.diaz66@outlook.es,2026-05-27,40,0,activo
listas/L05_sucio_2.xlsx,Javier Ruiz Díaz,732147553,javier.ruiz5@outlook.es,2026-01-21,40,1,activo
listas/L05_sucio_2.xlsx,Adrián Domínguez Domínguez,661596998,,2026-06-26,65,0,activo
listas/L05_sucio_2.xlsx,Carla Gómez Gutiérrez,794134016,carla.gomez38@gmail.com,2026-04-04,35,1,activo
listas/L05_sucio_2.xlsx,Sofía Muñoz Domínguez,798354095,sofia.munoz42@hotmail.com,2026-03-23,50,0,activo
listas/L05_sucio_2.xlsx,Sara Jiménez Fernández,754763355,sara.jimenez89@hotmail.com,2026-03-24,35,1,activo
listas/L05_sucio_2.xlsx,Martina Díaz Hernández,774233256,martina.diaz8@yahoo.es,2026-06-25,40,1,activo
listas/L05_sucio_2.xlsx,Hugo Díaz Blanco,671743848,hugo.diaz92@yahoo.es,2026-03-30,50,1,activo
listas/L05_sucio_2.xlsx,Claudia Molina Ortiz,697302165,claudia.molina67@outlook.es,2026-01-02,45,1,activo
listas/L05_sucio_2.xlsx,Pablo Fernández Sánchez,737144134,pablo.fernandez36@gmail.com,2026-04-30,60,0,activo
listas/L05_sucio_2.xlsx,Adrián Serrano Sánchez,648992789,,2026-08-03,65,1,activo
listas/L05_sucio_2.xlsx,Paula Pérez Vázquez,604979980,paula.perez32@outlook.es,2026-08-20,45,1,activo
listas/L05_sucio_2.xlsx,Lucía Gómez Serrano,771072501,,2026-06-22,65,1,activo
listas/L08_activos_y_bajas_2.xlsx,Raúl Pérez Pérez,613933922,raul.perez76@gmail.com,2026-02-03,55,1,activo
listas/L08_activos_y_bajas_2.xlsx,Diego López Álvarez,692263879,diego.lopez20@yahoo.es,2026-08-05,35,1,activo
listas/L08_activos_y_bajas_2.xlsx,Adrián Castro Martín,624382315,adrian.castro62@hotmail.com,2026-08-31,45,1,activo
listas/L08_activos_y_bajas_2.xlsx,Iván Navarro Gómez,637906660,ivan.navarro43@outlook.es,2026-06-06,50,1,activo
listas/L08_activos_y_bajas_2.xlsx,Iván Castro Gómez,662819198,ivan.castro74@gmail.com,2026-08-15,45,1,activo
listas/L08_activos_y_bajas_2.xlsx,Gonzalo Torres Alonso,747894018,gonzalo.torres1@outlook.es,2026-06-24,40,1,activo
listas/L08_activos_y_bajas_2.xlsx,Javier Álvarez Navarro,750610485,javier.alvarez34@yahoo.es,2026-02-22,40,1,activo
listas/L08_activos_y_bajas_2.xlsx,Víctor Gutiérrez Torres,758845457,victor.gutierrez60@hotmail.com,2026-08-05,65,0,activo
listas/L08_activos_y_bajas_2.xlsx,Inés Gil Torres,642749511,,2026-05-09,50,1,activo
listas/L08_activos_y_bajas_2.xlsx,Claudia López Ruiz,604627124,claudia.lopez31@yahoo.es,2026-02-10,65,0,activo
listas/L08_activos_y_bajas_2.xlsx,Álvaro Ramírez Ramos,679513650,alvaro.ramirez86@yahoo.es,2026-06-04,35,1,activo
listas/L08_activos_y_bajas_2.xlsx,Lucía Hernández Ramírez,767768503,lucia.hernandez69@gmail.com,2026-03-31,45,1,activo
listas/L08_activos_y_bajas_2.xlsx,Sofía Molina Domínguez,633564326,sofia.molina56@hotmail.com,2026-06-18,65,1,activo
listas/L08_activos_y_bajas_2.xlsx,Javier López Martínez,619929060,javier.lopez9@gmail.com,2026-05-30,40,1,activo
listas/L08_activos_y_bajas_2.xlsx,Diego Gutiérrez Ortiz,634363878,,2026-08-29,65,0,activo
listas/L08_activos_y_bajas_2.xlsx,Íker Blanco Castro,699149771,,2026-01-30,45,1,activo
listas/L08_activos_y_bajas_2.xlsx,Irene Gómez Fernández,643246225,irene.gomez53@hotmail.com,2026-05-15,45,1,activo
listas/L08_activos_y_bajas_2.xlsx,Raquel Castro Castro,612728871,,2026-05-15,35,0,baja
listas/L08_activos_y_bajas_2.xlsx,Noelia Torres Muñoz,635969055,,2026-07-07,55,0,baja
listas/L09_cabecera_doble_2.xlsx,Diego Martínez Domínguez,761012984,diego.martinez43@gmail.com,2026-09-08,40,0,activo
listas/L09_cabecera_doble_2.xlsx,Rubén Díaz Domínguez,634763668,ruben.diaz24@gmail.com,2026-03-03,35,1,activo
listas/L09_cabecera_doble_2.xlsx,Rubén Moreno Ruiz,610453125,ruben.moreno66@outlook.es,2026-06-04,60,0,activo
listas/L09_cabecera_doble_2.xlsx,Óscar Gutiérrez Ortiz,601660180,,2026-07-21,60,1,activo
listas/L09_cabecera_doble_2.xlsx,Beatriz Gutiérrez Pérez,758660605,beatriz.gutierrez28@hotmail.com,2026-07-26,60,1,activo
listas/L09_cabecera_doble_2.xlsx,Gonzalo Gómez Fernández,745711157,gonzalo.gomez75@outlook.es,2026-08-31,40,1,activo
listas/L09_cabecera_doble_2.xlsx,Laura Pérez Martínez,722506397,laura.perez57@yahoo.es,2026-01-31,45,1,activo
listas/L09_cabecera_doble_2.xlsx,Adrián Domínguez Navarro,712329653,adrian.dominguez70@yahoo.es,2026-08-06,45,1,activo
listas/L09_cabecera_doble_2.xlsx,Nerea Castro García,739572806,,2026-01-05,40,1,activo
listas/L09_cabecera_doble_2.xlsx,Íker Gil Ramírez,781500508,iker.gil44@yahoo.es,2026-01-31,50,0,activo
listas/L09_cabecera_doble_2.xlsx,Jorge Romero Gil,667564417,jorge.romero17@yahoo.es,2026-01-15,40,1,activo
listas/L09_cabecera_doble_2.xlsx,Nerea Gil Pérez,794309032,,2026-07-06,60,1,activo
listas/L09_cabecera_doble_2.xlsx,Irene López López,758976105,irene.lopez49@yahoo.es,2026-08-13,35,1,activo
listas/L09_cabecera_doble_2.xlsx,Claudia Torres Ramírez,778158454,claudia.torres43@yahoo.es,2026-02-26,50,1,activo
listas/L09_cabecera_doble_2.xlsx,Inés Romero Torres,606428031,,2026-06-12,60,1,activo
listas/L10_csv_tabulador_2.csv,Hugo Fernández Romero,615241468,hugo.fernandez90@yahoo.es,2026-02-12,45,1,activo
listas/L10_csv_tabulador_2.csv,Víctor Moreno Gil,607453598,,2026-06-19,50,0,activo
listas/L10_csv_tabulador_2.csv,Sergio Muñoz Hernández,724019130,sergio.munoz16@outlook.es,2026-07-04,40,1,activo
listas/L10_csv_tabulador_2.csv,Álvaro Sánchez Ruiz,752979557,alvaro.sanchez17@gmail.com,2026-04-10,40,1,activo
listas/L10_csv_tabulador_2.csv,Noelia Martín Martín,705508726,,2026-06-19,60,0,activo
listas/L10_csv_tabulador_2.csv,Irene Gómez Vázquez,687216289,irene.gomez73@hotmail.com,2026-07-23,45,1,activo
listas/L10_csv_tabulador_2.csv,Bruno Martín Díaz,606128969,,2026-07-04,60,1,activo
listas/L10_csv_tabulador_2.csv,Gonzalo Ramírez Blanco,616869135,,2026-05-02,45,0,activo
listas/L10_csv_tabulador_2.csv,Beatriz Domínguez Fernández,670572023,beatriz.dominguez1@outlook.es,2026-01-26,50,0,activo
listas/L10_csv_tabulador_2.csv,Nuria Fernández Castro,629006026,nuria.fernandez20@hotmail.com,2026-07-01,40,1,activo
listas/L10_csv_tabulador_2.csv,Raquel Moreno Alonso,783123294,raquel.moreno43@gmail.com,2026-05-03,65,1,activo
listas/L10_csv_tabulador_2.csv,Gonzalo Serrano Ruiz,625682107,gonzalo.serrano69@yahoo.es,2026-06-06,45,1,activo
listas/L10_csv_tabulador_2.csv,Mario Díaz Ortiz,626148840,mario.diaz35@gmail.com,2026-06-15,55,1,activo
listas/L10_csv_tabulador_2.csv,Óscar Díaz Ramírez,772924169,oscar.diaz22@yahoo.es,2026-06-19,55,1,activo
listas/L10_csv_tabulador_2.csv,Jorge Muñoz Ramírez,713497367,jorge.munoz58@outlook.es,2026-02-22,55,1,activo
listas/L10_csv_tabulador_2.csv,Alba Ramos Molina,788411879,alba.ramos35@outlook.es,2026-02-12,60,1,activo
listas/L10_csv_tabulador_2.csv,Adrián Castro Ramírez,662784948,adrian.castro10@outlook.es,2026-01-18,40,0,activo
listas/L10_csv_tabulador_2.csv,Lucía Jiménez Domínguez,730684450,lucia.jimenez24@yahoo.es,2026-05-19,45,0,activo
listas/L10_csv_tabulador_2.csv,Gonzalo Domínguez Ortiz,745772029,gonzalo.dominguez85@outlook.es,2026-02-12,65,1,activo
listas/L10_csv_tabulador_2.csv,Jorge Hernández Navarro,694384024,jorge.hernandez31@gmail.com,2026-06-06,55,0,activo
listas/L10_csv_tabulador_2.csv,Adrián Ortiz Ramos,747903351,,2026-02-20,50,0,activo
listas/L01_socios_limpio_3.xlsx,Lucía Martínez Díaz,765055500,,2026-06-11,45,0,activo
listas/L01_socios_limpio_3.xlsx,Nuria Romero Blanco,668625695,nuria.romero83@outlook.es,2026-05-28,55,1,activo
listas/L01_socios_limpio_3.xlsx,Marcos García Navarro,601405144,marcos.garcia75@gmail.com,2026-01-24,50,0,activo
listas/L01_socios_limpio_3.xlsx,Gonzalo Gómez Ramírez,694860509,gonzalo.gomez53@yahoo.es,2026-06-13,35,1,activo
listas/L01_socios_limpio_3.xlsx,Daniel Moreno Navarro,749775305,daniel.moreno26@gmail.com,2026-01-05,40,1,activo
listas/L01_socios_limpio_3.xlsx,Daniel Ruiz Ramos,632455720,daniel.ruiz64@outlook.es,2026-04-01,50,1,activo
listas/L01_socios_limpio_3.xlsx,Raquel Domínguez Fernández,641033352,raquel.dominguez34@yahoo.es,2026-05-07,35,1,activo
listas/L01_socios_limpio_3.xlsx,Javier Blanco López,772063060,javier.blanco52@yahoo.es,2026-04-05,40,1,activo
listas/L01_socios_limpio_3.xlsx,Claudia Blanco Muñoz,676833127,claudia.blanco7@outlook.es,2026-03-14,65,1,activo
listas/L01_socios_limpio_3.xlsx,Raúl Moreno Muñoz,788944722,raul.moreno9@hotmail.com,2026-06-25,50,1,activo
listas/L01_socios_limpio_3.xlsx,Lucía Blanco Álvarez,625470124,lucia.blanco82@outlook.es,2026-06-25,55,1,activo
listas/L01_socios_limpio_3.xlsx,Óscar Díaz Ramírez,778474459,oscar.diaz37@yahoo.es,2026-07-29,65,1,activo
listas/L01_socios_limpio_3.xlsx,Sofía Alonso Domínguez,635846920,sofia.alonso92@outlook.es,2026-08-07,65,1,activo
listas/L01_socios_limpio_3.xlsx,Elena Alonso López,661344611,elena.alonso23@hotmail.com,2026-06-16,40,1,activo
listas/L01_socios_limpio_3.xlsx,Diego Gil Muñoz,681854580,diego.gil14@outlook.es,2026-05-31,55,0,activo
listas/L01_socios_limpio_3.xlsx,Paula Navarro Díaz,663376888,paula.navarro36@yahoo.es,2026-02-28,55,1,activo
listas/L01_socios_limpio_3.xlsx,Beatriz Romero Gutiérrez,738699367,beatriz.romero87@hotmail.com,2026-04-20,60,0,activo
listas/L01_socios_limpio_3.xlsx,Álvaro Sánchez Gutiérrez,640912597,alvaro.sanchez72@gmail.com,2026-09-05,55,0,activo
listas/L02_titulo_arriba_3.xlsx,Pablo López Ramos,703868882,pablo.lopez33@gmail.com,2026-09-05,65,1,activo
listas/L02_titulo_arriba_3.xlsx,Íker Martínez García,740967096,iker.martinez38@hotmail.com,2026-07-06,35,1,activo
listas/L02_titulo_arriba_3.xlsx,Íker Pérez García,602901720,iker.perez63@hotmail.com,2026-06-22,60,1,activo
listas/L02_titulo_arriba_3.xlsx,Lucía Díaz Ortiz,752776057,lucia.diaz54@yahoo.es,2026-07-13,50,1,activo
listas/L02_titulo_arriba_3.xlsx,Bruno Hernández Martín,615703359,,2026-02-15,60,0,activo
listas/L02_titulo_arriba_3.xlsx,Jorge Romero Fernández,681409896,jorge.romero5@hotmail.com,2026-05-29,55,1,activo
listas/L02_titulo_arriba_3.xlsx,Hugo Jiménez López,619336553,,2026-08-23,35,1,activo
listas/L02_titulo_arriba_3.xlsx,Alba Navarro Torres,665861181,alba.navarro9@outlook.es,2026-08-03,55,1,activo
listas/L02_titulo_arriba_3.xlsx,Gonzalo Torres Ortiz,770620579,gonzalo.torres31@hotmail.com,2026-04-05,55,0,activo
listas/L02_titulo_arriba_3.xlsx,Víctor Domínguez Sánchez,790656437,victor.dominguez30@outlook.es,2026-06-04,65,0,activo
listas/L02_titulo_arriba_3.xlsx,Hugo García Torres,741727027,,2026-04-07,50,1,activo
listas/L02_titulo_arriba_3.xlsx,Carla Moreno Domínguez,638871357,carla.moreno74@gmail.com,2026-09-03,55,0,activo
listas/L02_titulo_arriba_3.xlsx,Alba Blanco Vázquez,681763555,,2026-03-09,65,1,activo
listas/L02_titulo_arriba_3.xlsx,Paula Ruiz Ruiz,742600458,paula.ruiz58@yahoo.es,2026-02-27,60,0,activo
listas/L02_titulo_arriba_3.xlsx,Laura Domínguez Martín,684419484,,2026-03-27,55,1,activo
listas/L02_titulo_arriba_3.xlsx,Íker Alonso Sánchez,776801123,iker.alonso59@yahoo.es,2026-04-02,50,1,activo
listas/L02_titulo_arriba_3.xlsx,Raquel Serrano Hernández,661257385,raquel.serrano96@outlook.es,2026-02-01,50,1,activo
listas/L02_titulo_arriba_3.xlsx,Rubén Molina Romero,771474417,ruben.molina17@outlook.es,2026-04-03,60,1,activo
listas/L02_titulo_arriba_3.xlsx,Marta Torres Ramos,659173260,marta.torres11@yahoo.es,2026-02-11,35,1,activo
listas/L02_titulo_arriba_3.xlsx,Adrián Alonso Torres,695840069,adrian.alonso39@outlook.es,2026-04-27,45,1,activo
listas/L02_titulo_arriba_3.xlsx,Beatriz Ruiz Gil,727385927,beatriz.ruiz87@outlook.es,2026-08-27,65,1,activo
listas/L02_titulo_arriba_3.xlsx,Inés Jiménez Hernández,711109924,ines.jimenez98@hotmail.com,2026-06-29,50,1,activo
listas/L02_titulo_arriba_3.xlsx,Claudia Ramos Muñoz,693207735,,2026-07-22,65,1,activo
listas/L02_titulo_arriba_3.xlsx,Elena Ramírez Gil,651860298,elena.ramirez83@gmail.com,2026-04-05,35,0,activo
listas/L02_titulo_arriba_3.xlsx,Martina Hernández García,724343028,martina.hernandez68@gmail.com,2026-07-29,45,0,activo
listas/L02_titulo_arriba_3.xlsx,Óscar Martínez Torres,625199140,oscar.martinez3@outlook.es,2026-06-13,65,1,activo
listas/L02_titulo_arriba_3.xlsx,Cristina Ramos Martín,799778660,cristina.ramos92@outlook.es,2026-08-02,60,1,activo
listas/L02_titulo_arriba_3.xlsx,Paula Gómez Gutiérrez,751231174,paula.gomez8@yahoo.es,2026-01-12,50,0,activo
listas/L02_titulo_arriba_3.xlsx,Alba Gómez Gómez,720764025,alba.gomez15@yahoo.es,2026-07-18,65,1,activo
listas/L03_csv_puntoycoma_3.csv,Beatriz Molina Álvarez,703287672,beatriz.molina12@yahoo.es,2026-08-05,55,1,activo
listas/L03_csv_puntoycoma_3.csv,Raquel Vázquez Castro,792249576,raquel.vazquez36@hotmail.com,2026-07-19,55,1,activo
listas/L03_csv_puntoycoma_3.csv,Daniel Blanco Martín,644508260,daniel.blanco98@gmail.com,2026-08-03,60,0,activo
listas/L03_csv_puntoycoma_3.csv,Beatriz Molina Alonso,611391128,beatriz.molina95@outlook.es,2026-02-26,65,0,activo
listas/L03_csv_puntoycoma_3.csv,Víctor Gómez Moreno,723227402,victor.gomez61@hotmail.com,2026-07-22,40,1,activo
listas/L03_csv_puntoycoma_3.csv,Tomás Vázquez Díaz,745106476,tomas.vazquez24@hotmail.com,2026-08-01,65,1,activo
listas/L03_csv_puntoycoma_3.csv,Irene Molina Torres,611739671,irene.molina73@yahoo.es,2026-04-22,55,1,activo
listas/L03_csv_puntoycoma_3.csv,Cristina Díaz Blanco,633420429,,2026-09-01,50,1,activo
listas/L03_csv_puntoycoma_3.csv,Óscar Ruiz Hernández,683633370,oscar.ruiz81@yahoo.es,2026-04-07,35,1,activo
listas/L03_csv_puntoycoma_3.csv,Daniel Gómez Navarro,626664846,,2026-04-02,45,1,activo
listas/L03_csv_puntoycoma_3.csv,Javier Martín Martínez,744991295,,2026-04-13,35,0,activo
listas/L03_csv_puntoycoma_3.csv,Íker Blanco Fernández,679434509,iker.blanco57@outlook.es,2026-03-18,50,0,activo
listas/L03_csv_puntoycoma_3.csv,Mario Jiménez Hernández,680307466,mario.jimenez36@yahoo.es,2026-06-10,40,0,activo
listas/L03_csv_puntoycoma_3.csv,Íker Castro Serrano,738773845,,2026-07-16,65,0,activo
listas/L03_csv_puntoycoma_3.csv,Laura Blanco Moreno,644539247,laura.blanco42@outlook.es,2026-03-05,60,1,activo
listas/L03_csv_puntoycoma_3.csv,Carla Muñoz Sánchez,688739195,carla.munoz48@hotmail.com,2026-06-08,55,1,activo
listas/L03_csv_puntoycoma_3.csv,Marta Molina Ruiz,653745155,marta.molina3@hotmail.com,2026-06-21,65,0,activo
listas/L03_csv_puntoycoma_3.csv,Paula Moreno López,709965502,paula.moreno60@gmail.com,2026-02-14,60,0,activo
listas/L03_csv_puntoycoma_3.csv,Sofía Jiménez Jiménez,635633067,sofia.jimenez67@yahoo.es,2026-04-22,60,1,activo
listas/L03_csv_puntoycoma_3.csv,Víctor Ruiz Castro,749248578,victor.ruiz57@gmail.com,2026-06-11,50,1,activo
listas/L03_csv_puntoycoma_3.csv,Rubén Serrano Gutiérrez,660619067,,2026-08-16,55,1,activo
listas/L03_csv_puntoycoma_3.csv,Tomás Torres Gómez,624770866,tomas.torres80@outlook.es,2026-06-24,35,1,activo
listas/L03_csv_puntoycoma_3.csv,Sofía Vázquez Blanco,694193042,sofia.vazquez8@gmail.com,2026-06-19,60,1,activo
listas/L03_csv_puntoycoma_3.csv,Bruno Hernández Torres,647700152,bruno.hernandez62@gmail.com,2026-05-05,40,1,activo
listas/L03_csv_puntoycoma_3.csv,Claudia López Moreno,786643715,,2026-04-04,45,0,activo
listas/L03_csv_puntoycoma_3.csv,Marta Martínez Pérez,670612565,marta.martinez28@gmail.com,2026-08-28,60,1,activo
listas/L03_csv_puntoycoma_3.csv,Sergio Díaz Álvarez,669978114,sergio.diaz73@hotmail.com,2026-04-29,35,1,activo
listas/L04_csv_ingles_3.csv,Hugo Gómez Blanco,781880597,hugo.gomez94@yahoo.es,2026-03-02,65,1,activo
listas/L04_csv_ingles_3.csv,Diego Romero Romero,727222344,diego.romero78@outlook.es,2026-07-27,60,1,activo
listas/L04_csv_ingles_3.csv,Nerea Ruiz Martínez,642977931,nerea.ruiz64@hotmail.com,2026-06-12,55,1,activo
listas/L04_csv_ingles_3.csv,Álvaro García Molina,779447622,alvaro.garcia86@yahoo.es,2026-02-13,35,1,activo
listas/L04_csv_ingles_3.csv,Cristina Fernández Ramírez,785494169,cristina.fernandez99@hotmail.com,2026-05-19,60,1,activo
listas/L04_csv_ingles_3.csv,Irene Torres Fernández,769898636,irene.torres76@gmail.com,2026-02-15,45,1,activo
listas/L04_csv_ingles_3.csv,Beatriz Molina Vázquez,744049313,beatriz.molina17@outlook.es,2026-04-12,45,0,activo
listas/L04_csv_ingles_3.csv,Lucía Molina Ruiz,628661848,lucia.molina69@yahoo.es,2026-08-23,35,1,activo
listas/L04_csv_ingles_3.csv,Carla Molina López,686923599,carla.molina84@hotmail.com,2026-02-01,35,1,activo
listas/L04_csv_ingles_3.csv,Inés Álvarez Hernández,728925147,ines.alvarez84@outlook.es,2026-02-26,40,1,activo
listas/L04_csv_ingles_3.csv,Beatriz Muñoz Díaz,703781562,beatriz.munoz99@gmail.com,2026-06-18,45,0,activo
listas/L04_csv_ingles_3.csv,Bruno Vázquez Álvarez,687207619,bruno.vazquez33@outlook.es,2026-04-25,45,0,activo
listas/L04_csv_ingles_3.csv,Laura Muñoz Castro,604842232,laura.munoz79@hotmail.com,2026-01-22,50,0,activo
listas/L04_csv_ingles_3.csv,Cristina Gómez Gil,730134775,cristina.gomez5@hotmail.com,2026-06-09,45,1,activo
listas/L04_csv_ingles_3.csv,Claudia Domínguez Ramos,707027019,claudia.dominguez25@outlook.es,2026-07-18,50,0,activo
listas/L04_csv_ingles_3.csv,Javier Vázquez Domínguez,740077211,,2026-01-24,60,0,activo
listas/L04_csv_ingles_3.csv,Raúl Navarro Castro,733542139,raul.navarro59@yahoo.es,2026-02-19,45,1,activo
listas/L04_csv_ingles_3.csv,Rubén Jiménez Blanco,752779070,ruben.jimenez5@hotmail.com,2026-06-05,40,0,activo
listas/L04_csv_ingles_3.csv,Carla Ramos Gutiérrez,783539405,carla.ramos15@hotmail.com,2026-06-13,40,0,activo
listas/L04_csv_ingles_3.csv,Laura Alonso Ramírez,757915872,laura.alonso89@yahoo.es,2026-08-22,35,1,activo
listas/L04_csv_ingles_3.csv,Raúl Moreno Ramos,747208766,raul.moreno51@yahoo.es,2026-01-11,50,1,activo
listas/L04_csv_ingles_3.csv,Diego Vázquez Fernández,668630134,diego.vazquez46@yahoo.es,2026-07-14,45,1,activo
listas/L04_csv_ingles_3.csv,Jorge Pérez Ramírez,788170366,jorge.perez24@hotmail.com,2026-07-23,55,0,activo
listas/L04_csv_ingles_3.csv,Nerea Navarro Vázquez,606431329,nerea.navarro97@outlook.es,2026-01-08,45,0,activo
listas/L04_csv_ingles_3.csv,Íker Gómez Torres,709374964,iker.gomez73@yahoo.es,2026-06-08,40,1,activo
listas/L04_csv_ingles_3.csv,Hugo Muñoz Ruiz,725062758,hugo.munoz11@hotmail.com,2026-01-21,35,0,activo
listas/L04_csv_ingles_3.csv,Elena Ortiz Ramírez,778710934,elena.ortiz69@gmail.com,2026-01-05,35,1,activo
listas/L04_csv_ingles_3.csv,Hugo García López,633156338,,2026-04-06,35,1,activo
listas/L04_csv_ingles_3.csv,Lucía Molina García,618348045,lucia.molina81@gmail.com,2026-06-29,65,1,activo
listas/L04_csv_ingles_3.csv,Martina Jiménez Fernández,664299386,,2026-03-12,35,1,activo
listas/L05_sucio_3.xlsx,Óscar Gómez Pérez,690454241,oscar.gomez97@gmail.com,2026-04-20,45,0,activo
listas/L05_sucio_3.xlsx,Elena García Ortiz,615748498,elena.garcia60@outlook.es,2026-06-22,45,1,activo
listas/L05_sucio_3.xlsx,Óscar Serrano Ramos,652418746,oscar.serrano25@gmail.com,2026-06-17,45,0,activo
listas/L05_sucio_3.xlsx,Hugo Serrano Vázquez,779467342,,2026-07-19,40,0,activo
listas/L05_sucio_3.xlsx,Jorge Alonso Pérez,717127308,,2026-01-16,50,1,activo
listas/L05_sucio_3.xlsx,Javier Molina Romero,601444881,,2026-05-21,35,1,activo
listas/L05_sucio_3.xlsx,Martina Romero Ramos,770572820,martina.romero84@yahoo.es,2026-02-07,40,0,activo
listas/L05_sucio_3.xlsx,Paula Ortiz Serrano,790218298,paula.ortiz14@outlook.es,2026-05-31,60,1,activo
listas/L05_sucio_3.xlsx,Carla Moreno Torres,758937136,carla.moreno38@hotmail.com,2026-02-16,40,0,activo
listas/L05_sucio_3.xlsx,Adrián Domínguez Ramírez,751163893,adrian.dominguez83@gmail.com,2026-04-16,55,0,activo
listas/L05_sucio_3.xlsx,Adrián Sánchez Muñoz,617235514,adrian.sanchez65@outlook.es,2026-04-09,55,1,activo
listas/L05_sucio_3.xlsx,Sergio Moreno Martín,674718245,sergio.moreno64@outlook.es,2026-04-24,65,1,activo
listas/L05_sucio_3.xlsx,Andrea Navarro Gómez,735705973,andrea.navarro15@hotmail.com,2026-02-26,55,1,activo
listas/L05_sucio_3.xlsx,Martina Sánchez Domínguez,785905276,martina.sanchez45@outlook.es,2026-08-12,35,1,activo
listas/L05_sucio_3.xlsx,Marcos Ruiz Hernández,651544940,marcos.ruiz11@hotmail.com,2026-04-13,65,1,activo
listas/L05_sucio_3.xlsx,Sofía Alonso Hernández,658259229,sofia.alonso6@gmail.com,2026-09-05,40,1,activo
listas/L05_sucio_3.xlsx,Raquel López López,652318705,raquel.lopez55@hotmail.com,2026-02-20,40,1,activo
listas/L05_sucio_3.xlsx,Marta Jiménez Sánchez,728029136,,2026-01-15,65,0,activo
listas/L05_sucio_3.xlsx,Iván Fernández Pérez,694017706,ivan.fernandez5@yahoo.es,2026-01-29,40,1,activo
listas/L05_sucio_3.xlsx,Víctor Moreno Pérez,728343307,victor.moreno64@hotmail.com,2026-07-23,50,1,activo
listas/L05_sucio_3.xlsx,Alba García Navarro,642657638,alba.garcia57@hotmail.com,2026-08-19,60,0,activo
listas/L08_activos_y_bajas_3.xlsx,Raúl Álvarez Muñoz,604017082,raul.alvarez77@hotmail.com,2026-07-11,45,1,activo
listas/L08_activos_y_bajas_3.xlsx,Nerea Torres Ortiz,704343797,nerea.torres70@gmail.com,2026-07-14,55,0,activo
listas/L08_activos_y_bajas_3.xlsx,Hugo Alonso Álvarez,635463495,hugo.alonso7@gmail.com,2026-05-08,40,0,activo
listas/L08_activos_y_bajas_3.xlsx,Irene Ortiz Castro,697353800,irene.ortiz25@hotmail.com,2026-02-13,50,1,activo
listas/L08_activos_y_bajas_3.xlsx,Beatriz Gutiérrez Martín,765307183,beatriz.gutierrez50@gmail.com,2026-05-29,55,1,activo
listas/L08_activos_y_bajas_3.xlsx,Hugo Pérez Castro,607639212,hugo.perez98@gmail.com,2026-06-11,40,1,activo
listas/L08_activos_y_bajas_3.xlsx,Hugo Gómez Gil,751697162,hugo.gomez23@outlook.es,2026-03-22,60,1,activo
listas/L08_activos_y_bajas_3.xlsx,Bruno Pérez Martínez,657169286,bruno.perez92@yahoo.es,2026-01-28,40,1,activo
listas/L08_activos_y_bajas_3.xlsx,Laura Martín Fernández,603617335,laura.martin5@gmail.com,2026-02-08,65,1,activo
listas/L08_activos_y_bajas_3.xlsx,Raúl Molina Serrano,711561400,raul.molina77@hotmail.com,2026-06-12,50,0,activo
listas/L08_activos_y_bajas_3.xlsx,Marcos Ruiz Martín,702328217,marcos.ruiz64@hotmail.com,2026-02-09,65,1,activo
listas/L08_activos_y_bajas_3.xlsx,Pablo Muñoz Castro,785552373,,2026-08-13,45,1,activo
listas/L08_activos_y_bajas_3.xlsx,Andrea Romero Hernández,768863967,andrea.romero34@outlook.es,2026-02-03,35,1,activo
listas/L08_activos_y_bajas_3.xlsx,Gonzalo Álvarez Serrano,760868919,,2026-08-10,55,0,baja
listas/L08_activos_y_bajas_3.xlsx,Andrea Blanco Alonso,731069511,,2026-06-18,60,0,baja
listas/L08_activos_y_bajas_3.xlsx,Sara Serrano Gutiérrez,654797868,,2026-03-04,55,0,baja
listas/L08_activos_y_bajas_3.xlsx,Carla Domínguez Muñoz,683985296,,2026-08-27,40,0,baja
listas/L08_activos_y_bajas_3.xlsx,Marcos Domínguez Vázquez,753227834,,2026-07-26,45,0,baja
listas/L09_cabecera_doble_3.xlsx,Beatriz Domínguez Ortiz,726745817,beatriz.dominguez96@hotmail.com,2026-02-16,45,0,activo
listas/L09_cabecera_doble_3.xlsx,Iván Gutiérrez Ortiz,711142468,ivan.gutierrez29@outlook.es,2026-03-23,35,1,activo
listas/L09_cabecera_doble_3.xlsx,Andrea Navarro Sánchez,726600363,andrea.navarro10@hotmail.com,2026-04-03,60,0,activo
listas/L09_cabecera_doble_3.xlsx,Marta Sánchez Molina,639864139,,2026-02-23,60,1,activo
listas/L09_cabecera_doble_3.xlsx,Pablo Ruiz Muñoz,611992226,,2026-06-05,50,0,activo
listas/L09_cabecera_doble_3.xlsx,Inés Ortiz Molina,645709353,ines.ortiz79@outlook.es,2026-04-27,60,1,activo
listas/L09_cabecera_doble_3.xlsx,Marcos Blanco García,642522923,,2026-05-24,65,1,activo
listas/L09_cabecera_doble_3.xlsx,Adrián Serrano Domínguez,781137388,adrian.serrano68@outlook.es,2026-01-20,55,0,activo
listas/L09_cabecera_doble_3.xlsx,Jorge Hernández Díaz,691809261,jorge.hernandez73@gmail.com,2026-06-15,40,1,activo
listas/L09_cabecera_doble_3.xlsx,Rubén Martín Serrano,728500180,ruben.martin88@outlook.es,2026-02-04,65,0,activo
listas/L09_cabecera_doble_3.xlsx,Diego Domínguez Ruiz,678563696,,2026-05-20,65,0,activo
listas/L09_cabecera_doble_3.xlsx,Raúl Vázquez Gutiérrez,786649989,raul.vazquez81@yahoo.es,2026-04-09,50,1,activo
listas/L09_cabecera_doble_3.xlsx,Sara Gil Castro,701445077,,2026-07-04,40,0,activo
listas/L09_cabecera_doble_3.xlsx,Iván Gómez Castro,785177670,,2026-06-06,65,1,activo
listas/L09_cabecera_doble_3.xlsx,Íker Romero Fernández,677433680,,2026-01-31,55,1,activo
listas/L09_cabecera_doble_3.xlsx,Irene Sánchez Hernández,681922075,irene.sanchez49@hotmail.com,2026-09-06,35,1,activo
listas/L10_csv_tabulador_3.csv,Íker Romero Gil,636498492,iker.romero50@outlook.es,2026-04-27,65,1,activo
listas/L10_csv_tabulador_3.csv,Iván Martín Sánchez,739676514,,2026-05-28,60,1,activo
listas/L10_csv_tabulador_3.csv,Bruno García Gutiérrez,659473549,bruno.garcia8@outlook.es,2026-03-23,35,0,activo
listas/L10_csv_tabulador_3.csv,Tomás Domínguez Álvarez,720136262,tomas.dominguez76@outlook.es,2026-07-15,35,1,activo
listas/L10_csv_tabulador_3.csv,Hugo Hernández Romero,716429472,hugo.hernandez23@outlook.es,2026-06-01,40,1,activo
listas/L10_csv_tabulador_3.csv,Laura Ortiz Álvarez,600536728,laura.ortiz73@outlook.es,2026-07-11,40,1,activo
listas/L10_csv_tabulador_3.csv,Raquel Navarro Molina,641425391,raquel.navarro33@gmail.com,2026-06-14,45,1,activo
listas/L10_csv_tabulador_3.csv,Bruno Gutiérrez Gómez,649855961,bruno.gutierrez96@yahoo.es,2026-04-13,50,1,activo
listas/L10_csv_tabulador_3.csv,Daniel Blanco Ramírez,726367885,daniel.blanco53@outlook.es,2026-04-23,45,1,activo
listas/L10_csv_tabulador_3.csv,Adrián Molina Ruiz,779014636,adrian.molina77@gmail.com,2026-01-09,60,1,activo
listas/L10_csv_tabulador_3.csv,Marcos Navarro Díaz,675942655,,2026-06-04,65,0,activo
listas/L10_csv_tabulador_3.csv,Marta Ramos Molina,602173767,marta.ramos79@outlook.es,2026-05-23,45,1,activo
listas/L10_csv_tabulador_3.csv,Lucía Jiménez Gutiérrez,698813216,lucia.jimenez99@outlook.es,2026-06-17,55,1,activo
listas/L10_csv_tabulador_3.csv,Gonzalo López Castro,781844555,gonzalo.lopez69@gmail.com,2026-07-30,60,1,activo
listas/L10_csv_tabulador_3.csv,Iván Serrano Gómez,789071931,,2026-03-14,35,0,activo
listas/L10_csv_tabulador_3.csv,Andrea Serrano López,669174034,andrea.serrano48@hotmail.com,2026-07-01,45,1,activo
listas/L10_csv_tabulador_3.csv,Marta Alonso Ramírez,774242624,marta.alonso62@outlook.es,2026-02-22,40,0,activo
listas/L10_csv_tabulador_3.csv,Nerea Sánchez Gómez,754858775,nerea.sanchez37@outlook.es,2026-02-14,65,1,activo
listas/L10_csv_tabulador_3.csv,Andrea Hernández Díaz,706495314,andrea.hernandez2@gmail.com,2026-09-02,40,1,activo
listas/L10_csv_tabulador_3.csv,Iván Álvarez Castro,760073345,,2026-05-08,55,0,activo
listas/L10_csv_tabulador_3.csv,Claudia Alonso Alonso,660417910,claudia.alonso54@hotmail.com,2026-07-17,65,1,activo
listas/L10_csv_tabulador_3.csv,Álvaro Ortiz Romero,612709299,alvaro.ortiz81@outlook.es,2026-03-24,45,0,activo
listas/L10_csv_tabulador_3.csv,Raquel López Blanco,780221145,raquel.lopez93@hotmail.com,2026-02-07,65,1,activo
listas/L10_csv_tabulador_3.csv,Elena Pérez Ramos,615939351,,2026-04-10,35,1,activo
listas/L01_socios_limpio_4.xlsx,Andrea Alonso Serrano,710251294,andrea.alonso8@hotmail.com,2026-01-06,35,0,activo
listas/L01_socios_limpio_4.xlsx,Claudia Sánchez Navarro,650275271,claudia.sanchez59@yahoo.es,2026-08-04,60,1,activo
listas/L01_socios_limpio_4.xlsx,Paula Serrano Navarro,727363399,paula.serrano1@outlook.es,2026-04-06,40,0,activo
listas/L01_socios_limpio_4.xlsx,Daniel Navarro Martín,752715263,daniel.navarro70@yahoo.es,2026-02-05,60,0,activo
listas/L01_socios_limpio_4.xlsx,Inés Navarro Torres,647094461,ines.navarro61@gmail.com,2026-05-26,65,1,activo
listas/L01_socios_limpio_4.xlsx,Víctor Ruiz Jiménez,773379661,victor.ruiz67@yahoo.es,2026-02-17,40,1,activo
listas/L01_socios_limpio_4.xlsx,Iván Castro Ramírez,766515525,ivan.castro44@hotmail.com,2026-05-28,55,1,activo
listas/L01_socios_limpio_4.xlsx,Nerea Hernández Serrano,778863565,nerea.hernandez61@outlook.es,2026-03-07,45,1,activo
listas/L01_socios_limpio_4.xlsx,Cristina Pérez Gómez,760826963,cristina.perez39@gmail.com,2026-07-02,65,1,activo
listas/L01_socios_limpio_4.xlsx,Víctor Gil Ramírez,656525569,victor.gil80@yahoo.es,2026-05-08,55,0,activo
listas/L01_socios_limpio_4.xlsx,Inés Blanco López,690286115,ines.blanco78@hotmail.com,2026-07-13,45,1,activo
listas/L01_socios_limpio_4.xlsx,Iván Díaz Ramos,626144430,,2026-02-27,65,1,activo
listas/L01_socios_limpio_4.xlsx,Álvaro Vázquez Martín,641164160,alvaro.vazquez32@outlook.es,2026-06-03,60,1,activo
listas/L01_socios_limpio_4.xlsx,Elena Serrano Romero,755850429,elena.serrano34@hotmail.com,2026-04-26,35,1,activo
listas/L01_socios_limpio_4.xlsx,Diego Domínguez Torres,739186033,diego.dominguez1@yahoo.es,2026-01-15,55,1,activo
listas/L01_socios_limpio_4.xlsx,Nerea Fernández Gómez,790383489,nerea.fernandez20@hotmail.com,2026-01-08,45,1,activo
listas/L01_socios_limpio_4.xlsx,Óscar Molina Sánchez,621651623,oscar.molina46@yahoo.es,2026-04-08,35,1,activo
listas/L01_socios_limpio_4.xlsx,Diego Fernández Jiménez,733766475,diego.fernandez43@hotmail.com,2026-02-08,40,1,activo
listas/L01_socios_limpio_4.xlsx,Cristina Vázquez Gil,777205113,cristina.vazquez65@outlook.es,2026-05-13,65,1,activo
listas/L01_socios_limpio_4.xlsx,Álvaro Gómez Sánchez,769947500,,2026-01-30,45,0,activo
listas/L02_titulo_arriba_4.xlsx,Elena Gómez Martín,745457469,,2026-04-02,60,1,activo
listas/L02_titulo_arriba_4.xlsx,Elena Martín Jiménez,696067416,elena.martin89@outlook.es,2026-06-17,50,1,activo
listas/L02_titulo_arriba_4.xlsx,Adrián Díaz Fernández,672207244,adrian.diaz35@hotmail.com,2026-04-14,50,1,activo
listas/L02_titulo_arriba_4.xlsx,Paula García Molina,671160795,paula.garcia44@yahoo.es,2026-02-05,65,1,activo
listas/L02_titulo_arriba_4.xlsx,Daniel Hernández Hernández,745477283,daniel.hernandez86@hotmail.com,2026-08-04,40,0,activo
listas/L02_titulo_arriba_4.xlsx,Lucía Gutiérrez Jiménez,681715254,lucia.gutierrez86@gmail.com,2026-04-05,65,1,activo
listas/L02_titulo_arriba_4.xlsx,Gonzalo Jiménez Vázquez,626144503,gonzalo.jimenez74@outlook.es,2026-06-27,40,1,activo
listas/L02_titulo_arriba_4.xlsx,Nuria Ramos Vázquez,649863391,nuria.ramos26@yahoo.es,2026-02-24,40,1,activo
listas/L02_titulo_arriba_4.xlsx,Marcos Ramírez Hernández,771249582,marcos.ramirez66@gmail.com,2026-03-13,55,0,activo
listas/L02_titulo_arriba_4.xlsx,Inés Navarro Gil,613689585,ines.navarro6@outlook.es,2026-01-01,60,1,activo
listas/L02_titulo_arriba_4.xlsx,Adrián López Molina,778410893,adrian.lopez38@yahoo.es,2026-07-23,40,1,activo
listas/L02_titulo_arriba_4.xlsx,Nerea Jiménez Díaz,627944061,nerea.jimenez85@hotmail.com,2026-01-20,65,1,activo
listas/L02_titulo_arriba_4.xlsx,Alba Blanco Hernández,755736592,alba.blanco40@yahoo.es,2026-04-19,45,1,activo
listas/L03_csv_puntoycoma_4.csv,Sofía Ruiz Domínguez,647962794,sofia.ruiz24@hotmail.com,2026-09-08,35,1,activo
listas/L03_csv_puntoycoma_4.csv,Nuria Jiménez Martín,656240001,nuria.jimenez66@outlook.es,2026-07-24,35,0,activo
listas/L03_csv_puntoycoma_4.csv,Laura Alonso Pérez,770760760,laura.alonso53@gmail.com,2026-02-27,55,0,activo
listas/L03_csv_puntoycoma_4.csv,Gonzalo Álvarez Díaz,627921664,gonzalo.alvarez62@yahoo.es,2026-05-20,45,1,activo
listas/L03_csv_puntoycoma_4.csv,Sofía Moreno Castro,703552097,,2026-08-31,65,0,activo
listas/L03_csv_puntoycoma_4.csv,Javier Ramos Díaz,648393973,javier.ramos34@yahoo.es,2026-08-12,55,1,activo
listas/L03_csv_puntoycoma_4.csv,Sofía Romero Navarro,697780394,,2026-08-24,60,1,activo
listas/L03_csv_puntoycoma_4.csv,Elena Ortiz Romero,624243777,elena.ortiz66@outlook.es,2026-01-31,60,1,activo
listas/L03_csv_puntoycoma_4.csv,Mario Díaz Pérez,649512581,mario.diaz15@yahoo.es,2026-07-13,35,1,activo
listas/L03_csv_puntoycoma_4.csv,Diego Álvarez Fernández,748853529,diego.alvarez10@hotmail.com,2026-01-29,55,0,activo
listas/L03_csv_puntoycoma_4.csv,Alba Ramos Navarro,717394678,alba.ramos14@outlook.es,2026-05-11,50,1,activo
listas/L03_csv_puntoycoma_4.csv,Mario Gutiérrez Domínguez,702216620,mario.gutierrez90@outlook.es,2026-03-05,45,0,activo
listas/L03_csv_puntoycoma_4.csv,Paula Domínguez Jiménez,702920761,paula.dominguez86@hotmail.com,2026-07-01,60,1,activo
listas/L03_csv_puntoycoma_4.csv,Hugo Muñoz Díaz,643143742,hugo.munoz86@outlook.es,2026-06-18,35,0,activo
listas/L03_csv_puntoycoma_4.csv,Elena Torres Ramos,776741111,elena.torres46@gmail.com,2026-07-25,55,1,activo
listas/L03_csv_puntoycoma_4.csv,Gonzalo Serrano Moreno,796989803,gonzalo.serrano73@hotmail.com,2026-08-05,35,0,activo
listas/L03_csv_puntoycoma_4.csv,Javier Castro Jiménez,720533071,javier.castro34@hotmail.com,2026-06-05,45,1,activo
listas/L03_csv_puntoycoma_4.csv,Nerea Díaz Martín,654292540,,2026-05-29,65,1,activo
listas/L03_csv_puntoycoma_4.csv,Noelia Ortiz Navarro,723750668,noelia.ortiz91@outlook.es,2026-06-20,45,0,activo
listas/L03_csv_puntoycoma_4.csv,Carla Moreno Álvarez,779349423,carla.moreno75@gmail.com,2026-03-26,65,1,activo
listas/L03_csv_puntoycoma_4.csv,Óscar Ramos Martínez,672638816,,2026-08-11,60,1,activo
listas/L03_csv_puntoycoma_4.csv,Bruno Martín Torres,646081214,bruno.martin5@hotmail.com,2026-02-18,50,1,activo
listas/L03_csv_puntoycoma_4.csv,Noelia Ruiz Ruiz,755535689,noelia.ruiz48@yahoo.es,2026-09-08,65,1,activo
listas/L04_csv_ingles_4.csv,Lucía Gutiérrez Castro,687591087,lucia.gutierrez26@outlook.es,2026-04-03,65,0,activo
listas/L04_csv_ingles_4.csv,Beatriz Muñoz Gil,697995051,,2026-02-02,50,0,activo
listas/L04_csv_ingles_4.csv,Iván Pérez Molina,630670656,ivan.perez46@outlook.es,2026-02-05,55,1,activo
listas/L04_csv_ingles_4.csv,Álvaro Hernández Navarro,618168230,alvaro.hernandez78@hotmail.com,2026-02-27,40,1,activo
listas/L04_csv_ingles_4.csv,Bruno Romero Martínez,765801583,bruno.romero44@outlook.es,2026-05-06,55,1,activo
listas/L04_csv_ingles_4.csv,Diego Navarro Molina,656453529,diego.navarro37@hotmail.com,2026-05-30,35,1,activo
listas/L04_csv_ingles_4.csv,Raquel Vázquez Ruiz,791738369,,2026-03-05,55,0,activo
listas/L04_csv_ingles_4.csv,Sergio Díaz Gómez,652164439,sergio.diaz90@hotmail.com,2026-04-14,50,1,activo
listas/L04_csv_ingles_4.csv,Marta Muñoz Gutiérrez,623977779,marta.munoz31@yahoo.es,2026-02-22,60,1,activo
listas/L04_csv_ingles_4.csv,Marcos Ramírez Martín,790160422,,2026-07-02,35,1,activo
listas/L04_csv_ingles_4.csv,Tomás Romero Ortiz,727814090,tomas.romero35@yahoo.es,2026-05-09,35,0,activo
listas/L04_csv_ingles_4.csv,Rubén Torres Moreno,617939835,ruben.torres99@outlook.es,2026-01-11,45,0,activo
listas/L04_csv_ingles_4.csv,Laura Gómez Gil,655617764,,2026-08-05,40,1,activo
listas/L04_csv_ingles_4.csv,Óscar Gómez Sánchez,716543475,oscar.gomez23@hotmail.com,2026-02-21,50,1,activo
listas/L04_csv_ingles_4.csv,Diego Gil Álvarez,678673782,diego.gil35@outlook.es,2026-08-05,35,1,activo
listas/L04_csv_ingles_4.csv,Elena Domínguez Gil,743782857,elena.dominguez92@yahoo.es,2026-08-25,45,1,activo
listas/L04_csv_ingles_4.csv,Álvaro Ortiz Muñoz,614613894,alvaro.ortiz1@hotmail.com,2026-05-10,45,1,activo
listas/L04_csv_ingles_4.csv,Sergio Ramírez Ramos,790474627,,2026-06-06,65,1,activo
listas/L05_sucio_4.xlsx,Nuria Gómez Ramírez,706064285,nuria.gomez46@hotmail.com,2026-07-27,55,1,activo
listas/L05_sucio_4.xlsx,Raúl Navarro Domínguez,790872624,raul.navarro16@outlook.es,2026-01-17,60,1,activo
listas/L05_sucio_4.xlsx,Carla Pérez Blanco,709881813,carla.perez7@yahoo.es,2026-09-04,50,1,activo
listas/L05_sucio_4.xlsx,Sara Fernández López,796670676,,2026-04-18,35,0,activo
listas/L05_sucio_4.xlsx,Óscar Sánchez Castro,791183026,oscar.sanchez82@gmail.com,2026-04-17,35,1,activo
listas/L05_sucio_4.xlsx,Pablo Vázquez Martínez,750544816,pablo.vazquez41@yahoo.es,2026-02-15,35,1,activo
listas/L05_sucio_4.xlsx,Rubén Ramos Gutiérrez,624737917,ruben.ramos94@gmail.com,2026-01-14,60,1,activo
listas/L05_sucio_4.xlsx,Raúl Ortiz Gutiérrez,694756932,raul.ortiz82@yahoo.es,2026-01-21,40,0,activo
listas/L05_sucio_4.xlsx,Noelia García Blanco,748780589,noelia.garcia21@hotmail.com,2026-01-18,45,0,activo
listas/L05_sucio_4.xlsx,Bruno Blanco Sánchez,769254112,bruno.blanco92@yahoo.es,2026-06-14,35,1,activo
listas/L05_sucio_4.xlsx,Raúl López Muñoz,732193588,raul.lopez58@gmail.com,2026-08-11,55,0,activo
listas/L05_sucio_4.xlsx,Hugo Alonso Vázquez,660356134,hugo.alonso28@hotmail.com,2026-07-05,50,1,activo
listas/L05_sucio_4.xlsx,Lucía Gómez Martínez,698168112,lucia.gomez20@yahoo.es,2026-04-18,50,1,activo
listas/L05_sucio_4.xlsx,Cristina Martín López,684518797,cristina.martin6@yahoo.es,2026-07-10,60,1,activo
listas/L05_sucio_4.xlsx,Elena Pérez Hernández,663639781,,2026-08-13,55,1,activo
listas/L05_sucio_4.xlsx,Tomás Díaz Pérez,780560118,tomas.diaz21@outlook.es,2026-03-06,40,0,activo
listas/L05_sucio_4.xlsx,Daniel Gil Moreno,733393739,,2026-02-06,65,0,activo
listas/L08_activos_y_bajas_4.xlsx,Irene Fernández Vázquez,608202565,irene.fernandez56@gmail.com,2026-06-25,45,1,activo
listas/L08_activos_y_bajas_4.xlsx,Bruno Molina Blanco,725317961,bruno.molina94@gmail.com,2026-04-07,50,1,activo
listas/L08_activos_y_bajas_4.xlsx,Inés Martínez Torres,744698810,ines.martinez48@hotmail.com,2026-03-05,50,1,activo
listas/L08_activos_y_bajas_4.xlsx,Rubén Alonso Navarro,730732584,ruben.alonso35@outlook.es,2026-04-19,55,1,activo
listas/L08_activos_y_bajas_4.xlsx,Marta Fernández Domínguez,602195117,marta.fernandez44@outlook.es,2026-06-19,35,0,activo
listas/L08_activos_y_bajas_4.xlsx,Nerea Alonso Alonso,606775554,nerea.alonso76@hotmail.com,2026-01-15,65,1,activo
listas/L08_activos_y_bajas_4.xlsx,Nuria Torres Pérez,684251149,nuria.torres3@outlook.es,2026-04-06,35,1,activo
listas/L08_activos_y_bajas_4.xlsx,Rubén Blanco Hernández,748466643,ruben.blanco18@gmail.com,2026-07-26,45,0,activo
listas/L08_activos_y_bajas_4.xlsx,Javier Torres López,780813350,,2026-08-20,60,1,activo
listas/L08_activos_y_bajas_4.xlsx,Bruno Vázquez Vázquez,629160942,bruno.vazquez44@hotmail.com,2026-07-17,45,0,activo
listas/L08_activos_y_bajas_4.xlsx,Nerea Vázquez Ramírez,768521981,,2026-02-15,50,0,activo
listas/L08_activos_y_bajas_4.xlsx,Tomás Gutiérrez Ramos,692139035,,2026-07-07,55,0,activo
listas/L08_activos_y_bajas_4.xlsx,Noelia Martín Serrano,724703767,,2026-03-26,40,1,activo
listas/L08_activos_y_bajas_4.xlsx,Andrea Navarro Jiménez,615283637,andrea.navarro89@hotmail.com,2026-06-27,45,1,activo
listas/L08_activos_y_bajas_4.xlsx,Alba Álvarez Martínez,787549353,,2026-06-17,55,0,baja
listas/L08_activos_y_bajas_4.xlsx,Daniel Blanco Martínez,685213702,,2026-07-01,65,0,baja
listas/L08_activos_y_bajas_4.xlsx,Víctor Fernández Gutiérrez,774686412,,2026-02-10,45,0,baja
listas/L08_activos_y_bajas_4.xlsx,Diego López Serrano,761476527,,2026-02-20,40,0,baja
listas/L09_cabecera_doble_4.xlsx,Noelia Castro Castro,765246623,noelia.castro4@hotmail.com,2026-01-13,45,0,activo
listas/L09_cabecera_doble_4.xlsx,Claudia Martínez Navarro,776457334,claudia.martinez48@hotmail.com,2026-02-22,50,0,activo
listas/L09_cabecera_doble_4.xlsx,Paula Martínez Álvarez,758242445,,2026-07-22,35,1,activo
listas/L09_cabecera_doble_4.xlsx,Claudia Castro Blanco,677996733,claudia.castro25@outlook.es,2026-02-13,60,1,activo
listas/L09_cabecera_doble_4.xlsx,Sofía Torres Hernández,605949675,sofia.torres66@yahoo.es,2026-08-17,35,1,activo
listas/L09_cabecera_doble_4.xlsx,Raquel Martínez Vázquez,663388442,raquel.martinez34@hotmail.com,2026-02-07,60,1,activo
listas/L09_cabecera_doble_4.xlsx,Hugo Gómez Fernández,684626751,,2026-08-01,55,1,activo
listas/L09_cabecera_doble_4.xlsx,Laura Martínez Muñoz,677976803,laura.martinez73@outlook.es,2026-09-04,65,1,activo
listas/L09_cabecera_doble_4.xlsx,Óscar Ramos Fernández,736408088,oscar.ramos92@outlook.es,2026-01-31,40,1,activo
listas/L09_cabecera_doble_4.xlsx,Lucía Martínez Ramírez,719386481,lucia.martinez68@hotmail.com,2026-01-14,60,0,activo
listas/L09_cabecera_doble_4.xlsx,Alba Pérez Domínguez,623297874,alba.perez60@hotmail.com,2026-07-06,40,0,activo
listas/L09_cabecera_doble_4.xlsx,Raquel Fernández López,640182112,,2026-01-29,65,1,activo
listas/L09_cabecera_doble_4.xlsx,Íker Álvarez Alonso,663792391,iker.alvarez59@outlook.es,2026-03-27,40,0,activo
listas/L09_cabecera_doble_4.xlsx,Javier Gutiérrez Gómez,751275513,javier.gutierrez11@yahoo.es,2026-08-20,65,1,activo
listas/L09_cabecera_doble_4.xlsx,Daniel Sánchez Martínez,736028462,daniel.sanchez10@outlook.es,2026-02-02,45,1,activo
listas/L09_cabecera_doble_4.xlsx,Paula Gutiérrez Gil,666700120,paula.gutierrez64@gmail.com,2026-01-16,50,1,activo
listas/L09_cabecera_doble_4.xlsx,Tomás Hernández Ruiz,720033303,tomas.hernandez57@outlook.es,2026-07-05,55,1,activo
listas/L09_cabecera_doble_4.xlsx,Mario Ramos Muñoz,655319363,,2026-06-06,35,1,activo
listas/L09_cabecera_doble_4.xlsx,Tomás López Gutiérrez,656315671,,2026-04-02,40,1,activo
listas/L09_cabecera_doble_4.xlsx,Sergio Díaz Alonso,696845396,,2026-05-24,50,1,activo
listas/L09_cabecera_doble_4.xlsx,Paula Gutiérrez Navarro,676230574,paula.gutierrez44@outlook.es,2026-05-11,45,1,activo
listas/L10_csv_tabulador_4.csv,Sara Ruiz Sánchez,744582302,,2026-07-31,35,1,activo
listas/L10_csv_tabulador_4.csv,Martina Díaz Molina,762508454,,2026-01-30,60,1,activo
listas/L10_csv_tabulador_4.csv,Cristina Martínez Gil,613731997,,2026-06-25,60,1,activo
listas/L10_csv_tabulador_4.csv,Adrián Martínez Ortiz,761041116,adrian.martinez16@hotmail.com,2026-06-05,60,1,activo
listas/L10_csv_tabulador_4.csv,Jorge Hernández Álvarez,699822377,,2026-09-07,35,1,activo
listas/L10_csv_tabulador_4.csv,Raquel Fernández Ruiz,691067513,raquel.fernandez60@outlook.es,2026-03-17,65,1,activo
listas/L10_csv_tabulador_4.csv,Noelia Navarro Serrano,666012447,noelia.navarro85@outlook.es,2026-04-29,45,1,activo
listas/L10_csv_tabulador_4.csv,Cristina Jiménez Navarro,715497994,cristina.jimenez44@gmail.com,2026-05-18,55,1,activo
listas/L10_csv_tabulador_4.csv,Marcos Pérez Ramos,608711972,marcos.perez49@gmail.com,2026-07-13,60,0,activo
listas/L10_csv_tabulador_4.csv,Daniel Romero Romero,683966831,,2026-04-07,55,1,activo
listas/L10_csv_tabulador_4.csv,Noelia Ortiz Moreno,664595450,noelia.ortiz41@outlook.es,2026-04-11,60,1,activo
listas/L10_csv_tabulador_4.csv,Daniel Ortiz Alonso,629640186,daniel.ortiz44@yahoo.es,2026-05-14,45,1,activo
listas/L10_csv_tabulador_4.csv,Bruno Gómez Gómez,741788370,,2026-08-04,50,1,activo
listas/L10_csv_tabulador_4.csv,Jorge Ortiz Gutiérrez,652843642,jorge.ortiz95@outlook.es,2026-02-13,60,1,activo
listas/L10_csv_tabulador_4.csv,Íker Castro Álvarez,722531654,,2026-04-12,50,1,activo
listas/L10_csv_tabulador_4.csv,Javier Castro Martín,653747422,javier.castro97@outlook.es,2026-04-15,50,1,activo
listas/L10_csv_tabulador_4.csv,Nuria Martínez Moreno,624603096,nuria.martinez68@gmail.com,2026-07-18,45,1,activo
listas/L10_csv_tabulador_4.csv,Álvaro Gutiérrez Martínez,710117732,alvaro.gutierrez12@gmail.com,2026-08-30,55,1,activo
listas/L10_csv_tabulador_4.csv,Javier Martín Torres,735131384,javier.martin75@gmail.com,2026-08-22,45,0,activo
listas/L10_csv_tabulador_4.csv,Paula Domínguez Gómez,650928344,paula.dominguez92@hotmail.com,2026-07-27,50,1,activo
listas/L10_csv_tabulador_4.csv,Noelia Hernández Castro,765489171,noelia.hernandez74@yahoo.es,2026-06-04,35,0,activo
listas/L10_csv_tabulador_4.csv,Álvaro Gómez López,642723467,alvaro.gomez13@hotmail.com,2026-03-06,50,1,activo
listas/L10_csv_tabulador_4.csv,Andrea Molina Gómez,799798161,andrea.molina31@gmail.com,2026-09-06,60,0,activo
listas/L10_csv_tabulador_4.csv,Laura Gómez Romero,755661041,laura.gomez86@outlook.es,2026-06-28,40,1,activo
listas/L10_csv_tabulador_4.csv,Víctor Moreno Torres,609253888,,2026-03-21,45,1,activo
listas/L01_socios_limpio_5.xlsx,Íker Gómez García,685540743,,2026-04-06,50,0,activo
listas/L01_socios_limpio_5.xlsx,Nerea Pérez Martín,707390251,,2026-06-13,55,1,activo
listas/L01_socios_limpio_5.xlsx,Daniel Pérez Jiménez,638974179,daniel.perez35@gmail.com,2026-01-25,45,0,activo
listas/L01_socios_limpio_5.xlsx,Daniel Romero Serrano,665203195,,2026-03-01,55,1,activo
listas/L01_socios_limpio_5.xlsx,Víctor Álvarez García,650867020,victor.alvarez93@outlook.es,2026-06-27,45,0,activo
listas/L01_socios_limpio_5.xlsx,Bruno Martín Serrano,703581261,bruno.martin95@yahoo.es,2026-05-20,40,1,activo
listas/L01_socios_limpio_5.xlsx,Raquel Molina Jiménez,642564850,raquel.molina1@yahoo.es,2026-03-24,45,1,activo
listas/L01_socios_limpio_5.xlsx,Beatriz Torres López,754745344,beatriz.torres17@hotmail.com,2026-02-13,55,1,activo
listas/L01_socios_limpio_5.xlsx,Íker Sánchez Molina,761663456,iker.sanchez68@outlook.es,2026-02-03,35,1,activo
listas/L01_socios_limpio_5.xlsx,Daniel Ramos Romero,733682651,daniel.ramos75@hotmail.com,2026-05-01,35,0,activo
listas/L01_socios_limpio_5.xlsx,Sofía Jiménez Blanco,689597394,sofia.jimenez44@yahoo.es,2026-03-05,40,1,activo
listas/L01_socios_limpio_5.xlsx,Beatriz Domínguez Blanco,767177296,beatriz.dominguez11@hotmail.com,2026-05-30,45,1,activo
listas/L01_socios_limpio_5.xlsx,Tomás Moreno Domínguez,616256653,,2026-01-21,50,1,activo
listas/L01_socios_limpio_5.xlsx,Laura Alonso Domínguez,668010514,laura.alonso37@gmail.com,2026-04-11,55,0,activo
listas/L01_socios_limpio_5.xlsx,Noelia Gutiérrez Castro,651102873,,2026-01-07,55,1,activo
listas/L01_socios_limpio_5.xlsx,Noelia Gómez Blanco,652249580,,2026-07-19,50,1,activo
listas/L01_socios_limpio_5.xlsx,Rubén Blanco Martín,761804392,ruben.blanco54@yahoo.es,2026-06-11,50,1,activo
listas/L01_socios_limpio_5.xlsx,Álvaro Hernández Romero,734073377,alvaro.hernandez60@yahoo.es,2026-07-27,35,1,activo
listas/L01_socios_limpio_5.xlsx,Nerea Gil Sánchez,666191989,nerea.gil10@yahoo.es,2026-09-04,60,0,activo
listas/L01_socios_limpio_5.xlsx,Laura Alonso García,689578150,laura.alonso88@yahoo.es,2026-03-26,35,1,activo
listas/L01_socios_limpio_5.xlsx,Elena Martínez Jiménez,666378845,elena.martinez77@hotmail.com,2026-06-06,60,0,activo
listas/L01_socios_limpio_5.xlsx,Adrián Torres Díaz,795529052,adrian.torres34@yahoo.es,2026-05-28,65,1,activo
listas/L01_socios_limpio_5.xlsx,Adrián Romero Navarro,610331905,adrian.romero78@yahoo.es,2026-04-05,65,1,activo
listas/L01_socios_limpio_5.xlsx,Nuria Díaz Navarro,764350624,nuria.diaz1@hotmail.com,2026-06-25,55,0,activo
listas/L01_socios_limpio_5.xlsx,Martina Pérez Martínez,685424429,,2026-01-28,40,1,activo
listas/L01_socios_limpio_5.xlsx,Irene Castro Castro,658620088,irene.castro3@gmail.com,2026-04-10,50,1,activo
listas/L01_socios_limpio_5.xlsx,Hugo Ortiz Ramos,717726978,hugo.ortiz28@hotmail.com,2026-07-22,55,1,activo
listas/L01_socios_limpio_5.xlsx,Marcos Martín Sánchez,620611261,marcos.martin95@yahoo.es,2026-01-16,35,1,activo
listas/L02_titulo_arriba_5.xlsx,Pablo Alonso Martín,619195993,pablo.alonso22@hotmail.com,2026-04-02,45,1,activo
listas/L02_titulo_arriba_5.xlsx,Jorge Martín Ramos,601556674,jorge.martin51@hotmail.com,2026-05-24,60,1,activo
listas/L02_titulo_arriba_5.xlsx,Irene Álvarez Jiménez,741141352,irene.alvarez46@gmail.com,2026-03-31,55,1,activo
listas/L02_titulo_arriba_5.xlsx,Lucía Muñoz Vázquez,639983471,,2026-01-03,35,1,activo
listas/L02_titulo_arriba_5.xlsx,Beatriz Blanco Torres,706120104,beatriz.blanco8@outlook.es,2026-04-04,60,1,activo
listas/L02_titulo_arriba_5.xlsx,Sofía Vázquez Vázquez,631371316,sofia.vazquez41@outlook.es,2026-08-26,55,1,activo
listas/L02_titulo_arriba_5.xlsx,Irene Gil Ramírez,646955627,irene.gil28@gmail.com,2026-03-15,40,1,activo
listas/L02_titulo_arriba_5.xlsx,Laura Ramírez García,798207408,laura.ramirez57@outlook.es,2026-05-02,50,1,activo
listas/L02_titulo_arriba_5.xlsx,Lucía Muñoz Vázquez,665611289,lucia.munoz31@hotmail.com,2026-03-31,35,0,activo
listas/L02_titulo_arriba_5.xlsx,Laura García Vázquez,698702056,laura.garcia2@outlook.es,2026-01-14,60,1,activo
listas/L02_titulo_arriba_5.xlsx,Laura Gil López,720104675,laura.gil13@yahoo.es,2026-04-16,55,1,activo
listas/L02_titulo_arriba_5.xlsx,Mario Romero Alonso,734601234,,2026-01-22,35,1,activo
listas/L02_titulo_arriba_5.xlsx,Marcos Blanco Torres,673458825,marcos.blanco45@outlook.es,2026-06-08,65,0,activo
listas/L02_titulo_arriba_5.xlsx,Diego Castro Álvarez,751860850,diego.castro23@hotmail.com,2026-08-04,45,1,activo
listas/L02_titulo_arriba_5.xlsx,Andrea Hernández Hernández,785866962,,2026-06-06,55,0,activo
listas/L02_titulo_arriba_5.xlsx,Marta Fernández Jiménez,723539224,marta.fernandez17@gmail.com,2026-03-13,40,0,activo
listas/L02_titulo_arriba_5.xlsx,Javier Hernández Ramírez,643241923,javier.hernandez69@outlook.es,2026-01-15,55,0,activo
listas/L02_titulo_arriba_5.xlsx,Raúl Álvarez Martín,648699199,raul.alvarez75@outlook.es,2026-08-10,35,1,activo
listas/L02_titulo_arriba_5.xlsx,Andrea Vázquez Ramírez,632642073,andrea.vazquez66@gmail.com,2026-01-25,35,1,activo
listas/L02_titulo_arriba_5.xlsx,Noelia Ramírez Ruiz,709497827,noelia.ramirez41@hotmail.com,2026-08-08,55,1,activo
listas/L02_titulo_arriba_5.xlsx,Íker Pérez Castro,704126484,iker.perez55@gmail.com,2026-03-05,35,0,activo
listas/L02_titulo_arriba_5.xlsx,Marcos Fernández Ramos,773999380,,2026-05-31,50,1,activo
listas/L02_titulo_arriba_5.xlsx,Daniel Romero Torres,623641503,daniel.romero69@outlook.es,2026-01-13,40,0,activo
listas/L03_csv_puntoycoma_5.csv,Claudia Díaz Muñoz,743564823,claudia.diaz17@gmail.com,2026-03-17,60,1,activo
listas/L03_csv_puntoycoma_5.csv,Cristina Hernández Fernández,703271450,cristina.hernandez72@outlook.es,2026-07-14,40,0,activo
listas/L03_csv_puntoycoma_5.csv,Martina Navarro Torres,748208251,,2026-06-18,45,0,activo
listas/L03_csv_puntoycoma_5.csv,Marcos Fernández Sánchez,608900860,marcos.fernandez29@gmail.com,2026-08-19,50,1,activo
listas/L03_csv_puntoycoma_5.csv,Sergio Sánchez Gil,683975113,sergio.sanchez26@yahoo.es,2026-02-19,40,1,activo
listas/L03_csv_puntoycoma_5.csv,Bruno Ruiz Álvarez,775283923,,2026-07-01,35,0,activo
listas/L03_csv_puntoycoma_5.csv,Andrea Alonso López,612506488,,2026-04-19,50,1,activo
listas/L03_csv_puntoycoma_5.csv,Adrián Moreno Sánchez,706987368,adrian.moreno4@yahoo.es,2026-07-23,50,0,activo
listas/L03_csv_puntoycoma_5.csv,Daniel Pérez Díaz,688405257,daniel.perez17@hotmail.com,2026-05-11,40,1,activo
listas/L03_csv_puntoycoma_5.csv,Carla Hernández Navarro,644044089,carla.hernandez30@gmail.com,2026-03-11,40,1,activo
listas/L03_csv_puntoycoma_5.csv,Íker Castro Martín,739999553,iker.castro74@outlook.es,2026-08-10,65,1,activo
listas/L03_csv_puntoycoma_5.csv,Carla García Hernández,688662704,carla.garcia22@hotmail.com,2026-07-12,55,1,activo
listas/L03_csv_puntoycoma_5.csv,Andrea Díaz Jiménez,684481450,andrea.diaz21@outlook.es,2026-01-15,60,1,activo
listas/L03_csv_puntoycoma_5.csv,Tomás Ramírez Romero,739942730,,2026-09-06,45,1,activo
listas/L03_csv_puntoycoma_5.csv,Sofía Blanco Jiménez,600792916,sofia.blanco61@outlook.es,2026-04-14,35,1,activo
listas/L03_csv_puntoycoma_5.csv,Martina Gutiérrez Domínguez,648411595,martina.gutierrez78@gmail.com,2026-02-27,40,1,activo
listas/L03_csv_puntoycoma_5.csv,Laura Gutiérrez Gil,745802385,laura.gutierrez24@hotmail.com,2026-03-24,50,1,activo
listas/L03_csv_puntoycoma_5.csv,Diego Romero Hernández,754823087,diego.romero66@outlook.es,2026-02-21,40,1,activo
listas/L03_csv_puntoycoma_5.csv,Adrián Ruiz Gil,679378526,adrian.ruiz36@gmail.com,2026-01-10,40,1,activo
listas/L03_csv_puntoycoma_5.csv,Sergio Fernández Hernández,661302778,sergio.fernandez94@gmail.com,2026-07-12,45,1,activo
listas/L03_csv_puntoycoma_5.csv,Bruno Martín Ramírez,744954042,bruno.martin79@outlook.es,2026-04-20,45,1,activo
listas/L03_csv_puntoycoma_5.csv,Elena Martínez Serrano,684353882,,2026-06-27,35,1,activo
listas/L03_csv_puntoycoma_5.csv,Íker Torres Moreno,756010531,iker.torres12@gmail.com,2026-07-31,35,0,activo
listas/L03_csv_puntoycoma_5.csv,Nerea Pérez Hernández,691831222,,2026-07-21,35,1,activo
listas/L03_csv_puntoycoma_5.csv,Irene Ruiz Romero,775508680,,2026-03-15,60,1,activo
listas/L03_csv_puntoycoma_5.csv,Víctor Domínguez Alonso,631534104,victor.dominguez70@yahoo.es,2026-05-14,60,0,activo
listas/L03_csv_puntoycoma_5.csv,Sara Gutiérrez Hernández,609330759,sara.gutierrez30@gmail.com,2026-08-05,50,1,activo
listas/L03_csv_puntoycoma_5.csv,Raúl Díaz Moreno,754359403,raul.diaz7@outlook.es,2026-02-14,65,1,activo
listas/L03_csv_puntoycoma_5.csv,Pablo Vázquez Romero,735483421,pablo.vazquez73@gmail.com,2026-07-19,40,1,activo
listas/L04_csv_ingles_5.csv,Tomás Jiménez Castro,781046253,tomas.jimenez64@gmail.com,2026-05-01,60,1,activo
listas/L04_csv_ingles_5.csv,Adrián Molina Hernández,651896659,adrian.molina70@outlook.es,2026-07-31,35,1,activo
listas/L04_csv_ingles_5.csv,Pablo Blanco Pérez,665158992,pablo.blanco7@gmail.com,2026-07-03,65,0,activo
listas/L04_csv_ingles_5.csv,Diego Alonso Domínguez,635081924,diego.alonso44@gmail.com,2026-07-26,45,1,activo
listas/L04_csv_ingles_5.csv,Diego Molina García,782292299,diego.molina17@gmail.com,2026-01-22,60,1,activo
listas/L04_csv_ingles_5.csv,Alba Domínguez Martín,751530761,alba.dominguez15@yahoo.es,2026-09-07,40,1,activo
listas/L04_csv_ingles_5.csv,Raúl García Serrano,792821698,raul.garcia22@hotmail.com,2026-06-10,55,0,activo
listas/L04_csv_ingles_5.csv,Cristina Sánchez García,768048293,,2026-05-02,45,0,activo
listas/L04_csv_ingles_5.csv,Noelia Castro Martín,788762898,noelia.castro31@gmail.com,2026-05-11,65,1,activo
listas/L04_csv_ingles_5.csv,Lucía Ramos Castro,742218259,lucia.ramos40@outlook.es,2026-07-05,55,1,activo
listas/L04_csv_ingles_5.csv,Laura Molina Serrano,760422889,,2026-08-23,45,0,activo
listas/L04_csv_ingles_5.csv,Carla Díaz Domínguez,629414984,carla.diaz80@gmail.com,2026-02-20,60,0,activo
listas/L04_csv_ingles_5.csv,Íker Blanco Hernández,749887392,iker.blanco18@hotmail.com,2026-07-20,55,1,activo
listas/L04_csv_ingles_5.csv,Cristina Gutiérrez Díaz,785303135,,2026-01-01,50,1,activo
listas/L04_csv_ingles_5.csv,Álvaro Ramírez Martínez,689682074,alvaro.ramirez41@outlook.es,2026-09-01,50,1,activo
listas/L04_csv_ingles_5.csv,Martina Ortiz Castro,771892444,martina.ortiz5@gmail.com,2026-02-21,40,1,activo
listas/L04_csv_ingles_5.csv,Elena Domínguez Jiménez,621291891,elena.dominguez76@gmail.com,2026-01-26,35,1,activo
listas/L04_csv_ingles_5.csv,Mario Díaz Ruiz,626146644,,2026-01-17,65,1,activo
listas/L04_csv_ingles_5.csv,Martina Álvarez Serrano,799894948,martina.alvarez59@yahoo.es,2026-03-08,60,1,activo
listas/L04_csv_ingles_5.csv,Marta Pérez Domínguez,739485329,marta.perez49@gmail.com,2026-05-08,35,1,activo
listas/L04_csv_ingles_5.csv,Paula Sánchez Serrano,662341345,paula.sanchez3@yahoo.es,2026-07-28,50,1,activo
listas/L04_csv_ingles_5.csv,Raquel Serrano Castro,715175837,raquel.serrano64@outlook.es,2026-01-21,45,0,activo
listas/L04_csv_ingles_5.csv,Tomás Martín Muñoz,667517387,tomas.martin77@gmail.com,2026-04-16,45,0,activo
listas/L04_csv_ingles_5.csv,Martina Ortiz Martín,765617300,martina.ortiz42@yahoo.es,2026-02-02,35,0,activo
listas/L04_csv_ingles_5.csv,Rubén Álvarez Molina,751260000,,2026-07-19,50,1,activo
listas/L04_csv_ingles_5.csv,Gonzalo Ramos García,672206413,,2026-03-26,65,1,activo
listas/L04_csv_ingles_5.csv,Raúl Romero Gutiérrez,619803722,raul.romero24@outlook.es,2026-05-31,35,1,activo
listas/L04_csv_ingles_5.csv,Martina Vázquez Alonso,788691186,martina.vazquez95@gmail.com,2026-09-04,45,0,activo
listas/L05_sucio_5.xlsx,Daniel Fernández Gómez,611544368,daniel.fernandez26@gmail.com,2026-06-19,40,1,activo
listas/L05_sucio_5.xlsx,Beatriz Jiménez Torres,723849961,beatriz.jimenez80@hotmail.com,2026-07-26,50,1,activo
listas/L05_sucio_5.xlsx,Claudia Castro Torres,733858138,claudia.castro93@hotmail.com,2026-08-10,35,0,activo
listas/L05_sucio_5.xlsx,Sara Alonso Díaz,618757173,sara.alonso22@hotmail.com,2026-05-13,50,0,activo
listas/L05_sucio_5.xlsx,Jorge Gómez García,625566425,jorge.gomez76@gmail.com,2026-06-11,35,0,activo
listas/L05_sucio_5.xlsx,Beatriz Díaz Ruiz,786010250,beatriz.diaz27@hotmail.com,2026-03-24,65,1,activo
listas/L05_sucio_5.xlsx,Laura Romero Álvarez,655654350,,2026-04-18,50,1,activo
listas/L05_sucio_5.xlsx,Beatriz Fernández Castro,778127807,beatriz.fernandez12@outlook.es,2026-07-12,45,1,activo
listas/L05_sucio_5.xlsx,Rubén Serrano Domínguez,747757124,ruben.serrano67@hotmail.com,2026-05-14,60,0,activo
listas/L05_sucio_5.xlsx,Pablo Sánchez Díaz,737204185,,2026-03-02,45,0,activo
listas/L05_sucio_5.xlsx,Hugo Blanco Sánchez,785331986,hugo.blanco37@outlook.es,2026-03-31,35,1,activo
listas/L05_sucio_5.xlsx,Claudia Pérez Ortiz,649240256,,2026-02-12,40,1,activo
listas/L05_sucio_5.xlsx,Paula Álvarez Jiménez,781180819,paula.alvarez59@outlook.es,2026-08-22,50,1,activo
listas/L05_sucio_5.xlsx,Sara Ramírez Alonso,774756535,sara.ramirez93@gmail.com,2026-07-10,55,0,activo
listas/L05_sucio_5.xlsx,Mario López Gil,644240227,mario.lopez68@hotmail.com,2026-02-13,65,1,activo
listas/L05_sucio_5.xlsx,Martina Ruiz Fernández,666578739,martina.ruiz80@outlook.es,2026-05-02,60,1,activo
listas/L05_sucio_5.xlsx,Sofía Díaz López,664727072,sofia.diaz39@hotmail.com,2026-09-03,55,1,activo
listas/L08_activos_y_bajas_5.xlsx,Cristina Jiménez Gil,645123138,,2026-08-30,55,1,activo
listas/L08_activos_y_bajas_5.xlsx,Íker Díaz Moreno,622351793,,2026-03-22,65,0,activo
listas/L08_activos_y_bajas_5.xlsx,Martina Álvarez Navarro,679648586,,2026-08-17,50,1,activo
listas/L08_activos_y_bajas_5.xlsx,Nerea Alonso Molina,644549347,,2026-04-14,65,1,activo
listas/L08_activos_y_bajas_5.xlsx,Sergio Fernández Martín,704088112,sergio.fernandez7@hotmail.com,2026-08-01,65,1,activo
listas/L08_activos_y_bajas_5.xlsx,Raúl Ruiz Martín,665695268,,2026-04-10,55,1,activo
listas/L08_activos_y_bajas_5.xlsx,Elena Blanco Díaz,708470319,,2026-04-17,60,1,activo
listas/L08_activos_y_bajas_5.xlsx,Pablo Gutiérrez Navarro,780155863,pablo.gutierrez58@hotmail.com,2026-07-13,45,1,activo
listas/L08_activos_y_bajas_5.xlsx,Bruno Pérez Ortiz,683202762,bruno.perez10@hotmail.com,2026-09-02,40,1,activo
listas/L08_activos_y_bajas_5.xlsx,Víctor Gutiérrez Martín,729916957,victor.gutierrez61@yahoo.es,2026-05-28,60,0,activo
listas/L08_activos_y_bajas_5.xlsx,Diego Álvarez Molina,609208528,,2026-01-24,60,1,activo
listas/L08_activos_y_bajas_5.xlsx,Iván Díaz Torres,717807730,ivan.diaz7@outlook.es,2026-02-16,45,1,activo
listas/L08_activos_y_bajas_5.xlsx,Jorge Pérez Ramírez,754311625,jorge.perez19@hotmail.com,2026-08-17,45,1,activo
listas/L08_activos_y_bajas_5.xlsx,Daniel Fernández Ramírez,636205083,daniel.fernandez49@yahoo.es,2026-02-01,60,0,activo
listas/L08_activos_y_bajas_5.xlsx,Nuria Ramírez López,692283861,nuria.ramirez94@yahoo.es,2026-01-06,60,1,activo
listas/L08_activos_y_bajas_5.xlsx,Inés Martínez Sánchez,628321877,ines.martinez59@outlook.es,2026-08-03,45,0,activo
listas/L08_activos_y_bajas_5.xlsx,Nerea Pérez Álvarez,772984163,,2026-06-22,65,1,activo
listas/L08_activos_y_bajas_5.xlsx,Claudia Sánchez Torres,651082820,,2026-03-06,65,0,baja
listas/L08_activos_y_bajas_5.xlsx,Gonzalo Moreno Gil,756846368,,2026-02-04,50,0,baja
listas/L08_activos_y_bajas_5.xlsx,Paula Jiménez Jiménez,758500407,,2026-01-14,45,0,baja
listas/L08_activos_y_bajas_5.xlsx,Paula Domínguez Hernández,691489692,,2026-06-10,35,0,baja
listas/L09_cabecera_doble_5.xlsx,Iván Álvarez Ramírez,697957687,ivan.alvarez79@outlook.es,2026-08-24,50,1,activo
listas/L09_cabecera_doble_5.xlsx,Raquel López Serrano,791098423,raquel.lopez61@yahoo.es,2026-07-29,65,0,activo
listas/L09_cabecera_doble_5.xlsx,Andrea Torres Castro,681638389,andrea.torres12@yahoo.es,2026-03-17,40,1,activo
listas/L09_cabecera_doble_5.xlsx,Rubén Álvarez Fernández,774711303,ruben.alvarez54@gmail.com,2026-08-22,60,1,activo
listas/L09_cabecera_doble_5.xlsx,Marcos Ortiz Ruiz,705959193,,2026-08-29,45,1,activo
listas/L09_cabecera_doble_5.xlsx,Marcos López Martín,696616146,marcos.lopez43@outlook.es,2026-07-20,65,1,activo
listas/L09_cabecera_doble_5.xlsx,Tomás Gil Gutiérrez,706068411,tomas.gil31@yahoo.es,2026-06-25,45,0,activo
listas/L09_cabecera_doble_5.xlsx,Laura Fernández Álvarez,796659521,laura.fernandez91@gmail.com,2026-02-20,45,1,activo
listas/L09_cabecera_doble_5.xlsx,Óscar Pérez Ortiz,628353739,oscar.perez46@gmail.com,2026-07-07,40,0,activo
listas/L09_cabecera_doble_5.xlsx,Inés Fernández Navarro,795528461,ines.fernandez26@hotmail.com,2026-09-04,55,1,activo
listas/L09_cabecera_doble_5.xlsx,Inés Martín Martínez,717825362,ines.martin11@hotmail.com,2026-07-29,65,1,activo
listas/L09_cabecera_doble_5.xlsx,Raquel Navarro Jiménez,711016422,raquel.navarro92@hotmail.com,2026-04-04,45,0,activo
listas/L09_cabecera_doble_5.xlsx,Bruno Pérez López,757523299,,2026-07-25,55,0,activo
listas/L09_cabecera_doble_5.xlsx,Martina Blanco Molina,698721524,martina.blanco98@outlook.es,2026-03-30,65,1,activo
listas/L09_cabecera_doble_5.xlsx,Raúl Pérez Pérez,626997587,,2026-06-23,50,1,activo
listas/L09_cabecera_doble_5.xlsx,Carla Martínez Muñoz,704809933,,2026-05-09,40,1,activo
listas/L09_cabecera_doble_5.xlsx,Paula Díaz Sánchez,637740058,paula.diaz78@outlook.es,2026-08-04,45,0,activo
listas/L09_cabecera_doble_5.xlsx,Elena López Díaz,748508250,elena.lopez13@yahoo.es,2026-02-09,50,1,activo
listas/L09_cabecera_doble_5.xlsx,Laura Pérez Jiménez,749493768,laura.perez32@gmail.com,2026-07-04,45,0,activo
listas/L09_cabecera_doble_5.xlsx,Gonzalo Martín Blanco,775481117,,2026-08-14,55,1,activo
listas/L09_cabecera_doble_5.xlsx,Marcos Ramírez Torres,786135971,marcos.ramirez50@yahoo.es,2026-09-04,55,1,activo
listas/L10_csv_tabulador_5.csv,Daniel Molina Hernández,718074965,daniel.molina23@gmail.com,2026-08-20,65,1,activo
listas/L10_csv_tabulador_5.csv,Irene Fernández Vázquez,628730831,irene.fernandez40@outlook.es,2026-05-20,60,1,activo
listas/L10_csv_tabulador_5.csv,Bruno Ortiz Serrano,623607750,bruno.ortiz66@hotmail.com,2026-06-08,35,1,activo
listas/L10_csv_tabulador_5.csv,Javier Martín Serrano,761990738,javier.martin2@gmail.com,2026-07-26,55,0,activo
listas/L10_csv_tabulador_5.csv,Alba Pérez Muñoz,693870245,alba.perez52@hotmail.com,2026-08-15,40,0,activo
listas/L10_csv_tabulador_5.csv,Inés García Gil,742521831,ines.garcia5@outlook.es,2026-05-27,65,0,activo
listas/L10_csv_tabulador_5.csv,Noelia Díaz Ruiz,776349534,noelia.diaz82@gmail.com,2026-04-02,65,1,activo
listas/L10_csv_tabulador_5.csv,Sergio Molina Ortiz,655839633,sergio.molina94@hotmail.com,2026-09-04,35,1,activo
listas/L10_csv_tabulador_5.csv,Inés Blanco Blanco,718634832,ines.blanco36@outlook.es,2026-08-04,35,1,activo
listas/L10_csv_tabulador_5.csv,Gonzalo Jiménez Moreno,696480846,gonzalo.jimenez38@hotmail.com,2026-03-24,35,1,activo
listas/L10_csv_tabulador_5.csv,Lucía Martín Serrano,724490765,lucia.martin12@hotmail.com,2026-02-22,40,1,activo
listas/L10_csv_tabulador_5.csv,Laura Pérez Molina,716459444,laura.perez21@gmail.com,2026-06-25,60,0,activo
listas/L10_csv_tabulador_5.csv,Lucía Martínez Pérez,603364191,lucia.martinez51@yahoo.es,2026-02-02,60,1,activo
listas/L10_csv_tabulador_5.csv,Irene Fernández Blanco,674124262,irene.fernandez8@yahoo.es,2026-08-09,35,1,activo
listas/L10_csv_tabulador_5.csv,Javier García López,658894257,javier.garcia40@gmail.com,2026-02-22,60,1,activo
listas/L10_csv_tabulador_5.csv,Nerea Alonso Alonso,761428525,nerea.alonso82@yahoo.es,2026-01-04,65,1,activo
listas/L10_csv_tabulador_5.csv,Irene Martín Torres,696160192,irene.martin96@outlook.es,2026-04-06,45,1,activo
listas/L01_socios_limpio_6.xlsx,Beatriz Martínez Ramos,632779709,beatriz.martinez40@gmail.com,2026-01-01,35,1,activo
listas/L01_socios_limpio_6.xlsx,Elena Navarro Ramos,796047315,,2026-05-24,55,0,activo
listas/L01_socios_limpio_6.xlsx,Hugo Domínguez Muñoz,678720476,hugo.dominguez49@yahoo.es,2026-08-28,40,1,activo
listas/L01_socios_limpio_6.xlsx,Marcos Molina Navarro,698905436,marcos.molina44@outlook.es,2026-03-13,55,1,activo
listas/L01_socios_limpio_6.xlsx,Hugo Castro Ortiz,631688230,,2026-04-13,60,1,activo
listas/L01_socios_limpio_6.xlsx,Andrea Martín García,683416332,andrea.martin86@outlook.es,2026-07-23,40,1,activo
listas/L01_socios_limpio_6.xlsx,Cristina Alonso Gil,781170543,cristina.alonso30@outlook.es,2026-06-06,40,1,activo
listas/L01_socios_limpio_6.xlsx,Daniel Gil Gil,690986370,daniel.gil45@gmail.com,2026-05-24,55,1,activo
listas/L01_socios_limpio_6.xlsx,Rubén Gil Ortiz,757234000,ruben.gil69@outlook.es,2026-01-08,40,1,activo
listas/L01_socios_limpio_6.xlsx,Paula López Castro,636835281,paula.lopez26@yahoo.es,2026-04-25,35,0,activo
listas/L01_socios_limpio_6.xlsx,Íker Gómez Gutiérrez,755515860,iker.gomez69@gmail.com,2026-04-28,50,1,activo
listas/L01_socios_limpio_6.xlsx,Martina Ramírez Álvarez,619963050,,2026-03-17,60,0,activo
listas/L01_socios_limpio_6.xlsx,Paula Vázquez Castro,792294244,paula.vazquez54@yahoo.es,2026-06-14,60,1,activo
listas/L01_socios_limpio_6.xlsx,Raquel Fernández Jiménez,743898459,raquel.fernandez98@hotmail.com,2026-07-24,45,1,activo
listas/L01_socios_limpio_6.xlsx,Javier Molina Moreno,628998110,,2026-01-20,65,1,activo
listas/L02_titulo_arriba_6.xlsx,Raúl Alonso Fernández,636608754,raul.alonso49@outlook.es,2026-04-08,60,1,activo
listas/L02_titulo_arriba_6.xlsx,Marta Gutiérrez Fernández,665238517,marta.gutierrez11@gmail.com,2026-04-30,40,1,activo
listas/L02_titulo_arriba_6.xlsx,Gonzalo Navarro Álvarez,779368161,gonzalo.navarro31@outlook.es,2026-01-25,55,1,activo
listas/L02_titulo_arriba_6.xlsx,Beatriz Martínez García,743761624,beatriz.martinez10@gmail.com,2026-02-10,60,1,activo
listas/L02_titulo_arriba_6.xlsx,Alba Gil Ramírez,622308278,,2026-04-21,55,0,activo
listas/L02_titulo_arriba_6.xlsx,Nerea Martínez Gutiérrez,669902225,nerea.martinez87@outlook.es,2026-07-10,55,1,activo
listas/L02_titulo_arriba_6.xlsx,Rubén Vázquez Torres,615240700,ruben.vazquez88@hotmail.com,2026-07-12,40,1,activo
listas/L02_titulo_arriba_6.xlsx,Laura Muñoz Navarro,650336555,,2026-05-06,60,0,activo
listas/L02_titulo_arriba_6.xlsx,Marta Álvarez Martínez,779325573,,2026-08-30,40,1,activo
listas/L02_titulo_arriba_6.xlsx,Alba Muñoz Romero,741819315,alba.munoz6@hotmail.com,2026-05-18,50,1,activo
listas/L02_titulo_arriba_6.xlsx,Elena Gutiérrez Alonso,615325518,elena.gutierrez11@outlook.es,2026-05-25,65,1,activo
listas/L02_titulo_arriba_6.xlsx,Andrea Martínez Ruiz,753801737,andrea.martinez71@outlook.es,2026-05-07,55,0,activo
listas/L02_titulo_arriba_6.xlsx,Noelia Vázquez Domínguez,600749015,noelia.vazquez62@gmail.com,2026-03-02,45,1,activo
listas/L03_csv_puntoycoma_6.csv,Adrián Sánchez Gómez,758788212,adrian.sanchez50@gmail.com,2026-07-29,40,1,activo
listas/L03_csv_puntoycoma_6.csv,Alba Torres Hernández,723845123,,2026-05-20,40,1,activo
listas/L03_csv_puntoycoma_6.csv,Mario Gil Muñoz,658242978,mario.gil52@hotmail.com,2026-04-13,55,1,activo
listas/L03_csv_puntoycoma_6.csv,Inés Pérez García,697196841,,2026-02-11,40,0,activo
listas/L03_csv_puntoycoma_6.csv,Nuria Muñoz López,796703938,nuria.munoz46@gmail.com,2026-07-26,55,1,activo
listas/L03_csv_puntoycoma_6.csv,Daniel Martín Martínez,690167834,daniel.martin61@outlook.es,2026-01-11,35,0,activo
listas/L03_csv_puntoycoma_6.csv,Víctor Martínez Ramos,698744218,victor.martinez30@yahoo.es,2026-08-03,45,1,activo
listas/L03_csv_puntoycoma_6.csv,Nerea Moreno Alonso,605166729,nerea.moreno88@gmail.com,2026-08-10,35,1,activo
listas/L03_csv_puntoycoma_6.csv,Sergio Serrano Molina,682191618,sergio.serrano1@gmail.com,2026-08-22,35,0,activo
listas/L03_csv_puntoycoma_6.csv,Claudia Torres Molina,787286555,,2026-01-07,45,1,activo
listas/L03_csv_puntoycoma_6.csv,Óscar Fernández Ramos,688877262,oscar.fernandez83@outlook.es,2026-02-08,55,1,activo
listas/L03_csv_puntoycoma_6.csv,Noelia Muñoz Romero,619005988,noelia.munoz20@outlook.es,2026-07-13,50,1,activo
listas/L03_csv_puntoycoma_6.csv,Daniel Ramos Gómez,689885552,daniel.ramos94@hotmail.com,2026-04-20,40,1,activo
listas/L03_csv_puntoycoma_6.csv,Marcos Domínguez Moreno,680090718,marcos.dominguez25@outlook.es,2026-05-16,50,1,activo
listas/L03_csv_puntoycoma_6.csv,Andrea Fernández Gómez,636662587,,2026-09-04,45,1,activo
listas/L03_csv_puntoycoma_6.csv,Sara Fernández Alonso,790631767,,2026-08-13,35,1,activo
listas/L03_csv_puntoycoma_6.csv,Hugo Serrano Gutiérrez,616582837,hugo.serrano82@hotmail.com,2026-06-16,65,1,activo
listas/L03_csv_puntoycoma_6.csv,Hugo Romero García,609300131,hugo.romero44@outlook.es,2026-05-23,60,1,activo
listas/L04_csv_ingles_6.csv,Daniel Navarro García,615638058,,2026-07-08,65,1,activo
listas/L04_csv_ingles_6.csv,Óscar Ramos Gómez,707192977,oscar.ramos18@yahoo.es,2026-08-25,55,1,activo
listas/L04_csv_ingles_6.csv,Carla Romero Hernández,727794070,carla.romero98@outlook.es,2026-02-04,65,1,activo
listas/L04_csv_ingles_6.csv,Nerea Fernández Pérez,792159551,nerea.fernandez4@gmail.com,2026-04-09,35,0,activo
listas/L04_csv_ingles_6.csv,Daniel Ramos Muñoz,635182809,,2026-05-31,55,1,activo
listas/L04_csv_ingles_6.csv,Pablo Vázquez Serrano,730530298,pablo.vazquez55@outlook.es,2026-02-11,60,0,activo
listas/L04_csv_ingles_6.csv,Javier Vázquez Blanco,756318966,javier.vazquez94@yahoo.es,2026-02-04,45,0,activo
listas/L04_csv_ingles_6.csv,Raúl Moreno Ruiz,764665764,raul.moreno74@outlook.es,2026-07-11,45,1,activo
listas/L04_csv_ingles_6.csv,Mario Gil Serrano,794483976,mario.gil16@gmail.com,2026-02-17,45,1,activo
listas/L04_csv_ingles_6.csv,Sergio Domínguez Gil,788858403,sergio.dominguez62@hotmail.com,2026-07-25,50,1,activo
listas/L04_csv_ingles_6.csv,Raúl Gómez Blanco,631886504,raul.gomez5@yahoo.es,2026-01-08,65,1,activo
listas/L04_csv_ingles_6.csv,Víctor Moreno Ortiz,660129819,,2026-03-27,35,1,activo
listas/L04_csv_ingles_6.csv,Marcos Ortiz Muñoz,759756662,marcos.ortiz7@gmail.com,2026-03-26,45,0,activo
listas/L04_csv_ingles_6.csv,Paula Pérez Fernández,677601027,paula.perez27@outlook.es,2026-02-17,35,0,activo
listas/L04_csv_ingles_6.csv,Paula Blanco Torres,664679405,paula.blanco34@gmail.com,2026-06-11,35,0,activo
listas/L04_csv_ingles_6.csv,Diego Ramos Ramos,711090903,diego.ramos92@outlook.es,2026-04-05,60,1,activo
listas/L04_csv_ingles_6.csv,Noelia Gil Hernández,626390748,noelia.gil59@yahoo.es,2026-04-03,55,1,activo
listas/L05_sucio_6.xlsx,Hugo Torres Jiménez,633377797,hugo.torres18@gmail.com,2026-05-22,65,1,activo
listas/L05_sucio_6.xlsx,Elena Pérez Torres,611731607,elena.perez59@hotmail.com,2026-05-11,50,1,activo
listas/L05_sucio_6.xlsx,Íker Gómez Díaz,740896386,iker.gomez62@gmail.com,2026-01-18,35,1,activo
listas/L05_sucio_6.xlsx,Sara Castro Ortiz,778727805,,2026-07-03,45,1,activo
listas/L05_sucio_6.xlsx,Marcos Ortiz Castro,776151125,marcos.ortiz86@hotmail.com,2026-03-09,45,1,activo
listas/L05_sucio_6.xlsx,Paula Serrano Ramos,746738998,paula.serrano82@hotmail.com,2026-04-01,55,1,activo
listas/L05_sucio_6.xlsx,Claudia Castro Navarro,757196717,claudia.castro67@outlook.es,2026-01-26,40,0,activo
listas/L05_sucio_6.xlsx,Marcos Fernández Gutiérrez,607913159,marcos.fernandez98@hotmail.com,2026-01-25,50,1,activo
listas/L05_sucio_6.xlsx,Óscar Sánchez Romero,686365146,,2026-05-28,40,1,activo
listas/L05_sucio_6.xlsx,Mario Sánchez Castro,703989728,mario.sanchez41@gmail.com,2026-06-26,65,0,activo
listas/L05_sucio_6.xlsx,Sergio García Gil,724791139,sergio.garcia26@yahoo.es,2026-01-06,60,1,activo
listas/L05_sucio_6.xlsx,Elena Muñoz García,698871301,elena.munoz62@yahoo.es,2026-05-30,55,1,activo
listas/L05_sucio_6.xlsx,Beatriz Fernández Ramos,733300183,,2026-05-09,55,1,activo
listas/L05_sucio_6.xlsx,Marta Sánchez Gómez,778014341,marta.sanchez2@outlook.es,2026-08-30,60,1,activo
listas/L05_sucio_6.xlsx,Gonzalo Martín Torres,726975931,gonzalo.martin7@yahoo.es,2026-01-25,45,0,activo
listas/L05_sucio_6.xlsx,Raúl Álvarez Ortiz,662869732,raul.alvarez89@outlook.es,2026-02-03,35,1,activo
listas/L05_sucio_6.xlsx,Álvaro Gil Ramírez,754631966,alvaro.gil72@yahoo.es,2026-05-05,40,1,activo
listas/L05_sucio_6.xlsx,Irene Ortiz Hernández,780964724,,2026-03-20,45,1,activo
listas/L05_sucio_6.xlsx,Elena Ortiz Martínez,602429190,elena.ortiz21@gmail.com,2026-05-09,45,1,activo
listas/L05_sucio_6.xlsx,Sergio García Romero,703119095,sergio.garcia47@hotmail.com,2026-05-02,50,1,activo
listas/L05_sucio_6.xlsx,Noelia Martínez Ramírez,618660562,noelia.martinez57@gmail.com,2026-01-27,35,1,activo
listas/L05_sucio_6.xlsx,Raúl López López,607032437,raul.lopez41@yahoo.es,2026-04-19,55,0,activo
listas/L05_sucio_6.xlsx,Inés Molina Castro,765494856,ines.molina87@gmail.com,2026-04-06,60,1,activo
listas/L05_sucio_6.xlsx,Bruno Serrano López,723659166,bruno.serrano15@hotmail.com,2026-06-15,60,1,activo
listas/L05_sucio_6.xlsx,Víctor Ramos Gómez,677403915,victor.ramos31@gmail.com,2026-08-21,35,0,activo
listas/L05_sucio_6.xlsx,Gonzalo Pérez Ramírez,701635104,gonzalo.perez71@yahoo.es,2026-03-26,55,1,activo
listas/L08_activos_y_bajas_6.xlsx,Sofía Ruiz Gutiérrez,663005104,sofia.ruiz27@gmail.com,2026-08-11,50,1,activo
listas/L08_activos_y_bajas_6.xlsx,Elena Martínez Vázquez,651868717,elena.martinez79@yahoo.es,2026-04-19,60,1,activo
listas/L08_activos_y_bajas_6.xlsx,Óscar Jiménez Ruiz,685363145,oscar.jimenez29@gmail.com,2026-03-20,50,1,activo
listas/L08_activos_y_bajas_6.xlsx,Elena Ortiz Pérez,687942102,elena.ortiz20@gmail.com,2026-04-04,55,0,activo
listas/L08_activos_y_bajas_6.xlsx,Inés Sánchez Martín,643310145,,2026-07-09,35,1,activo
listas/L08_activos_y_bajas_6.xlsx,Sara Ortiz Álvarez,735806875,sara.ortiz93@hotmail.com,2026-02-10,35,1,activo
listas/L08_activos_y_bajas_6.xlsx,Laura Sánchez Molina,685509487,laura.sanchez15@yahoo.es,2026-05-19,50,1,activo
listas/L08_activos_y_bajas_6.xlsx,Íker Sánchez Sánchez,755349633,iker.sanchez14@outlook.es,2026-06-01,60,0,activo
listas/L08_activos_y_bajas_6.xlsx,Alba Hernández Fernández,630158507,alba.hernandez23@yahoo.es,2026-06-29,60,0,activo
listas/L08_activos_y_bajas_6.xlsx,Gonzalo Pérez Castro,644125122,gonzalo.perez66@gmail.com,2026-09-05,50,0,activo
listas/L08_activos_y_bajas_6.xlsx,Adrián Navarro Serrano,693180025,adrian.navarro60@hotmail.com,2026-02-16,35,1,activo
listas/L08_activos_y_bajas_6.xlsx,Sofía Romero Gutiérrez,663239731,,2026-01-10,35,0,activo
listas/L08_activos_y_bajas_6.xlsx,Claudia Ramírez Jiménez,765861297,claudia.ramirez26@hotmail.com,2026-09-03,50,1,activo
listas/L08_activos_y_bajas_6.xlsx,Alba Gil García,710795401,alba.gil54@gmail.com,2026-01-22,50,1,activo
listas/L08_activos_y_bajas_6.xlsx,Claudia Ramírez López,704800244,claudia.ramirez13@yahoo.es,2026-05-30,40,1,activo
listas/L08_activos_y_bajas_6.xlsx,Raúl Jiménez Moreno,793533702,raul.jimenez5@outlook.es,2026-07-16,35,1,activo
listas/L08_activos_y_bajas_6.xlsx,Raquel Vázquez Ramos,606849775,,2026-01-05,35,0,baja
listas/L08_activos_y_bajas_6.xlsx,Paula Ortiz Ruiz,660534410,,2026-01-08,45,0,baja
listas/L08_activos_y_bajas_6.xlsx,Nerea Martínez Domínguez,665492976,,2026-07-09,60,0,baja
listas/L08_activos_y_bajas_6.xlsx,Carla Vázquez Díaz,774253096,,2026-04-05,55,0,baja
listas/L09_cabecera_doble_6.xlsx,Javier Jiménez Moreno,791791822,,2026-05-10,55,1,activo
listas/L09_cabecera_doble_6.xlsx,Gonzalo Gómez Sánchez,720911470,gonzalo.gomez43@hotmail.com,2026-05-07,35,1,activo
listas/L09_cabecera_doble_6.xlsx,Álvaro Jiménez Martín,770017817,,2026-07-16,45,1,activo
listas/L09_cabecera_doble_6.xlsx,Bruno Castro López,755476892,bruno.castro20@hotmail.com,2026-06-09,40,1,activo
listas/L09_cabecera_doble_6.xlsx,Mario Domínguez Moreno,605522804,mario.dominguez54@hotmail.com,2026-03-04,40,0,activo
listas/L09_cabecera_doble_6.xlsx,Marcos Martín Vázquez,665120991,marcos.martin40@hotmail.com,2026-08-29,65,1,activo
listas/L09_cabecera_doble_6.xlsx,Íker Ortiz Díaz,791465615,iker.ortiz5@gmail.com,2026-03-07,50,1,activo
listas/L09_cabecera_doble_6.xlsx,Tomás Gómez Ortiz,774870560,tomas.gomez5@outlook.es,2026-09-06,35,0,activo
listas/L09_cabecera_doble_6.xlsx,Iván Hernández Molina,722742877,ivan.hernandez94@yahoo.es,2026-02-12,55,1,activo
listas/L09_cabecera_doble_6.xlsx,Álvaro Fernández Muñoz,709733289,alvaro.fernandez6@gmail.com,2026-05-31,50,1,activo
listas/L09_cabecera_doble_6.xlsx,Óscar Vázquez Ruiz,603789108,,2026-06-30,50,1,activo
listas/L09_cabecera_doble_6.xlsx,Marcos Ramos Vázquez,618558777,marcos.ramos6@yahoo.es,2026-02-27,35,1,activo
listas/L09_cabecera_doble_6.xlsx,Mario García Torres,656682770,mario.garcia79@yahoo.es,2026-07-08,35,0,activo
listas/L09_cabecera_doble_6.xlsx,Pablo Hernández Domínguez,701177416,,2026-03-12,40,1,activo
listas/L09_cabecera_doble_6.xlsx,Andrea Ramos Díaz,722572574,andrea.ramos30@gmail.com,2026-05-05,35,0,activo
listas/L09_cabecera_doble_6.xlsx,Sara Gutiérrez Navarro,721579361,sara.gutierrez6@gmail.com,2026-08-02,50,0,activo
listas/L09_cabecera_doble_6.xlsx,Laura Jiménez Sánchez,759150187,laura.jimenez28@yahoo.es,2026-06-12,35,1,activo
listas/L09_cabecera_doble_6.xlsx,Jorge Ruiz Alonso,690032846,,2026-07-05,45,1,activo
listas/L09_cabecera_doble_6.xlsx,Alba Muñoz Jiménez,648841877,alba.munoz29@hotmail.com,2026-07-06,35,1,activo
listas/L09_cabecera_doble_6.xlsx,Nerea Álvarez Pérez,633271617,nerea.alvarez25@outlook.es,2026-04-25,60,0,activo
listas/L09_cabecera_doble_6.xlsx,Tomás Álvarez Torres,740625448,,2026-07-25,50,0,activo
listas/L09_cabecera_doble_6.xlsx,Paula García Domínguez,693903783,paula.garcia3@outlook.es,2026-04-28,55,1,activo
listas/L10_csv_tabulador_6.csv,Sergio García Vázquez,734631608,sergio.garcia50@yahoo.es,2026-05-20,45,1,activo
listas/L10_csv_tabulador_6.csv,Beatriz Hernández Vázquez,732056103,,2026-03-25,45,1,activo
listas/L10_csv_tabulador_6.csv,Cristina Gómez Alonso,661786991,cristina.gomez89@hotmail.com,2026-03-08,40,1,activo
listas/L10_csv_tabulador_6.csv,Rubén Navarro Torres,773262974,ruben.navarro49@gmail.com,2026-03-18,60,0,activo
listas/L10_csv_tabulador_6.csv,Sara Castro Gómez,660015079,sara.castro33@yahoo.es,2026-04-09,65,0,activo
listas/L10_csv_tabulador_6.csv,Javier Fernández Jiménez,645163013,javier.fernandez57@hotmail.com,2026-05-31,55,1,activo
listas/L10_csv_tabulador_6.csv,Javier Muñoz Díaz,796819693,,2026-07-14,65,0,activo
listas/L10_csv_tabulador_6.csv,Mario Martínez Hernández,658759900,mario.martinez3@outlook.es,2026-05-11,45,1,activo
listas/L10_csv_tabulador_6.csv,Íker Ortiz Martín,624385977,iker.ortiz24@gmail.com,2026-08-25,40,0,activo
listas/L10_csv_tabulador_6.csv,Daniel Gómez García,794817458,,2026-01-09,60,1,activo
listas/L10_csv_tabulador_6.csv,Laura Martín Serrano,762351809,laura.martin55@yahoo.es,2026-02-25,50,0,activo
listas/L10_csv_tabulador_6.csv,Pablo Sánchez Ramírez,648433908,pablo.sanchez50@outlook.es,2026-07-06,55,0,activo
listas/L10_csv_tabulador_6.csv,Jorge Gutiérrez Martín,724683771,jorge.gutierrez80@yahoo.es,2026-03-18,65,0,activo
listas/L10_csv_tabulador_6.csv,Irene Sánchez Romero,725833508,irene.sanchez26@outlook.es,2026-04-14,40,0,activo
listas/L10_csv_tabulador_6.csv,Irene Álvarez Pérez,757546300,irene.alvarez49@gmail.com,2026-04-10,50,1,activo
listas/L10_csv_tabulador_6.csv,Daniel Martín Muñoz,672812041,daniel.martin72@hotmail.com,2026-08-20,65,0,activo
listas/L10_csv_tabulador_6.csv,Martina Ramos Gil,757026161,,2026-02-11,65,1,activo
listas/L10_csv_tabulador_6.csv,Marcos Sánchez Álvarez,796917365,marcos.sanchez72@outlook.es,2026-06-15,40,0,activo
listas/L10_csv_tabulador_6.csv,Raúl Romero Romero,727741757,raul.romero25@outlook.es,2026-01-24,60,0,activo
listas/L10_csv_tabulador_6.csv,Adrián Alonso Molina,697020909,adrian.alonso85@yahoo.es,2026-01-15,40,1,activo
listas/L10_csv_tabulador_6.csv,Íker Ramos Muñoz,738247114,iker.ramos6@yahoo.es,2026-01-16,55,0,activo
listas/L10_csv_tabulador_6.csv,Andrea Molina Fernández,736382507,andrea.molina4@gmail.com,2026-02-14,55,0,activo
listas/L10_csv_tabulador_6.csv,Daniel Castro Martínez,754898966,daniel.castro55@hotmail.com,2026-05-23,50,1,activo
listas/L10_csv_tabulador_6.csv,Alba Martínez Navarro,670074016,alba.martinez52@hotmail.com,2026-08-19,40,1,activo
listas/L10_csv_tabulador_6.csv,Hugo García Díaz,791031281,hugo.garcia70@gmail.com,2026-02-15,60,1,activo
listas/L10_csv_tabulador_6.csv,Mario Fernández Ruiz,742722079,mario.fernandez12@hotmail.com,2026-07-18,60,1,activo
listas/L10_csv_tabulador_6.csv,Carla Jiménez Moreno,635057788,,2026-04-07,50,0,activo
listas/L10_csv_tabulador_6.csv,Lucía Hernández Ramos,781002781,,2026-08-12,60,1,activo
